date,residual_momentum,short_term_reversal,low_risk,composite
2021-01-04,0.09373705929092652,0.21451630185652112,-0.06541200734749121,0.28102220360284874
2021-01-11,0.02228679165710529,0.12051219037596136,-0.014881635336364031,0.15728514813413627
2021-01-18,0.04148421295230515,0.05182864449156716,0.012192728782902493,-0.055240743642362845
2021-01-26,-0.03711974735266422,0.1618765393034856,0.16950403052213478,0.050628347676079585
2021-02-01,-0.07063025213163454,-0.13208005988538118,-0.10853166275906959,-0.11054435720145318
2021-02-08,0.07195745338500509,0.062015208624244166,-0.05854330247275284,0.09062756357670222
2021-02-17,0.01346429424408885,-0.13929295929821958,-0.04251107782354139,-0.1478325770241223
2021-02-22,-0.043785944329422594,0.032559904991809885,-0.0597165569884402,-0.046074879227053146
2021-03-01,0.13004028194321338,-0.005770936311934457,0.07657749500179248,0.04215791464844113
2021-03-08,-0.054273469818096116,0.3929663418899894,0.16981715707995973,0.3059340482141417
2021-03-15,0.044683702984172805,-0.13563892054500726,0.026446888378198922,-0.0891130557743474
2021-03-22,0.053464112280527665,-0.13170820955227955,0.01809281931093232,-0.10484126048908762
2021-03-29,-0.0460713789921878,0.06373909662161448,0.06158510326271543,0.0853684021972773
2021-04-05,-0.013849157065947996,0.14175087376388434,0.014313357409525536,0.07897206853484928
2021-04-12,0.09872168520124934,-0.18333653768629177,-0.09955880677041952,-0.14177401249077456
2021-04-19,-0.01046695267186618,0.02115909164163435,-0.026394624391544188,0.022328020625805696
2021-04-26,0.07844935909949854,0.004145669752724716,-0.017568570233634614,0.03995663893120825
2021-05-03,0.04883983420239958,-0.157986509267773,-0.09888351179362115,-0.1637981768683289
2021-05-10,0.11486386836412736,0.022785101128445902,-0.0034415728396000435,0.04233808986165711
2021-05-17,0.02187978862846843,-0.030668127053669225,0.046117185684415585,-0.019562952475088827
2021-05-24,0.03365271303388134,-0.024155157214222744,-0.060731375829739906,-0.061293511073117306
2021-05-31,0.006981755981489243,0.07745839232762537,-0.0003325944571598378,0.110976945475917
2021-06-07,0.016437540310573116,0.12874220543952924,0.004056436430133305,0.10197924176676233
2021-06-14,-0.027984216447481444,0.08318061603398073,-0.059706835431077354,0.008043704752491119
2021-06-21,-0.03392869288425176,0.19889028077470472,-0.11441527530829655,0.12266332614070874
2021-06-28,-0.1037732445994836,-0.08754511264875155,0.05175759562134446,-0.06533678205718742
2021-07-05,0.0498835844193322,-0.055200672197447884,-0.0225449925466592,-0.06585054742585836
2021-07-12,0.0059666644182048015,0.039581765900213346,0.02091948869777394,0.04595370360827399
2021-07-19,-0.04861977045128325,-0.08158309512996555,-0.010928866861372661,-0.10665989901958167
2021-07-26,0.09324654596239214,0.06943877852181728,-0.0398280061862477,0.06136380032924294
2021-08-02,0.011893268269260801,-0.12080680111504591,0.0075731335260390345,-0.06297903469832244
2021-08-09,0.1460664158142441,-0.0259144237405107,0.1567418311061418,0.09164366229583622
2021-08-16,0.056753045139718176,-0.05153762171568546,-0.07717203961405666,0.003355667503505301
2021-08-23,0.05485132553140674,0.16442187670099354,0.00790746133091123,0.14985974941896188
2021-08-30,0.04250493261672845,0.07721627467250688,-0.031020363745187924,0.14229592044944428
2021-09-06,0.06684081681394795,-0.07990382420772031,-0.10108807576522749,-0.0541204556932138
2021-09-13,-0.07359098228663448,-0.24381234632910925,0.05001999382469213,-0.1966759633733379
2021-09-20,-0.03977179598531507,0.02732322379115339,0.05142209241702564,-0.08577856965696672
2021-09-27,0.1175072554239421,-0.17479928267389494,0.013954878538963381,0.038102796128912576
2021-10-04,-0.04153931927643209,-0.014911986023021804,0.02681056821521118,-0.10940079608901239
2021-10-11,-0.07773066654086516,0.13606268474839764,0.03681355798807643,0.06730066701208755
2021-10-18,0.13763835288559143,0.030070871818589907,0.010580441554554974,0.13038238134751676
2021-10-25,-0.06950767704616287,-0.06694627734886331,0.017001087278898267,-0.15884914380359577
2021-11-01,-0.032825336484751055,-0.017531294131939,-0.007736850896685075,0.09807603727456332
2021-11-08,0.06777642555873364,0.07731207184570707,0.02734876843283058,0.053011275331762656
2021-11-16,0.0021940756228891983,-0.14814290734229038,-0.04022545973388643,-0.004631824217082563
2021-11-22,0.0280875451680456,0.011813912577049057,-0.0624487753483726,0.1078935368517052
2021-11-29,0.009954788255706398,0.09283458680307434,-0.015628896832678867,-0.05200661284883131
2021-12-06,0.003803365317799171,0.0469446483805895,-0.002205212438355518,0.029156783989196862
2021-12-13,0.05897918152932306,0.08537204786048391,-0.03272732675658228,0.12046445080343386
2021-12-20,-0.03613563197055958,0.2157407671061249,0.10987227412208399,0.1803798513625103
2021-12-27,0.02734327898077666,-0.04357278277113628,-0.031819756803351446,-0.005810476936555248
2022-01-03,0.08101665818251415,-0.045983192030816154,-0.001012836016170781,0.007055082486986109
2022-01-10,0.20736741130049102,-0.04555792025597472,0.0011797106000707722,-0.0032586879029902985
2022-01-17,0.010991155545311682,0.18919569987514093,-0.009929679011002212,0.18626840171986675
2022-01-24,0.007143159271941297,-0.029827651875833177,-0.013697688900721431,-0.0006210938176278112
2022-01-31,-0.06752974046947358,-0.09959363778850823,-0.027037087131781996,-0.040628624850677794
2022-02-07,0.11228616211374831,-0.025211492150736307,0.01327761275332479,0.08400528124996676
2022-02-14,-0.13379093920229324,-0.15254139011639745,0.0764580653605681,-0.1593854429430308
2022-02-21,0.24294124660843855,-0.030632117230197906,-0.07372491359722821,0.042842597685569875
2022-03-02,0.12085929503691438,-0.13694805194805196,-0.027114898247775892,-0.11942006269592477
2022-03-07,0.03486404067105028,0.22790789561300812,0.018605557233965633,0.22511556240369798
2022-03-14,-0.04008069879252948,0.25300369071272377,0.04327352733403306,0.17161615398609897
2022-03-21,0.0660534141613182,0.09852238760715638,-0.07610386349602453,0.16300912090168515
2022-03-28,0.0028438333341316686,0.011144458783588974,-0.004618448686409474,0.09970646719060697
2022-04-04,0.026625238005565672,0.033511253763707706,0.008483482109025386,0.03745109116397799
2022-04-11,0.00376101692876553,-0.05100956206975917,-0.0027315744267736443,-0.01066892641181763
2022-04-18,-0.06542387527871184,0.36881001152971643,0.013126412996066225,0.24755508128805476
2022-04-25,0.017588099971115923,0.099605954916304,0.06982630104461758,0.1634371431217013
2022-05-02,-0.003333230488685848,-0.1337194430771651,-0.07712265680893977,-0.06286694704245391
2022-05-09,0.08370600806129282,-0.019966422960067814,0.029697018701623504,-0.0427596126941503
2022-05-16,-0.13853019020260235,0.11203293014685152,0.02537761071969299,0.09859361717746765
2022-05-23,0.026581660753647905,0.14630998724371735,-0.039552155043082196,0.07606851155778788
2022-05-30,0.08964345677057091,0.13856266726673191,0.13911726076503061,0.15420845617062565
2022-06-06,-0.049274998430732526,-0.012509651794631014,0.001459925357591374,-0.047310102163647026
2022-06-13,-0.06915808329601433,0.03995035556189305,0.11481647596615462,0.029349387995360195
2022-06-20,0.004915254237288135,0.10681988407628758,-0.04748365159586295,0.12356997177446381
2022-06-27,-0.0378963170342708,-0.06013430559890059,0.04394589665767463,-0.07287034998899405
2022-07-04,-0.0545679573172145,-0.20674552549573633,0.03564395232899739,-0.21778325123152711
2022-07-11,-0.034425324597403224,-0.03749113479286705,-0.04232960586746251,-0.012089129517779088
2022-07-18,0.03828449372405021,0.08866365983562864,-0.026182063438606944,0.03700673523971984
2022-07-25,-0.02125827983335391,0.12454347837828243,0.05361475710958401,0.10167278661770707
2022-08-01,-0.024359863656441594,0.07549416527744703,0.12860787568478618,-0.013154536183828874
2022-08-08,-0.15301117053194954,0.0387430699269556,-0.0704409751374251,-0.024595599684906662
2022-08-15,0.08274208315232265,-0.04625404858797495,-0.032034684905335925,-0.08658349668113899
2022-08-22,-0.010740397506588959,-0.05408361971286642,0.007155448261535628,-0.07120481328626126
2022-08-29,0.15476114558395823,-0.10665344009078503,0.005533378383353743,0.04248302019025632
2022-09-05,-0.12737837933600257,0.07714963805461507,0.07468744722490635,-0.016349380697607323
2022-09-12,0.12780528756288081,-0.2386689630664878,0.13450209551951098,-0.15563746548523982
2022-09-19,0.0380498227690479,-0.041237174184647014,-0.07437132126270393,-0.01653212207828349
2022-09-26,0.07255573671386961,0.007968935197597492,0.03714885557214518,-0.0009977955679313147
2022-10-03,-0.04629551602640434,0.04400604795161639,-0.09349207151398271,-0.029469364245086043
2022-10-10,0.10138718890248878,0.2901281298420133,0.08183102446573967,0.24304106145185517
2022-10-17,0.01827825377396981,-0.05365870914872635,-0.0852719485869448,0.0724253165512248
2022-10-24,0.1664248531736283,0.006036666484619548,0.09308770249246429,0.1319638941883311
2022-10-31,0.08494374939160344,-0.06773317448286896,-0.06204692786997169,0.01932287365813377
2022-11-07,-0.054663287679034125,0.12622257053291538,0.14359886676776035,0.05851768920734438
2022-11-14,0.09586491642700531,-0.06420290203925214,-0.002605292091054827,-0.025566502463054187
2022-11-21,0.026158769681357483,-0.09098173013427252,0.009456488542970745,-0.117640325775919
2022-11-28,0.023064047036176843,-0.08705618486167269,0.012363779283401578,-0.09614494274514644
2022-12-05,-0.040004542855576364,-0.15994481994277332,0.050790778831706976,-0.11911288996107246
2022-12-12,0.0461217328644271,-0.11715672068487465,-0.03587252960164454,-0.0985956310261371
2022-12-19,-0.0038868828961487554,0.15447968368396292,0.06686702135210372,0.12095157159305414
2022-12-26,0.08400916954017451,-0.14656727214237225,0.06847872889259879,-0.10689063974880082
2023-01-02,-0.050091502764346665,-0.0910241042477154,0.0038759297926672905,-0.12828109649207298
2023-01-09,-0.025038853720480654,-0.04289279502102759,0.024016735810206004,-0.018920814222357002
2023-01-16,-0.017070998066790494,-0.1505518186421313,0.14313948008194594,-0.12328380273681816
2023-01-23,0.02814625031303577,0.1640780991294505,-0.060497831597325996,0.0748800832193562
2023-01-30,0.02080314553586115,-0.09358869925512835,0.07332529509338034,-0.11126667345484169
2023-02-06,0.14060796363005912,-0.08544243293447126,0.10677465976593037,0.02867407678526709
2023-02-13,0.031004318568850768,-0.0035382692936559526,-0.07921463165179912,0.010387855057721917
2023-02-22,-0.06947082506597829,-0.0031139850484414667,0.031205347231489832,-0.00716418485484772
2023-02-27,-0.1529952085033373,0.032607319698843715,-0.09044858127482246,0.010671018768438893
2023-03-06,0.04439562278994832,0.1465665194518851,0.03367236556064861,0.21133429581737911
2023-03-13,-0.0751765729666282,-0.011007241526394694,-0.007933151059759752,-0.020607937182522813
2023-03-20,-0.024054398640033996,0.040399308076476986,0.03200378848444917,0.09009977131524093
2023-03-27,-0.10706709054806218,-0.02420450055974045,-0.09961644827834351,-0.09208720433758243
2023-04-03,-0.07287462092430917,-0.19613309284333305,0.08462567467217191,-0.10421751360977878
2023-04-10,-0.01655988345225694,0.08176632654052556,-0.04458895566382422,0.1492445544476906
2023-04-17,-0.10011943518714722,-0.15144959642464986,-0.012628405484559598,-0.16943615033422588
2023-04-24,0.01631061639663093,-0.2581475987748261,0.0932658906241039,-0.19033538171100534
2023-05-02,0.022463648570789276,-0.07122401684777882,-0.007779643982892766,-0.06764938553962076
2023-05-08,0.03680204350276317,-0.0828082693718962,-0.023801096847821137,-0.06024178957179671
2023-05-15,-0.03612011573246968,-0.01243119423566971,-0.034513801489763005,-0.17159518318833597
2023-05-22,0.08414594759491273,-0.09775656258072404,0.07090771287986808,0.007149177242465894
2023-05-29,0.008660797506128939,-0.11074385343808012,0.06308122870856091,-0.1026646197708208
2023-06-05,0.10120337229573352,-0.03472161030244832,0.1621055850989771,0.0048011786152203605
2023-06-12,0.06333288109548547,-0.05350393423622969,0.03301527447152116,-0.06657590832163886
2023-06-19,0.12449875123136953,-0.009290777453470301,0.06527437412235318,0.02890148212728858
2023-06-26,0.008081142764127405,0.0775615958082102,-0.08937814601574252,0.07000443066016836
2023-07-03,0.026923745746821635,-0.07763921003752701,0.005109740490192611,-0.06256017588415906
2023-07-10,0.07271714146410234,0.21930745612372543,0.11233016264142685,0.2171790303627611
2023-07-17,0.01541735312220764,0.004662455294453798,-0.06205901515079192,0.006368219551950267
2023-07-24,0.010546932731718264,0.1435516183371437,0.025537021548042764,0.13612166591293726
2023-07-31,-0.03650261386159666,0.059686004781881914,-0.04553942493623997,0.011593571130738032
2023-08-07,0.06646870770469497,-0.052766342329909684,0.046460213092617296,-0.10384215507555165
2023-08-14,0.1293547332920403,0.2333805083100366,0.2591856654664341,0.19722891981262058
2023-08-21,0.08163061449435106,-0.10944479774250021,0.005735914566648784,-0.11478196472857535
2023-08-28,-0.06478718498223152,0.09945100778558448,-0.06118519127631546,0.03378726636464748
2023-09-04,0.04857398732433177,0.010454865439163451,0.03977250954658571,0.007579567373932212
2023-09-11,0.007538233673188206,0.16141678209252586,-0.018912759589747374,0.18590176357123175
2023-09-18,-0.02626063833783694,-0.13465159446610755,-0.028187775504355646,-0.16553269056140163
2023-09-25,0.006655561348408439,-0.003160353166076508,-0.0017141178629817785,-0.07248460515964518
2023-10-02,-0.026732428180017906,0.04810889650060135,0.0064919458925392975,-0.000230583511922524
2023-10-09,0.0213476249898272,-0.029367196344913336,0.041793279250742665,0.07291525377750048
2023-10-16,0.06024841982475654,-0.04963314301701914,0.0956040336872567,-0.06498555462116486
2023-10-23,0.01464074755474593,-0.03474450970796342,-0.11993166149725264,-0.08620143290162578
2023-10-30,-0.0026436357483278442,0.17865481880545714,-0.06744115755131112,0.19310588316340588
2023-11-06,0.10412515068228707,0.025384589477443622,0.012893495909712643,0.021592375353742123
2023-11-13,-0.058869274293135536,0.06562297629388528,0.09987369975790042,0.10196233839497597
2023-11-20,0.06824709084147242,0.031223060727975538,-0.021335339753274386,0.07592518507371752
2023-11-27,-0.060046333273737394,-0.06898793672835138,-0.04619778086309025,-0.12219820229832744
2023-12-04,0.03581833274385357,0.04925527404974842,0.06410532719446731,0.024799587621536112
2023-12-11,0.0892624230733903,0.11145242441071816,0.052212578659821485,0.11583496262471188
2023-12-18,-0.06788002636610777,-0.0029821499647898105,-0.0005117514759882668,-0.095825077528026
2023-12-26,-0.028945837543247303,-0.043353584659729605,-0.03869803426203924,-0.05925546851421749
2024-01-02,-0.09654174703775145,0.07901625792229264,0.004453721595926103,0.04116492146596858
2024-01-08,0.10495143290162579,0.08337875738735986,0.050677722288222135,0.17029140259024522
2024-01-15,-0.021330832605809407,-0.02339008375221998,-0.05801244648486126,-0.00612263643401698
2024-01-22,-0.015379581151832461,0.02022254791706622,0.034399126136303707,0.05460698539542574
2024-01-29,0.08213350785340315,-0.14007308318110764,-0.10543026032924145,-0.1082546844860843
2024-02-05,-0.023284651419123725,0.008209048725996527,0.09292254488373594,-0.018787889225682006
2024-02-14,0.03233341711769931,0.09304811610224677,-0.020203201892150035,0.03083884925263815
2024-02-19,0.057593318503648655,-0.12021729141923024,0.04293432902501244,-0.05475849768060115
2024-02-26,-0.013889816249131989,0.047066128946103306,0.04954748742534193,0.04904084984776454
2024-03-04,0.05725206052112283,-0.05297796098086965,0.01845562920111639,-0.004492692287147711
2024-03-11,0.03841616370028098,0.006429955714773987,-0.05917070868389818,0.10134508039100475
2024-03-18,-0.027938242817139775,-0.0984439927370797,-0.027136135535224162,-0.10435915241214103
2024-03-25,-0.039667218353749555,-0.0504548085515205,0.04470499568708143,-0.07060086266759254
2024-04-01,0.03700558405566933,-0.07986522482491314,0.08577106405498824,-0.04352398376155119
2024-04-08,-0.035579210670511265,-0.022317026299439362,0.007329676006956647,-0.03874325623631216
2024-04-15,-0.05825956076324264,-0.01268835285273915,-0.007994966731487032,-0.01834630759520303
2024-04-22,-0.03941963779960834,-0.08938583199663856,0.015730980807252968,-0.10507210021201183
2024-04-29,-0.0038517008871156617,0.016897540274661553,0.05676558760882343,0.07310835630904003
2024-05-06,0.002226213354075354,0.04797165173279763,-0.07657716885373506,0.04689509518311398
2024-05-13,-0.08898786839123446,-0.11015948385330235,0.01629270661829783,-0.1292723514933867
2024-05-20,0.087818549037419,0.19002884956474514,0.03801227992459012,0.09247713852499931
2024-05-27,-0.046947269865577616,-0.0737674458394121,0.04902624794479592,-0.049636005763634486
2024-06-03,0.011775558756412953,0.07110910787323192,0.034192294636266975,0.06539189823431354
2024-06-10,0.003600156824093913,-0.07078071282492583,-0.05182407505576549,-0.08620142743854084
2024-06-17,-0.042540962482706245,0.1302712069012289,-0.03704694299802773,0.09540901445894258
2024-06-24,-0.03362816748457423,0.1279993720562713,-0.024891202141517556,0.10875560374823998
2024-07-01,-0.021867154532343353,0.15700206194000665,0.06276222915352678,0.17218130708829654
2024-07-08,-0.08961839074917767,0.017442851754730596,-0.012092701237174878,-0.06268944612841003
2024-07-15,0.0666933587041067,-0.005261380401358005,0.056829255828665104,0.09140226452656465
2024-07-22,0.11281516946817303,0.07133335629650041,-0.059241577605403606,0.09239804353816478
2024-07-29,0.08628512098712675,0.04195165677508537,-0.02175364563858768,0.051945342129159765
2024-08-05,-0.011065319489014805,-0.04289304310096906,0.03821628309176446,0.026251884966697208
2024-08-12,0.04668713148260245,0.14589369517928452,0.120290165268379,0.19508650407030376
2024-08-19,-0.01784058301736143,0.0932651711171597,0.0040937773613113565,0.034672838207447924
2024-08-26,-0.00376287961494633,-0.12422941330238076,0.15824918239735514,-0.12636486066507824
2024-09-02,0.12589873451010034,-0.16800025500478014,-0.053857438956808966,-0.12171106630860076
2024-09-09,-0.06636666002202504,-0.06166446657114406,0.05436061762944981,-0.08972873874976849
2024-09-16,0.022163030119459665,0.007751563831115927,0.03522222453305121,0.00840216104900659
2024-09-23,0.09783424214171134,0.05697871989767843,-0.040622494742764345,0.08059827530458424
2024-09-30,0.04994862097420131,-0.0762912402178109,0.02448342085760505,-0.049605941556630465
2024-10-07,-0.0993979279569668,0.03441838821735312,0.030241215492341867,0.00018474158208362223
2024-10-14,-0.11580322022671553,0.12583955033550429,0.05532671817375514,0.040974857871159544
2024-10-21,0.0481402737964098,0.08644974677359833,-0.005235377485558271,0.10205542402057974
2024-10-28,-0.02706194681373026,-0.003831650110130274,-0.11096098162016396,-0.05301155833002886
2024-11-04,0.030965263887671433,-0.06184687974519363,0.06707360804532668,0.038330052833316065
2024-11-11,0.09031380990143875,-0.03707214757972902,0.09836301702691293,-0.009666769166032787
2024-11-18,-0.054514376124238345,0.10824873743818056,-0.018610958836380937,0.01955743072494342
2024-11-25,0.1443929383882959,-0.11149214672859462,-0.04163875895349961,0.009358436545131441
2024-12-02,-0.05277600121821227,-0.12445799029849071,0.01817420435510888,-0.11575909852291763
2024-12-09,0.053455002216639576,-0.08428775095602427,0.15899807891236886,0.004569233042707257
2024-12-16,0.056481711600928464,0.11706895117213838,0.02655997727734736,0.15419407776767247
2024-12-23,-0.12004876607063691,-0.023726936301480844,0.034291426884673126,-0.1145529776858283
2024-12-30,0.1320363009075227,-0.044809204247442926,0.12660546261362274,0.10266106652666317
2025-01-06,0.05859446486162156,0.005404675652110706,-0.07714320750889597,0.066963174079352
2025-01-13,-0.006985674641866048,0.14317311622809828,0.04813172134243245,0.1970164254106353
2025-01-20,-0.0617985449636241,0.1906098367246203,-0.057042697458452016,0.016026400660016503
2025-01-27,-0.07762244056101404,0.06187732013700283,0.15750555576810535,0.036990924773119334
2025-02-03,-0.11861550986857126,-0.006376659416485413,0.007140183859736397,-0.0874551863796595
2025-02-10,-0.026233939054951937,-0.02723215605142604,-0.03405941852350555,0.02307965124870696
2025-02-17,0.07681696232968134,0.046108336821466436,0.13118747686384316,-0.028513373725432247
2025-02-24,0.013876857329080129,0.11270831770794272,0.011323787341104577,0.04106652666316658
2025-03-05,0.04843658390344031,0.04702013227438277,-0.04978803344923791,0.0217467119846313
2025-03-10,-0.1104700088663801,0.052711436386774974,0.07438269429023472,0.03713792844821121
2025-03-17,-0.014805707416263837,0.06818164185815519,0.04288090840879132,0.051058075956849414
2025-03-24,0.09910526479610117,-0.1527062967170348,-0.08034950873771847,-0.07712742818570464
2025-03-31,-0.025575677755489298,0.04768187085412234,0.04746268656716419,-0.036314407860196504
2025-04-07,-0.07294201040887174,-0.03363949881102689,0.07597228567077813,0.01995888533576976
2025-04-14,0.05005475107845141,-0.07591771683084486,0.019620215752918578,-0.05439929067533619
2025-04-22,-0.08081796986034608,0.1267433921784527,-0.009835968671494015,0.04347421309295108
2025-04-28,-0.038829671685681064,0.0864535363780409,0.08665287424264816,0.028525195803162408
2025-05-05,0.06661297473030885,0.02713316619859334,-0.019983744643121026,0.05870548248854736
2025-05-12,-0.1835377567607507,-0.028514186345338595,0.013095906605585933,-0.03789271464459879
2025-05-19,-0.07566112120648584,0.035981821885462964,0.0011404356894686861,-0.019747468806573503
2025-05-26,-0.12568164396764653,-0.1268216300344835,-0.028191734661232606,-0.07615267077770198
2025-06-02,0.034427631439455514,0.0648557839606247,0.061471776110066004,0.09045239626548686
2025-06-09,0.0010813408626697105,0.10687538672968797,0.04463888162497968,0.07677237421461436
2025-06-16,0.031381347349455316,-0.14982108057438817,0.08056353302673067,-0.05846346732615888
2025-06-23,0.04267469804368816,0.06936505323649396,0.040203585701948936,0.08165519536595793
2025-06-30,0.10052919160935375,-0.1547180069448375,-0.04556435069760237,-0.13549953952219332
2025-07-07,-0.008545422869802453,-0.048861937727572996,0.06939805358644718,-0.021693252574368684
2025-07-14,0.13729353810489714,0.1208212403841634,0.013598038037755052,0.08760133153345442
2025-07-21,-0.03621781342338539,0.06394110373527807,-0.05494068026370427,-0.030045952633439375
2025-07-28,-0.05835426223373661,0.18335172085276497,0.015551524673487154,0.14916425779731574
2025-08-04,0.008642451227330978,-0.15521779134059302,0.11300628075880072,-0.06709084482149169
2025-08-11,-0.015483392488974089,0.10028058321730711,0.16009393241237693,0.04283947388879858
2025-08-18,0.041654624987533674,0.09658779962461324,-0.09929125512551794,0.05878479763363181
2025-08-25,-0.09403429130502197,-0.02312431434866006,-0.013013753725794804,-0.04612811324598123
2025-09-01,-0.056774363562376376,-0.12991665838854083,-0.01205431905183519,-0.1395190373862075
2025-09-08,-0.029228340082739983,-0.10765282555494032,0.03519331206962813,-0.08002128813287009
2025-09-15,0.09077819028902456,0.1850765067420585,0.01697772229180686,0.16623822625670276
2025-09-22,0.020002176602543147,-0.2791093170141974,-0.04500456073585204,-0.22427277500279733
2025-09-29,0.008916201974819888,-0.15368892721091798,0.1195903293196778,-0.18344488342014686
2025-10-06,-0.030389603153598635,-0.03346068986678241,0.08058589945469362,-0.05250131268725097
2025-10-13,0.04639857363736401,-0.15552517975242766,-0.019846540332132998,-0.11327409939358997
2025-10-20,-0.024156877280043378,0.05019563593856544,-0.07200821452793262,0.04821357058587958
2025-10-27,-0.03455964325529543,-0.1492021136757979,0.13814221481114347,-0.10237525632262473
2025-11-03,0.043102206717767357,0.1834215457339895,-0.02816268237560493,0.14971738787528263
2025-11-10,0.05039505268988931,-0.01326250289824275,0.1841599829335842,0.08240441486439878
2025-11-17,0.07408849568989254,0.16962349288515066,-0.08237966245910512,0.12504822370690208
2025-11-24,-0.08146773135331488,0.028426244473927446,-0.08813440796275077,0.02777617119722383
2025-12-01,-0.012520530105962881,0.18616847835634065,-0.03753152910329147,0.13260305821335958
2025-12-08,0.00360624366863731,-0.0558456508378361,0.12816639981894912,-0.0200795221116559
2025-12-15,-0.02287525189199194,-0.17188539082247117,0.03680427492519642,-0.155221087203265
2025-12-22,-0.026252947728825464,0.18388273080731243,-0.06642893604139305,0.15707937887898765
2025-12-29,0.110884878415565,-0.11364191528441307,-0.003974717765094514,-0.08220357295527464
2026-01-05,-0.0897756145349662,-0.03498743282915707,0.02415190006062758,-0.11596589623596375
2026-01-12,-0.05243171635704879,0.04636444296182788,-0.0726822253509705,0.06540512396990969
2026-01-19,0.050038864010170804,-0.004357525592645061,-0.011287060189647024,-0.024315604206712457
2026-01-26,0.034098926286931924,0.1763484902452987,-0.1087853823266783,0.08613227918242373
2026-02-02,-0.031587508037221795,-0.006164954813943128,-0.006680801364839616,-0.08468015583762727
2026-02-09,0.0023429022393212985,0.04929336090577765,-0.034041524936482055,0.031126395283741018
2026-02-18,-0.16236958431394657,-0.025766913571502865,0.18549891933260496,-0.007420567367783656
2026-02-23,-0.11074686617717774,-0.018410284580499325,-0.03236025519446952,-0.02886878338195296
2026-03-02,0.11747462851411279,0.15941463854437263,0.02266446188597465,0.1347920411578752
2026-03-09,0.014425165493337047,-0.09723789890541606,-0.06960555038902091,-0.021782827665180603
2026-03-16,0.06283929740773159,0.16895060424472189,-0.04706111246226272,0.12137703314173903
2026-03-23,-0.1212846269559538,0.07770441556796732,0.003745057500261056,0.02134774833271272
2026-03-30,-0.016674243791099504,0.24027984077680278,0.0333238550597705,0.14639827011232973
2026-04-06,-0.04615782502553802,0.06488687878340413,0.0049858702115498765,-0.012377287601502848
2026-04-13,-0.002032764968595985,-0.02604615098139339,-0.01932260270960573,-0.07301622418879057
2026-04-20,0.17060471976401184,0.20095564736393823,-0.04932581295544331,0.27091024020227567
2026-04-27,0.04450651003341586,0.10310176399219396,0.017868553456122274,0.09992728154163132
2026-05-04,-0.080060122598812,0.05256135494625804,0.039503997905217206,0.10705628754956109
2026-05-11,0.1547504731361234,0.03680289864848515,-0.00834675101900128,0.05942567773219317
2026-05-18,0.005827878035920832,0.0959417769577334,0.023399968411942546,0.046271643475547464
2026-05-25,-0.044978772191962266,-0.154048557407433,0.029016718710521014,-0.1051867564661023
2026-06-01,-0.029160546155745076,-0.15241819168949408,-0.13743387592691178,-0.1585202067924305
2026-06-08,0.04059031805668576,-0.05347508795233125,0.04448282213026239,-0.039221652786675214
2026-06-15,0.05595431717621614,-0.08107986910146017,0.014115966384768228,-0.09555199658338674
2026-06-22,0.0468673137491414,0.06973619247684867,-0.06454744072956053,0.05379001679450109
2026-06-29,0.02656091219539742,0.05378516180537885,0.08124957053279375,0.043762011531069824
2026-07-06,0.08487254077409924,0.22631777313462947,-0.02772959071323033,0.20948003416613287
2026-07-13,0.101478722389502,-0.006367193586924528,-0.05533209755108416,0.013606575826306767
2026-07-20,-0.07005146657679251,0.05588627518777209,0.006268142648610996,-0.011067628714687538
2026-07-27,-0.038418842259596346,0.023741209751635142,-0.06380101137513965,-0.057363780893192655
2026-08-03,-0.019240072364401332,0.10103850160489818,0.14955832249843884,0.08884454178571825
2026-08-10,0.011442984135572076,-0.2009317156024502,0.01788112031751031,-0.13194992606757314
2026-08-17,-0.021831035717597133,-0.10206360756394209,0.015194583670898428,-0.07231480760892525
2026-08-24,-0.0019111254405372053,0.1350991256499531,-0.07405894213050321,0.10029389005912354
2026-08-31,0.04831170882344716,0.11225644517560109,0.033991642765402744,0.09549058988520871
2026-09-08,-0.00794353139485883,-0.05388964308500142,0.01726621362095524,-0.004914141030717998
2026-09-14,-0.019334918716619232,-0.1917989652079433,-0.015058949295020295,-0.19121651151386324
2026-09-21,-0.13794288015374104,-0.13749282930216844,-0.09942149107251891,-0.17761345098179304
2026-09-28,-0.016242155777039496,-0.16522045747675937,-0.0480407513157847,-0.21125462121318886
