date,residual_momentum,low_risk,composite
2021-01-04,0.09373705929092652,-0.06541200734749121,0.22124005027230834
2021-01-11,0.02228679165710529,-0.014881635336364031,0.0485118364663636
2021-01-18,0.04148421295230515,0.012192728782902493,-0.034631000716503456
2021-01-26,-0.03711974735266422,0.16950403052213478,-0.03523036879391626
2021-02-01,-0.07063025213163454,-0.10853166275906959,0.02545118949958983
2021-02-08,0.07195745338500509,-0.05854330247275284,0.09500468768311261
2021-02-17,0.01346429424408885,-0.04251107782354139,-0.004546811559589204
2021-02-22,-0.043785944329422594,-0.0597165569884402,-0.12217621348056133
2021-03-01,0.13004028194321338,0.07657749500179248,0.08164277873219258
2021-03-08,-0.054273469818096116,0.16981715707995973,0.0627825774161338
2021-03-15,0.044683702984172805,0.026446888378198922,0.0065151731280893585
2021-03-22,0.053464112280527665,0.01809281931093232,0.00036591643460949275
2021-03-29,-0.0460713789921878,0.06158510326271543,-0.015533197993790304
2021-04-05,-0.013849157065947996,0.014313357409525536,-0.008067129224670233
2021-04-12,0.09872168520124934,-0.09955880677041952,0.09208070007876505
2021-04-19,-0.01046695267186618,-0.026394624391544188,0.0647925700222665
2021-04-26,0.07844935909949854,-0.017568570233634614,-0.02623637642095394
2021-05-03,0.04883983420239958,-0.09888351179362115,-0.11153168181709125
2021-05-10,0.11486386836412736,-0.0034415728396000435,-0.055666344728143316
2021-05-17,0.02187978862846843,0.046117185684415585,-0.06216974327465072
2021-05-24,0.03365271303388134,-0.060731375829739906,-0.1385916170224134
2021-05-31,0.006981755981489243,-0.0003325944571598378,0.02816231667245479
2021-06-07,0.016437540310573116,0.004056436430133305,-0.023427148939643323
2021-06-14,-0.027984216447481444,-0.059706835431077354,-0.14566291774637355
2021-06-21,-0.03392869288425176,-0.11441527530829655,-0.1501990542463813
2021-06-28,-0.1037732445994836,0.05175759562134446,0.005552715363862301
2021-07-05,0.0498835844193322,-0.0225449925466592,-0.0797677679299052
2021-07-12,0.0059666644182048015,0.02091948869777394,-0.08361074752388511
2021-07-19,-0.04861977045128325,-0.010928866861372661,-0.09640424224614647
2021-07-26,0.09324654596239214,-0.0398280061862477,0.05531150185936999
2021-08-02,0.011893268269260801,0.0075731335260390345,-0.003244827949301988
2021-08-09,0.1460664158142441,0.1567418311061418,0.2582010582010582
2021-08-16,0.056753045139718176,-0.07717203961405666,0.056650096153313276
2021-08-23,0.05485132553140674,0.00790746133091123,-0.03290412203136271
2021-08-30,0.04250493261672845,-0.031020363745187924,0.06360507665310897
2021-09-06,0.06684081681394795,-0.10108807576522749,-0.006929842396258961
2021-09-13,-0.07359098228663448,0.05001999382469213,0.03287086013939999
2021-09-20,-0.03977179598531507,0.05142209241702564,-0.06900653469055128
2021-09-27,0.1175072554239421,0.013954878538963381,0.2120028445690375
2021-10-04,-0.04153931927643209,0.02681056821521118,-0.0946571207223573
2021-10-11,-0.07773066654086516,0.03681355798807643,-0.054144066740560506
2021-10-18,0.13763835288559143,0.010580441554554974,0.13868839524981974
2021-10-25,-0.06950767704616287,0.017001087278898267,-0.03226030507840676
2021-11-01,-0.032825336484751055,-0.007736850896685075,0.18191090346778974
2021-11-08,0.06777642555873364,0.02734876843283058,-0.040099239899722416
2021-11-16,0.0021940756228891983,-0.04022545973388643,0.058888315020647466
2021-11-22,0.0280875451680456,-0.0624487753483726,0.030503755969952244
2021-11-29,0.009954788255706398,-0.015628896832678867,-0.17204255429540377
2021-12-06,0.003803365317799171,-0.002205212438355518,-0.06446607572583578
2021-12-13,0.05897918152932306,-0.03272732675658228,0.01318071758749725
2021-12-20,-0.03613563197055958,0.10987227412208399,0.06604629972379622
2021-12-27,0.02734327898077666,-0.031819756803351446,-0.06687263304763805
2022-01-03,0.08101665818251415,-0.001012836016170781,0.13611395673315382
2022-01-10,0.20736741130049102,0.0011797106000707722,0.0017197342987331444
2022-01-17,0.010991155545311682,-0.009929679011002212,-0.02495401349696745
2022-01-24,0.007143159271941297,-0.013697688900721431,-0.02093540624296671
2022-01-31,-0.06752974046947358,-0.027037087131781996,0.17168158446010284
2022-02-07,0.11228616211374831,0.01327761275332479,0.14447155051073007
2022-02-14,-0.13379093920229324,0.0764580653605681,-0.016732114872506327
2022-02-21,0.24294124660843855,-0.07372491359722821,0.17034371745099897
2022-03-02,0.12085929503691438,-0.027114898247775892,0.12218763994626065
2022-03-07,0.03486404067105028,0.018605557233965633,0.08449262601804976
2022-03-14,-0.04008069879252948,0.04327352733403306,-0.11365220138967944
2022-03-21,0.0660534141613182,-0.07610386349602453,-0.011374263375212385
2022-03-28,0.0028438333341316686,-0.004618448686409474,0.09539337545708242
2022-04-04,0.026625238005565672,0.008483482109025386,0.027313623333961038
2022-04-11,0.00376101692876553,-0.0027315744267736443,0.08820957043918565
2022-04-18,-0.06542387527871184,0.013126412996066225,-0.07662000711401251
2022-04-25,0.017588099971115923,0.06982630104461758,0.1243783244338817
2022-05-02,-0.003333230488685848,-0.07712265680893977,-0.01702550582721319
2022-05-09,0.08370600806129282,0.029697018701623504,-0.005529141030865097
2022-05-16,-0.13853019020260235,0.02537761071969299,-0.09366771319961402
2022-05-23,0.026581660753647905,-0.039552155043082196,-0.09735522576705262
2022-05-30,0.08964345677057091,0.13911726076503061,0.039765769542167546
2022-06-06,-0.049274998430732526,0.001459925357591374,0.061812607385001585
2022-06-13,-0.06915808329601433,0.11481647596615462,0.005888488772701305
2022-06-20,0.004915254237288135,-0.04748365159586295,0.01446811408095718
2022-06-27,-0.0378963170342708,0.04394589665767463,-0.05819502531366938
2022-07-04,-0.0545679573172145,0.03564395232899739,-0.05963054187192119
2022-07-11,-0.034425324597403224,-0.04232960586746251,0.013203943800381032
2022-07-18,0.03828449372405021,-0.026182063438606944,-0.027471712456716937
2022-07-25,-0.02125827983335391,0.05361475710958401,0.07595219238246095
2022-08-01,-0.024359863656441594,0.12860787568478618,-0.01307393091151129
2022-08-08,-0.15301117053194954,-0.0704409751374251,-0.2014753207418128
2022-08-15,0.08274208315232265,-0.032034684905335925,-0.14376683093044135
2022-08-22,-0.010740397506588959,0.007155448261535628,-0.10423400129282484
2022-08-29,0.15476114558395823,0.005533378383353743,0.2371633668978738
2022-09-05,-0.12737837933600257,0.07468744722490635,-0.014638516711294236
2022-09-12,0.12780528756288081,0.13450209551951098,0.05864328298496108
2022-09-19,0.0380498227690479,-0.07437132126270393,0.0510797763328876
2022-09-26,0.07255573671386961,0.03714885557214518,0.09778274436526402
2022-10-03,-0.04629551602640434,-0.09349207151398271,-0.03995968032255742
2022-10-10,0.10138718890248878,0.08183102446573967,0.05185567764012801
2022-10-17,0.01827825377396981,-0.0852719485869448,0.00977305476353877
2022-10-24,0.1664248531736283,0.09308770249246429,0.11178108716079614
2022-10-31,0.08494374939160344,-0.06204692786997169,-0.04458555198040946
2022-11-07,-0.054663287679034125,0.14359886676776035,-0.029919390953873713
2022-11-14,0.09586491642700531,-0.002605292091054827,0.011383788625167935
2022-11-21,0.026158769681357483,0.009456488542970745,-0.04913493286374642
2022-11-28,0.023064047036176843,0.012363779283401578,0.10389415311172155
2022-12-05,-0.040004542855576364,0.050790778831706976,0.009013260438777189
2022-12-12,0.0461217328644271,-0.03587252960164454,-0.01535759322644569
2022-12-19,-0.0038868828961487554,0.06686702135210372,0.019375670658635737
2022-12-26,0.08400916954017451,0.06847872889259879,0.0630868216755601
2023-01-02,-0.050091502764346665,0.0038759297926672905,-0.008499162027315982
2023-01-09,-0.025038853720480654,0.024016735810206004,-0.023947158940146318
2023-01-16,-0.017070998066790494,0.14313948008194594,-0.006616504302338805
2023-01-23,0.02814625031303577,-0.060497831597325996,-0.046620176841131934
2023-01-30,0.02080314553586115,0.07332529509338034,0.007863839652863176
2023-02-06,0.14060796363005912,0.10677465976593037,0.17853056192329178
2023-02-13,0.031004318568850768,-0.07921463165179912,-0.009577687958269429
2023-02-22,-0.06947082506597829,0.031205347231489832,-0.07920094007050528
2023-02-27,-0.1529952085033373,-0.09044858127482246,-0.006954993409076643
2023-03-06,0.04439562278994832,0.03367236556064861,0.17534366957504235
2023-03-13,-0.0751765729666282,-0.007933151059759752,-0.03327059680650841
2023-03-20,-0.024054398640033996,0.03200378848444917,0.02145589217412422
2023-03-27,-0.10706709054806218,-0.09961644827834351,-0.1634536045351194
2023-04-03,-0.07287462092430917,0.08462567467217191,0.01806811972557829
2023-04-10,-0.01655988345225694,-0.04458895566382422,0.16146131131875965
2023-04-17,-0.10011943518714722,-0.012628405484559598,-0.05008957639036042
2023-04-24,0.01631061639663093,0.0932658906241039,-0.02610814663558783
2023-05-02,0.022463648570789276,-0.007779643982892766,-0.02745098807108786
2023-05-08,0.03680204350276317,-0.023801096847821137,0.032140703202713186
2023-05-15,-0.03612011573246968,-0.034513801489763005,-0.10833845078931573
2023-05-22,0.08414594759491273,0.07090771287986808,0.09935296114084267
2023-05-29,0.008660797506128939,0.06308122870856091,0.007047300525561397
2023-06-05,0.10120337229573352,0.1621055850989771,0.07495116299670379
2023-06-12,0.06333288109548547,0.03301527447152116,-0.023854836378555542
2023-06-19,0.12449875123136953,0.06527437412235318,0.04238277548235473
2023-06-26,0.008081142764127405,-0.08937814601574252,0.04539500298587969
2023-07-03,0.026923745746821635,0.005109740490192611,-0.035728365111254316
2023-07-10,0.07271714146410234,0.11233016264142685,0.10386262840680795
2023-07-17,0.01541735312220764,-0.06205901515079192,-0.02005799628520526
2023-07-24,0.010546932731718264,0.025537021548042764,0.06614511699900694
2023-07-31,-0.03650261386159666,-0.04553942493623997,-0.04558204768583451
2023-08-07,0.06646870770469497,0.046460213092617296,-0.07890101590291343
2023-08-14,0.1293547332920403,0.2591856654664341,0.09214659685863873
2023-08-21,0.08163061449435106,0.005735914566648784,-0.02909031413612565
2023-08-28,-0.06478718498223152,-0.06118519127631546,-0.03201211241624394
2023-09-04,0.04857398732433177,0.03977250954658571,-0.06060209424083769
2023-09-11,0.007538233673188206,-0.018912759589747374,0.14481778726922015
2023-09-18,-0.02626063833783694,-0.028187775504355646,-0.12544902782970996
2023-09-25,0.006655561348408439,-0.0017141178629817785,-0.13190055068768142
2023-10-02,-0.026732428180017906,0.0064919458925392975,-0.07925799582236932
2023-10-09,0.0213476249898272,0.041793279250742665,0.17526890106610968
2023-10-16,0.06024841982475654,0.0956040336872567,-0.0018226270243875975
2023-10-23,0.01464074755474593,-0.11993166149725264,-0.08131372278864701
2023-10-30,-0.0026436357483278442,-0.06744115755131112,0.07600750895563516
2023-11-06,0.10412515068228707,0.012893495909712643,-0.05408547546877666
2023-11-13,-0.058869274293135536,0.09987369975790042,0.10752346274167905
2023-11-20,0.06824709084147242,-0.021335339753274386,0.14810852275021197
2023-11-27,-0.060046333273737394,-0.04619778086309025,-0.18913974358279736
2023-12-04,0.03581833274385357,0.06410532719446731,-0.02773245169661743
2023-12-11,0.0892624230733903,0.052212578659821485,-0.09476833444868717
2023-12-18,-0.06788002636610777,-0.0005117514759882668,-0.08663281239748587
2023-12-26,-0.028945837543247303,-0.03869803426203924,-0.06397407130391423
2024-01-02,-0.09654174703775145,0.004453721595926103,-0.008428630476715347
2024-01-08,0.10495143290162579,0.050677722288222135,0.2021390190135023
2024-01-15,-0.021330832605809407,-0.05801244648486126,0.0009106535973441458
2024-01-22,-0.015379581151832461,0.034399126136303707,0.028353196472857535
2024-01-29,0.08213350785340315,-0.10543026032924145,-0.016109809864976576
2024-02-05,-0.023284651419123725,0.09292254488373594,-0.012794502617801047
2024-02-14,0.03233341711769931,-0.020203201892150035,-0.027814136125654452
2024-02-19,0.057593318503648655,0.04293432902501244,0.08291511814014053
2024-02-26,-0.013889816249131989,0.04954748742534193,0.02433096522621654
2024-03-04,0.05725206052112283,0.01845562920111639,0.0714730064551121
2024-03-11,0.03841616370028098,-0.05917070868389818,0.17887165482613107
2024-03-18,-0.027938242817139775,-0.027136135535224162,0.021349122540298224
2024-03-25,-0.039667218353749555,0.04470499568708143,-0.06869958869718497
2024-04-01,0.03700558405566933,0.08577106405498824,0.044969552908498474
2024-04-08,-0.035579210670511265,0.007329676006956647,-0.0417462341755248
2024-04-15,-0.05825956076324264,-0.007994966731487032,0.039225428474323906
2024-04-22,-0.03941963779960834,0.015730980807252968,-0.01988379808703814
2024-04-29,-0.0038517008871156617,0.05676558760882343,-0.0028688474070665193
2024-05-06,0.002226213354075354,-0.07657716885373506,-0.006716439374951207
2024-05-13,-0.08898786839123446,0.01629270661829783,-0.06841268341188217
2024-05-20,0.087818549037419,0.03801227992459012,-0.09498538686355947
2024-05-27,-0.046947269865577616,0.04902624794479592,0.05119149644167774
2024-06-03,0.011775558756412953,0.034192294636266975,0.0974089239184968
2024-06-10,0.003600156824093913,-0.05182407505576549,-0.10892715531890787
2024-06-17,-0.042540962482706245,-0.03704694299802773,-0.040052016927542525
2024-06-24,-0.03362816748457423,-0.024891202141517556,0.024569098059525153
2024-07-01,-0.021867154532343353,0.06276222915352678,0.008421358367608567
2024-07-08,-0.08961839074917767,-0.012092701237174878,-0.10911063653899145
2024-07-15,0.0666933587041067,0.056829255828665104,0.17399527186761232
2024-07-22,0.11281516946817303,-0.059241577605403606,0.058583631854505366
2024-07-29,0.08628512098712675,-0.02175364563858768,0.029961340206185565
2024-08-05,-0.011065319489014805,0.03821628309176446,0.08013460819400672
2024-08-12,0.04668713148260245,0.120290165268379,0.09139005324572333
2024-08-19,-0.01784058301736143,0.0040937773613113565,-0.07935878554435255
2024-08-26,-0.00376287961494633,0.15824918239735514,0.020476695168500827
2024-09-02,0.12589873451010034,-0.053857438956808966,0.040425854058921504
2024-09-09,-0.06636666002202504,0.05436061762944981,-0.08414404063425095
2024-09-16,0.022163030119459665,0.03522222453305121,0.024060662566826457
2024-09-23,0.09783424214171134,-0.040622494742764345,0.013048228059105509
2024-09-30,0.04994862097420131,0.02448342085760505,0.015959964618412772
2024-10-07,-0.0993979279569668,0.030241215492341867,-0.07517591031607816
2024-10-14,-0.11580322022671553,0.05532671817375514,-0.06436215464496828
2024-10-21,0.0481402737964098,-0.005235377485558271,0.06430011927040216
2024-10-28,-0.02706194681373026,-0.11096098162016396,-0.04760690083241929
2024-11-04,0.030965263887671433,0.06707360804532668,0.12789168771764856
2024-11-11,0.09031380990143875,0.09836301702691293,0.03849066986033112
2024-11-18,-0.054514376124238345,-0.018610958836380937,-0.09302650455659885
2024-11-25,0.1443929383882959,-0.04163875895349961,0.1290014137755382
2024-12-02,-0.05277600121821227,0.01817420435510888,-0.07617938175727121
2024-12-09,0.053455002216639576,0.15899807891236886,0.22283286537608987
2024-12-16,0.056481711600928464,0.02655997727734736,0.08500334240900186
2024-12-23,-0.12004876607063691,0.034291426884673126,-0.10782178217821782
2024-12-30,0.1320363009075227,0.12660546261362274,0.14019650491262284
2025-01-06,0.05859446486162156,-0.07714320750889597,0.06121203030075753
2025-01-13,-0.006985674641866048,0.04813172134243245,-0.05198229955748895
2025-01-20,-0.0617985449636241,-0.057042697458452016,-0.18150753768844224
2025-01-27,-0.07762244056101404,0.15750555576810535,-0.03504987624690618
2025-02-03,-0.11861550986857126,0.007140183859736397,-0.037566939173479336
2025-02-10,-0.026233939054951937,-0.03405941852350555,-0.04494015073149106
2025-02-17,0.07681696232968134,0.13118747686384316,-0.04833160928033102
2025-02-24,0.013876857329080129,0.011323787341104577,-0.011877296932423313
2025-03-05,0.04843658390344031,-0.04978803344923791,-0.057583862863898334
2025-03-10,-0.1104700088663801,0.07438269429023472,0.0247131178279457
2025-03-17,-0.014805707416263837,0.04288090840879132,-0.008197133146150436
2025-03-24,0.09910526479610117,-0.08034950873771847,-0.03952298807470187
2025-03-31,-0.025575677755489298,0.04746268656716419,-0.14160054001350034
2025-04-07,-0.07294201040887174,0.07597228567077813,0.1022308512258261
2025-04-14,0.05005475107845141,0.019620215752918578,0.008742426481454117
2025-04-22,-0.08081796986034608,-0.009835968671494015,-0.11017733116595242
2025-04-28,-0.038829671685681064,0.08665287424264816,0.02636766661740801
2025-05-05,0.06661297473030885,-0.019983744643121026,0.12342396926259791
2025-05-12,-0.1835377567607507,0.013095906605585933,-0.09954632776710506
2025-05-19,-0.07566112120648584,0.0011404356894686861,-0.038265562285002774
2025-05-26,-0.12568164396764653,-0.028191734661232606,-0.013631059451802102
2025-06-02,0.034427631439455514,0.061471776110066004,0.07535744322960472
2025-06-09,0.0010813408626697105,0.04463888162497968,-0.016046250291537976
2025-06-16,0.031381347349455316,0.08056353302673067,0.1546645971464721
2025-06-23,0.04267469804368816,0.040203585701948936,-0.004553135696067434
2025-06-30,0.10052919160935375,-0.04556435069760237,-0.04630455801303109
2025-07-07,-0.008545422869802453,0.06939805358644718,0.09269564848647617
2025-07-14,0.13729353810489714,0.013598038037755052,0.010226798877667132
2025-07-21,-0.03621781342338539,-0.05494068026370427,-0.14086215239526814
2025-07-28,-0.05835426223373661,0.015551524673487154,0.045037493550826556
2025-08-04,0.008642451227330978,0.11300628075880072,0.049690072571770834
2025-08-11,-0.015483392488974089,0.16009393241237693,0.029978396274863654
2025-08-18,0.041654624987533674,-0.09929125512551794,-0.15197120770822764
2025-08-25,-0.09403429130502197,-0.013013753725794804,-0.12459261513240508
2025-09-01,-0.056774363562376376,-0.01205431905183519,-0.09201638493383932
2025-09-08,-0.029228340082739983,0.03519331206962813,-0.015647509902082038
2025-09-15,0.09077819028902456,0.01697772229180686,0.08584473622717025
2025-09-22,0.020002176602543147,-0.04500456073585204,-0.014728823812459916
2025-09-29,0.008916201974819888,0.1195903293196778,-0.13655964263479378
2025-10-06,-0.030389603153598635,0.08058589945469362,-0.0404674680670279
2025-10-13,0.04639857363736401,-0.019846540332132998,-0.025305400398378624
2025-10-20,-0.024156877280043378,-0.07200821452793262,0.024582428179706024
2025-10-27,-0.03455964325529543,0.13814221481114347,0.10567655075664228
2025-11-03,0.043102206717767357,-0.02816268237560493,-0.015880172459119827
2025-11-10,0.05039505268988931,0.1841599829335842,0.14609419910323068
2025-11-17,0.07408849568989254,-0.08237966245910512,-0.0366027516255541
2025-11-24,-0.08146773135331488,-0.08813440796275077,-0.04257321625742679
2025-12-01,-0.012520530105962881,-0.03753152910329147,-0.03594869764055136
2025-12-08,0.00360624366863731,0.12816639981894912,0.0708960910234725
2025-12-15,-0.02287525189199194,0.03680427492519642,-0.05148276944625565
2025-12-22,-0.026252947728825464,-0.06642893604139305,0.03867395976720037
2025-12-29,0.110884878415565,-0.003974717765094514,0.09942243643042696
2026-01-05,-0.0897756145349662,0.02415190006062758,-0.21808904607104154
2026-01-12,-0.05243171635704879,-0.0726822253509705,0.0728807895433346
2026-01-19,0.050038864010170804,-0.011287060189647024,0.006542655251238077
2026-01-26,0.034098926286931924,-0.1087853823266783,-0.06742605138985686
2026-02-02,-0.031587508037221795,-0.006680801364839616,-0.12015035360517327
2026-02-09,0.0023429022393212985,-0.034041524936482055,-0.036806928147885803
2026-02-18,-0.16236958431394657,0.18549891933260496,0.019449998286243105
2026-02-23,-0.11074686617717774,-0.03236025519446952,-0.023756676390591754
2026-03-02,0.11747462851411279,0.02266446188597465,0.009265029893555276
2026-03-09,0.014425165493337047,-0.06960555038902091,0.07123861829744182
2026-03-16,0.06283929740773159,-0.04706111246226272,-0.048643089819560406
2026-03-23,-0.1212846269559538,0.003745057500261056,-0.03374827458182774
2026-03-30,-0.016674243791099504,0.0333238550597705,-0.03225771070666877
2026-04-06,-0.04615782502553802,0.0049858702115498765,-0.08856935090118946
2026-04-13,-0.002032764968595985,-0.01932260270960573,-0.150566793088917
2026-04-20,0.17060471976401184,-0.04932581295544331,0.2116729877791825
2026-04-27,0.04450651003341586,0.017868553456122274,0.08593114254549232
2026-05-04,-0.080060122598812,0.039503997905217206,0.04924619526637464
2026-05-11,0.1547504731361234,-0.00834675101900128,0.0864368010239812
2026-05-18,0.005827878035920832,0.023399968411942546,-0.14602425813188147
2026-05-25,-0.044978772191962266,0.029016718710521014,0.11112049492424066
2026-06-01,-0.029160546155745076,-0.13743387592691178,-0.08811162886604723
2026-06-08,0.04059031805668576,0.04448282213026239,0.05323190262652147
2026-06-15,0.05595431717621614,0.014115966384768228,-0.018647234678624815
2026-06-22,0.0468673137491414,-0.06454744072956053,-0.08546907734127464
2026-06-29,0.02656091219539742,0.08124957053279375,0.06635342902159044
2026-07-06,0.08487254077409924,-0.02772959071323033,0.05759449071108264
2026-07-13,0.101478722389502,-0.05533209755108416,0.09448097200339352
2026-07-20,-0.07005146657679251,0.006268142648610996,-0.07600920542097012
2026-07-27,-0.038418842259596346,-0.06380101137513965,-0.1332951627069274
2026-08-03,-0.019240072364401332,0.14955832249843884,0.0781715899362958
2026-08-10,0.011442984135572076,0.01788112031751031,0.021331450743215446
2026-08-17,-0.021831035717597133,0.015194583670898428,0.0022313139960198785
2026-08-24,-0.0019111254405372053,-0.07405894213050321,0.022866829250369217
2026-08-31,0.04831170882344716,0.033991642765402744,0.026818177883200303
2026-09-08,-0.00794353139485883,0.01726621362095524,-0.038902761562594264
2026-09-14,-0.019334918716619232,-0.015058949295020295,-0.1257568700512343
2026-09-21,-0.13794288015374104,-0.09942149107251891,-0.10660045963871918
2026-09-28,-0.016242155777039496,-0.0480407513157847,-0.11187093955664539
