alpha,alpha_rel,alpha_rel_estilo,alvo_otimista,alvo_pessimista,arquetipo,confianca,consenso_alvo,cv_metodos,cv_metodos_todos,data_preco,diff_consenso,etr,incerteza,issuer_id,ke,ke_estatico,linha,moeda,motivo_sem_alvo,n_analistas_lpa,n_metodos,nome,p_patrimonio_zero,pais,portoes_bloqueio,preco,preco_alvo,preco_alvo_ke_estatico,pwr,pwr_com_piso,rating,setor,upside,v_ddm,v_ddm_real,v_fcff,v_fcff_normalizado,v_fcff_real,v_fcff_vida_finita,v_multiplo_justificado,v_pb_justificado,v_regressao_ev_receita,v_regressao_pb_roe,v_regressao_pl,v_rim,v_rim_real,v_soma_partes,vol_12m,wacc
-0.0132896,-0.191903,0.173951,45.8229,37.0826,seguradora,C,37.5,0.500908,0.500908,2026-10-08,0.0934611,0.0967037,Baixa,BR_BBSEG,0.118467,0.123769,BBSE3.SA,BRL,,9,2,BB Seguridade,0,BR,,40.81,41.0048,38.2423,0.105177,0.105177,Neutro,Financials,0.00477312,60.0602,,,,,,,,,,,19.9716,,,0.200395,
-0.0206792,-0.00175845,-0.251153,19.6153,0,commodity,C,8.51429,0.653404,0.653404,2026-10-08,-0.0455801,0.127075,Muito alta,BR_USIMINAS,0.125728,0.132011,USIM5.SA,BRL,,4,3,Usiminas,0.1905,BR,,7.21,8.12621,7.6809,0.105048,0.248086,Neutro,Materials,0.127075,,,,2.86447,,,,,8.64029,,,18.8594,,,0.461086,0.0994685
-0.0211663,-0.242317,-0.0381587,20.0322,8.51396,corporativo,B,11.2286,0.355365,0.355365,2026-10-08,0.262971,0.100731,Muito alta,BR_ASSAI,0.126518,0.132908,ASAI3.SA,BRL,,3,3,Assaí Atacadista,0,BR,,12.96,14.1814,12.6599,0.105352,0.105352,Neutro,Consumer Staples,0.0942436,,,11.2094,,,,19.5879,,,,,8.64669,,,0.503017,0.0926652
-0.0300951,-0.157152,-0.38788,40.0341,0.905216,commodity,B,22.1083,0.340921,0.340921,2026-10-08,-0.0863805,0.0988491,Muito alta,BR_BRAVA,0.134889,0.14241,BRAV3.SA,BRL,,2,3,Brava Energia,0.0675,BR,,20.57,20.1986,18.8337,0.104794,0.136698,Neutro,Energy,-0.0180567,,,,12.7971,,,,,31.2616,,,29.931,,,0.381843,0.0943681
-0.0338212,-0.212435,-0.183788,64.9594,47.5905,seguradora,B,57.1818,0.119522,0.119522,2026-10-08,-0.0308912,0.0787189,Média,BR_PORTO,0.118467,0.123769,PSSA3.SA,BRL,,7,2,Porto Seguro,0,BR,,53.56,55.4154,51.613,0.0846455,0.0846455,Neutro,Financials,0.0346413,45.4825,,,,,,,,,,,57.8307,,,0.26475,
-0.0342602,0.1143,-0.0350762,122.763,63.6186,corporativo,B,122.5,0.170337,0.170337,2026-10-08,-0.244326,0.0831457,Alta,MX_CHEDRAUI,0.122332,0.127444,CHDRAUIB.MX,MXN,,7,3,Grupo Comercial Chedraui,0,MX,,87.75,92.57,84.7335,0.088072,0.088072,Neutro,Consumer Staples,0.0549289,,,78.4083,,,,107.553,,,,,74.3749,,,0.227199,0.097138
-0.0360083,-0.0187804,-0.202423,34.193,20.4531,corporativo,B,29.8333,0.352419,0.352419,2026-10-08,-0.107434,0.0675907,Alta,BR_HYPERA,0.117738,0.122941,HYPE3.SA,BRL,,8,3,Hypera,0,BR,,26.7,26.6282,24.6233,0.0817294,0.0817294,Neutro,Health Care,-0.00269004,,,16.4332,,,,41.0462,,,,,28.0958,,,0.322307,0.100911
-0.0381285,-0.216742,-0.144261,57.7104,43.4927,banco,A,48.6154,0.0223932,0.0223932,2026-10-08,0.0366903,0.0785879,Baixa,BR_ITAU,0.118467,0.123769,ITUB4.SA,BRL,,10,3,Itaú Unibanco,0,BR,,49.35,50.3991,47.8745,0.0803382,0.0803382,Neutro,Financials,0.0212586,,,,,,,,49.2064,,47.0727,,46.828,,,0.264429,
-0.0391818,0.109378,0.0324968,85.2667,31.5787,corporativo,B,70.1667,0.2267,0.2267,2026-10-08,-0.164957,0.0657395,Muito alta,MX_BIMBO,0.101985,0.106571,BIMBOA.MX,MXN,,8,3,Grupo Bimbo,0.001,MX,,55.97,58.5922,52.721,0.0628033,0.0628348,Neutro,Consumer Staples,0.0468507,,,65.8753,,,,45.6095,,,,,39.1563,,,0.281586,0.0844313
-0.0400822,-0.0211614,0.0550299,98.8037,34.7039,commodity,A,83.2986,0.114146,0.114146,2026-10-08,-0.203408,0.0774421,Muito alta,BR_VALE,0.126437,0.132816,VALE3.SA,BRL,,12,3,Vale,0.003,BR,,67.64,66.355,62.504,0.086355,0.0870837,Neutro,Materials,-0.0189974,,,,65.6131,,,,,54.4637,,,72.1868,,,0.268634,0.108613
-0.0410223,-0.187292,-0.178659,83565.8,61173.4,banco,B,67437.8,0.27784,0.27784,2026-10-08,0.0646562,0.0738278,Média,CO_CIBEST,0.117906,0.122484,PFCIBEST.CL,COP,,5,3,Grupo Cibest (ex-Bancolombia),0,CO,,75460,71798.1,68309.1,0.0768832,0.0768832,Neutro,Financials,-0.0485281,,,,,,,,98126.7,,50438.2,,65918.1,,,0.344628,
-0.0477872,-0.0559276,-0.623906,11.0095,6.68535,corporativo,C,13.7542,0.929203,1.33982,2026-10-08,-0.363755,0.0857374,Alta,MX_TELEVISA,0.147135,0.155599,TLEVISACPO.MX,MXN,,3,2,Grupo Televisa,0,MX,,8.06,8.75104,7.8396,0.0993481,0.0993481,Neutro,Communication Services,0.0857374,,,,,,,0.540083,,,,,14.7171,,,0.400686,0.11129
-0.0514477,-0.147541,-0.156134,16.8214,10.2892,corporativo,A,16.9133,0.155718,0.155718,2026-10-08,-0.210206,0.0574865,Alta,BR_RENNER,0.11898,0.124352,LREN3.SA,BRL,,8,3,Lojas Renner,0,BR,,13.5,13.358,12.461,0.0675325,0.0675325,Neutro,Consumer Discretionary,-0.0105166,,,11.015,,,,16.057,,,,,12.9453,,,0.407351,0.106505
-0.0525446,0.0765493,-0.101551,52.6829,37.5035,utilidade_regulada,C,41.6027,0.603247,0.603247,2026-10-08,0.0599969,0.0355907,Média,BR_SANEPAR,0.102832,0.106022,SAPR11.SA,BRL,,1,4,Sanepar,0,BR,,43.05,44.0987,42.4362,0.0502879,0.0502879,Neutro,Utilities,0.0243608,,9.59821,,,78.4484,,,,,55.5599,,,29.2596,,0.334279,0.0869798
-0.0595292,-0.205799,,75.9859,58.085,banco,C,117.701,0.272656,0.272656,2026-10-08,-0.43221,0.0990048,Baixa,AR_MACRO,0.16177,0.16628,BMA,USD,,4,3,Banco Macro,0,AR,G19,65.9,66.8294,64.6856,0.102241,0.102241,Em revisão,Financials,0.0141036,,,,,,,,68.2164,,35.4984,,69.5502,,,0.620854,
-0.0646365,0,0.217752,1212.06,622.817,commodity,B,977,0.457916,0.457916,2026-10-08,-0.0649387,0.0641961,Alta,MX_PENOLES,0.128074,0.133962,PE&OLES.MX,MXN,,2,3,Industrias Peñoles,0,MX,,876.8,913.555,888.136,0.0634378,0.0634378,Neutro,Materials,0.0419194,,,,656.811,,,,,1549.45,,,615.874,,,0.496561,0.11971
-0.0675271,-0.288678,-0.0753886,18.4981,13.453,corporativo,A,16.3028,0.158035,0.158035,2026-10-08,-0.0301538,0.0323577,Média,BR_AMBEV,0.103688,0.107838,ABEV3.SA,BRL,,9,3,Ambev,0,BR,,16.15,15.8112,14.7612,0.0361613,0.0361613,Venda,Consumer Staples,-0.0209778,,,15.8411,,,,17.1199,,,,,11.623,,,0.251121,0.103208
-0.0710243,0.0579763,0.123543,4058.08,3207,imobiliario,B,4117.7,0.335485,0.335485,2026-10-08,-0.127137,0.0097717,Baixa,CL_MALLPLAZA,0.0882341,0.0916473,MALLPLAZA.SN,CLP,,5,2,Plaza SA (Mallplaza),0,CL,,3575,3594.19,3508.7,0.0172098,0.0172098,Neutro,Real Estate,0.00536691,,,,,,,,,,4748.75,,2362.9,,,0.353048,0.0820185
-0.0742573,-0.0553365,-0.0690782,17.9374,15.2178,holding,B,26.25,,,2026-10-08,-0.370438,0.0417539,Baixa,BR_BRADESPAR,0.11981,0.125293,BRAP4.SA,BRL,,2,1,Bradespar,0,BR,,20.67,16.526,16.6315,0.0455527,0.0455527,Neutro,Materials,-0.200483,,,,,,,,,,,,,,19.2292,0.268856,0.119781
-0.0855772,0.220865,0.167535,21.7636,16.3127,corporativo,C,17.12,0.213167,0.213167,2026-10-08,0.0938629,0.0173368,Baixa,BR_INTELBRAS,0.114226,0.118955,INTB3.SA,BRL,,5,3,Intelbras,0,BR,,19.03,18.7269,17.5428,0.0286486,0.0286486,Neutro,Information Technology,-0.0159257,,,13.2524,,,,22.6374,,,,,20.3586,,,0.393035,0.10786
-0.0936811,0.0353195,-0.229657,12.595,10.9885,holding,C,15.86,,,2026-10-08,-0.257998,0.0701334,Baixa,AR_CRESUD,0.166742,0.171923,CRESY,USD,,1,1,Cresud,0,AR,,11.58,11.7681,11.8232,0.0730608,0.0730608,Neutro,Real Estate,0.0162474,,,,,,,,,,,,,,10.6212,0.476418,0.117626
-0.095802,0.00864761,-0.0404362,812.969,222.041,corporativo,B,,0.0505843,0.0505843,2026-10-08,,0.00675924,Muito alta,CL_EISA,0.109,0.115219,EISA.SN,CLP,,,3,Echeverría Izquierdo,0.0105,CL,,528,517.038,450.714,0.0131977,0.0151545,Neutro,Industrials,-0.0207623,,,493.569,,,,489.446,,,,,440.708,,,0.197738,0.0849854
-0.104513,-0.283127,-0.283127,16.4397,14.3556,holding,B,17.0571,,,2026-10-08,-0.0943954,0.0165087,Baixa,BR_ITAUSA,0.118467,0.123769,ITSA4.SA,BRL,,2,1,Itaúsa,0,BR,,16.05,15.447,15.5243,0.0139537,0.0139537,Venda,Financials,-0.0375708,,,,,,,,,,,,,,14.5869,0.270165,
-0.105236,-0.201329,-0.204757,4.75884,3.15249,corporativo,B,,0.423563,0.423563,2026-10-08,,0.000757233,Média,BR_GRENDENE,0.115416,0.120305,GRND3.SA,BRL,,,3,Grendene,0,BR,,4.54,3.90118,3.67127,0.0101801,0.0101801,Venda,Consumer Discretionary,-0.140708,,,2.09203,,,,6.94694,,,,,5.16225,,,0.292047,0.114199
-0.108781,-0.287394,-0.175119,35.1842,24.8048,banco,B,27.0372,0.172261,0.172261,2026-10-08,0.0877388,-0.0131065,Média,BR_XP,0.108932,0.114189,XP,USD,,7,3,XP Inc,0,BR,,30.21,29.4094,27.6446,0.000151181,0.000151181,Venda,Financials,-0.0265008,,,,,,,,24.974,,20.0964,,30.7478,,,0.535213,
-0.112881,-0.0956532,0.078061,56.4743,33.7854,corporativo,B,48.8357,0.361388,0.361388,2026-10-08,-0.0883389,-0.000272684,Alta,BR_REDEDOR,0.119869,0.125361,RDOR3.SA,BRL,,8,3,Rede D'Or São Luiz,0,BR,,45.55,44.5216,41.2108,0.0069883,0.0069883,Neutro,Health Care,-0.0225772,,,51.107,,,,41.4181,,,,,19.0211,,,0.336727,0.0991966
-0.113097,0,-0.106345,17.1316,15.0311,holding,C,13.5111,,,2026-10-08,0.190596,0.0348543,Baixa,BR_SIMPAR,0.146405,0.155482,SIMH3.SA,BRL,,2,1,Simpar,0,BR,,15.71,16.0863,16.215,0.0333075,0.0333075,Neutro,Industrials,0.0239502,,,,,,,,,,,,,,14.1813,0.620257,0.0838609
-0.118651,-0.126792,-0.146749,33.7765,24.9116,corporativo,B,37.3133,0.379198,0.379198,2026-10-08,-0.226608,-0.0224977,Média,BR_VIVO,0.10564,0.109209,VIVT3.SA,BRL,,8,3,Telefônica Brasil (Vivo),0,BR,,32.03,28.8578,27.3129,-0.0130109,-0.0130109,Venda,Communication Services,-0.0990385,,,20.0099,,,,47.4154,,,,,25.8364,,,0.262436,0.0978172
-0.129094,0,0.103475,33.5291,25.3688,utilidade_regulada,C,33.9171,0.133109,0.133109,2026-10-08,-0.140429,-0.024908,Baixa,BR_ENGIE,0.108323,0.112255,EGIE3.SA,BRL,,6,4,Engie Brasil Energia,0,BR,,31.79,29.1541,27.6408,-0.0207705,-0.0207705,Neutro,Utilities,-0.0829146,,33.7755,,,30.5184,,,,,24.3026,,,25.623,,0.267336,0.0892456
-0.133812,-0.280082,-0.441122,59998.2,52663.2,holding,B,71525,,,2026-10-08,-0.214163,-0.0177166,Baixa,CO_SURA,0.117906,0.122484,PFGRUPSURA.CL,COP,,1,1,Grupo Sura,0,CO,,58500,56207,56442.3,-0.0159062,-0.0159062,Venda,Financials,-0.0391972,,,,,,,,,,,,,,51402.9,0.37317,
-0.134314,-0.00521969,-0.112239,66.685,45.5529,utilidade_regulada,C,69.4557,0.2846,0.2846,2026-10-08,-0.208396,-0.0417283,Média,BR_AXIA,0.106243,0.109893,AXIA3.SA,BRL,,2,4,Axia Energia (ex-Eletrobras),0,BR,,59.38,54.9814,52.4913,-0.0280703,-0.0280703,Neutro,Utilities,-0.0740751,,40.0567,,,33.731,,,,,70.1891,,,56.6049,,0.399081,0.0955437
-0.141325,-0.0122316,0.0523377,37.3476,25.995,utilidade_regulada,C,34.2263,0.460497,0.460497,2026-10-08,-0.0817561,-0.0410972,Média,BR_SABESP,0.102191,0.105293,SBSP3.SA,BRL,,7,4,Sabesp,0,BR,,33.36,31.4281,29.7286,-0.0391348,-0.0391348,Neutro,Utilities,-0.057911,,14.3648,,,51.8144,,,,,26.2012,,,26.3676,,0.296182,0.0893104
-0.145025,-0.0755785,0.0320521,82.0096,40.5679,commodity,B,84.0583,0.0457452,0.0457452,2026-10-08,-0.278588,-0.0501624,Alta,CL_SQM,0.101963,0.108179,SQM,USD,,12,2,SQM,0,CL,,64.52,60.6407,55.6194,-0.0430629,-0.0430629,Neutro,Materials,-0.060126,,,,56.8566,,,,,,,,51.8824,,,0.482468,0.089597
-0.146519,-0.208702,-0.208702,67.5522,34.3093,commodity,C,61.3833,0.0757209,0.713162,2026-10-08,-0.184778,0.00282597,Alta,AR_YPF,0.161863,0.166385,YPF,USD,,4,2,YPF,0,AR,,49.9,50.041,48.9704,0.0153441,0.0153441,Neutro,Energy,0.00282597,,,,,,,,,46.3309,,,39.8084,,,0.446322,0.141641
-0.159072,-0.19685,-0.19685,13.7808,1.56423,corporativo,B,11.2278,0.0970241,0.0970241,2026-10-08,-0.310481,-0.0216712,Muito alta,LA_ARCOS,0.135612,0.143474,ARCO,USD,,6,3,Arcos Dorados,0.051,LATAM,,8.12,7.74178,6.92184,-0.0234601,-0.00875748,Neutro,Consumer Discretionary,-0.046579,,,6.91711,,,,7.90309,,,,,6.24419,,,0.356286,0.102573
-0.160494,-0.0910475,,5.95634,4.63685,commodity,C,11.5687,,,2026-10-08,-0.546631,0.00648477,Baixa,AR_LAR,0.173973,0.180131,LAR,USD,,4,1,Lithium Argentina,0,AR,G13,5.26,5.24489,4.92326,0.0134784,0.0134784,Em revisão,Materials,-0.00287281,,,,,,,,,,,,4.50957,,,0.78917,0.15296
-0.161734,-0.142813,0.150403,43.4971,24.5694,commodity,B,40.7333,0.107245,0.107245,2026-10-08,-0.157372,-0.0460524,Alta,BR_ERO,0.113082,0.1189,ERO,USD,,12,3,Ero Copper,0,BR,,35.98,34.323,32.0376,-0.0486516,-0.0486516,Neutro,Materials,-0.0460524,,,,28.0218,,,,,33.6569,,,36.4579,,,0.636254,0.104735
-0.163385,-0.259478,-0.454014,40.7421,3.43233,corporativo,C,24.4286,0.500247,0.500247,2026-10-08,-0.0883046,-0.0332764,Muito alta,BR_AZZAS,0.127109,0.133579,AZZA3.SA,BRL,,4,3,Azzas 2154,0.0465,BR,,25.28,22.2714,20.2067,-0.0362759,-0.0193967,Neutro,Consumer Discretionary,-0.119009,,,8.02519,,,,38.4481,,,,,32.2323,,,0.515723,0.0998795
-0.177422,-0.323692,-0.187781,77.8623,59.0334,banco,B,81.0125,0.168953,0.168953,2026-10-08,-0.165313,-0.0887941,Baixa,CL_BSAC,0.0965679,0.101107,BSANTANDER.SN,CLP,,6,3,Banco Santander-Chile,0,CL,,78.48,67.6201,63.8911,-0.0808542,-0.0808542,Venda,Financials,-0.138378,,,,,,,,79.5123,,74.871,,52.7719,,,0.242259,
-0.177571,-0.125026,,12.3024,9.6284,utilidade_regulada,C,23.81,0.114884,0.114884,2026-10-08,-0.539723,-0.0253928,Baixa,AR_CEPU,0.152497,0.155754,CEPU,USD,,3,3,Central Puerto,0,AR,"G13,G19",12.66,10.9592,10.7321,-0.0250735,-0.0250735,Em revisão,Utilities,-0.134345,,12.5559,,,,,,,,9.64569,,,10.311,,0.603192,
-0.186977,-0.0579763,-0.0397075,34.4966,26.1886,imobiliario,B,35.1923,0.315283,0.315283,2026-10-08,-0.13836,-0.0852345,Baixa,BR_ALLOS,0.102887,0.106083,ALOS3.SA,BRL,,7,2,Allos,0,BR,,35.13,30.3231,29.9012,-0.0840902,-0.0840902,Neutro,Real Estate,-0.136832,,,,,,,,,,40.9037,,21.2939,,,0.27686,0.102413
-0.204449,-0.300542,0.114453,26.2892,23.262,imobiliario,B,45.5,0.0626212,0.0626212,2026-10-08,-0.457566,-0.102911,Baixa,BR_CURY,0.103827,0.107151,CURY3.SA,BRL,,9,2,Cury,0,BR,,31.48,24.6808,24.2563,-0.100622,-0.100622,Neutro,Consumer Discretionary,-0.215986,,,,,,,,,,23.6853,,26.8499,,,0.416674,0.0988102
-0.217183,0.0892596,0.14259,39.6384,15.4366,corporativo,B,32.6667,0.209767,0.209767,2026-10-08,-0.164837,-0.105253,Muito alta,BR_BEMOBI,0.112538,0.117039,BMOB3.SA,BRL,,2,3,Bemobi,0,BR,,32.34,27.282,25.4365,-0.104645,-0.104645,Neutro,Information Technology,-0.1564,,,24.6872,,,,33.9526,,,,,20.7095,,,0.345704,0.111684
-0.219944,-0.167399,-0.159492,87.2014,63.9736,utilidade_regulada,C,121.091,0.846967,0.846967,2026-10-08,-0.378883,-0.067401,Média,AR_PAMPA,0.156562,0.160367,PAM,USD,,9,4,Pampa Energía,0,AR,,80.68,75.2116,73.1104,-0.0633824,-0.0633824,Neutro,Utilities,-0.0677785,,0.368858,,,24.7395,,,,,130.253,,,84.9613,,0.407059,0.135724
-0.223454,-0.279721,-0.299563,8037.27,3461.27,corporativo,B,6814.17,0.336188,0.336188,2026-10-08,-0.18324,-0.136012,Muito alta,CL_FALABELLA,0.09942,0.10463,FALABELLA.SN,CLP,,5,3,Falabella,0,CL,,6510.1,5565.54,5084.32,-0.124034,-0.124032,Venda,Consumer Discretionary,-0.145091,,,6581.91,,,,4524.76,,,,,2775.47,,,0.305425,0.0935796
-0.22482,-0.120371,-0.00031966,431.855,267.983,concessao,B,621.721,0.16217,0.16217,2026-10-08,-0.440319,-0.11188,Alta,MX_ASUR,0.118276,0.122839,ASURB.MX,MXN,,13,2,Grupo Aeroportuario del Sureste,0,MX,,418.55,347.965,332.833,-0.106544,-0.106544,Neutro,Industrials,-0.168641,,,,,,297.82,,,,,,413.111,,,0.247361,0.107964
-0.22651,-0.405123,-0.161843,19.6833,15.7253,seguradora,B,20.2571,0.25477,0.25477,2026-10-08,-0.133194,-0.111796,Baixa,BR_CXSEG,0.118467,0.123769,CXSE3.SA,BRL,,8,2,Caixa Seguridade,0,BR,,21.4,17.559,16.423,-0.108043,-0.108043,Venda,Financials,-0.179487,21.3239,,,,,,,,,,,12.6647,,,0.224965,
-0.227872,-0.290055,-0.242806,82.891,42.5676,commodity,C,91.6022,0.381713,0.381713,2026-10-08,-0.321192,-0.0741469,Alta,MX_VISTA,0.165367,0.170363,VIST,USD,,5,3,Vista Energy,0,AR,,67.16,62.1803,60.0541,-0.0625044,-0.0625044,Neutro,Energy,-0.0741469,,,,31.3616,,,,,88.172,,,84.5273,,,0.481994,0.136163
-0.241735,-0.298001,-0.0812136,55.5518,27.4239,corporativo,B,58.8286,0.354913,0.354913,2026-10-08,-0.299208,-0.117653,Alta,MX_ALSEA,0.134049,0.141855,ALSEA.MX,MXN,,12,3,Alsea,0,MX,,47.52,41.2266,35.8118,-0.107686,-0.107686,Venda,Consumer Discretionary,-0.132436,,,32.8383,,,,57.0798,,,,,25.1355,,,0.260611,0.0993997
-0.242375,-0.177738,-0.193253,44.3241,0,commodity,C,15.5333,0.677341,0.677341,2026-10-08,-0.194714,-0.154814,Muito alta,MX_ALPEK,0.124259,0.131113,ALPEKA.MX,MXN,,5,3,Alpek,0.293,MX,,14.8,12.5088,11.6559,-0.118116,0.184646,Neutro,Materials,-0.154814,,,,4.77385,,,,,29.5046,,,11.805,,,0.357716,0.0928498
-0.243725,-0.370782,-0.141425,4.99568,4.38745,holding,C,5.62,,,2026-10-08,-0.165739,-0.105239,Baixa,BR_COSAN,0.137927,0.145859,CSAN3.SA,BRL,,2,1,Cosan,0,BR,,5.24,4.68855,4.72123,-0.105798,-0.105798,Neutro,Energy,-0.105239,,,,,,,,,,,,,,4.12025,0.509636,0.102916
-0.257938,-0.109378,-0.0514005,46.2312,31.2294,corporativo,B,58.0389,0.0842385,0.0842385,2026-10-08,-0.343521,-0.150335,Média,MX_WALMEX,0.115305,0.119467,WALMEX.MX,MXN,,11,3,Walmart de México,0,MX,,47.25,38.1013,35.7773,-0.142633,-0.142633,Venda,Consumer Staples,-0.193623,,,37.1611,,,,38.2497,,,,,31.4126,,,0.213688,0.109888
-0.258455,-0.129361,-0.180195,63.19,47.9861,utilidade_regulada,C,65.7715,0.50545,0.50545,2026-10-08,-0.162447,-0.156803,Baixa,BR_ENERGISA,0.106797,0.110522,ENGI11.SA,BRL,,2,4,Energisa,0,BR,,66.25,55.0871,52.8831,-0.151658,-0.151658,Neutro,Utilities,-0.168497,,14.7586,,,86.6499,,,,,63.0334,,,43.958,,0.300036,0.0863754
-0.263266,-0.409536,,12.6784,9.47441,banco,C,24.5,0.0829014,0.0829014,2026-10-08,-0.549634,-0.105913,Baixa,AR_BBVA,0.16177,0.16628,BBAR,USD,,1,3,BBVA Argentina,0,AR,G19,12.69,11.034,10.6905,-0.101496,-0.101496,Em revisão,Financials,-0.130499,,,,,,,,8.76709,,10.7475,,9.97296,,,0.702769,
-0.266987,-0.248066,,85.2066,45.5553,commodity,B,101.91,0.278261,0.278261,2026-10-08,-0.355539,-0.147605,Alta,BR_AURA,0.117689,0.124129,AUGO,USD,,3,3,Aura Minerals,0,BR,"G13,G13b",82.49,65.677,61.9801,-0.149298,-0.149298,Em revisão,Materials,-0.203819,,,,67.3157,,,,,75.7266,,,36.8775,,,0.743863,0.113433
-0.274464,-0.125904,-0.10498,188.313,133.028,corporativo,C,213.208,0.140048,0.140048,2026-10-08,-0.26332,-0.171959,Média,MX_KOF,0.112312,0.116069,KOFUBL.MX,MXN,,9,3,Coca-Cola FEMSA,0,MX,,199.72,157.066,147.345,-0.162152,-0.162152,Neutro,Consumer Staples,-0.213569,,,151.022,,,,171.557,,,,,121.111,,,0.240202,0.103031
-0.278631,-0.457244,-0.284477,73.4874,53.3846,banco,A,69.2308,0.133039,0.133039,2026-10-08,-0.0929384,-0.165909,Média,BR_BTG,0.118467,0.123769,BPAC11.SA,BRL,,7,3,BTG Pactual,0,BR,,77.47,62.7966,59.2918,-0.160164,-0.160164,Venda,Financials,-0.189408,,,,,,,,55.9734,,45.7543,,63.66,,,0.38609,
-0.285741,-0.381834,-0.545257,17.3415,0,corporativo,C,8.25,0.17199,0.17199,2026-10-08,-0.00118541,-0.158614,Muito alta,BR_MAGALU,0.131658,0.138742,MGLU3.SA,BRL,,2,3,Magazine Luiza,0.108,BR,,10.25,8.24022,7.45334,-0.154083,-0.113084,Neutro,Consumer Discretionary,-0.196076,,,7.12482,,,,6.58005,,,,,9.65375,,,0.642999,0.0955326
-0.294013,-0.390107,-0.22231,26.577,9.20893,corporativo,C,31.1154,0.491113,0.491113,2026-10-08,-0.423936,-0.164968,Muito alta,BR_SMARTFIT,0.125239,0.131457,SMFT3.SA,BRL,,6,3,Smart Fit,0.0015,BR,,23.57,17.9244,16.1802,-0.168774,-0.168533,Neutro,Consumer Discretionary,-0.239523,,,13.0926,,,,32.0986,,,,,11.6806,,,0.405777,0.100335
-0.294867,-0.165774,-0.150773,16.0588,11.7651,utilidade_regulada,A,18.6264,0.208512,0.208512,2026-10-08,-0.265237,-0.201057,Média,BR_COPEL,0.102247,0.105357,CPLE3.SA,BRL,,5,4,Copel,0,BR,,17.65,13.686,13.14,-0.192621,-0.192621,Venda,Utilities,-0.22459,,9.11353,,,16.044,,,,,14.9756,,,11.9166,,0.257434,0.0891414
-0.298996,-0.185898,-0.206057,58.7862,18.9203,corporativo,A,54.0067,0.183631,0.183631,2026-10-08,-0.271095,-0.167853,Muito alta,BR_LOCALIZA,0.120136,0.125663,RENT3.SA,BRL,,8,3,Localiza,0.0025,BR,,52.32,39.3657,35.3367,-0.17886,-0.178296,Venda,Industrials,-0.247597,,,36.5691,,,,49.6772,,,,,32.6585,,,0.430083,0.0956554
-0.299865,-0.170771,-0.0933319,55.9786,39.9651,utilidade_regulada,A,72.8858,0.22283,0.22283,2026-10-08,-0.350323,-0.205045,Média,BR_COPASA,0.101911,0.104976,CSMG3.SA,BRL,,4,4,Copasa,0,BR,,63.69,47.3523,45.2649,-0.197954,-0.197954,Venda,Utilities,-0.25652,,63.2155,,,35.178,,,,,42.6898,,,44.3284,,0.327073,0.0906954
-0.306139,-0.201689,0.211875,194.022,108.329,concessao,C,259.6,0.194946,0.194946,2026-10-08,-0.418993,-0.187617,Alta,MX_OMA,0.117822,0.122324,OMAB.MX,MXN,,10,2,Grupo Aeroportuario Centro Norte,0,MX,,205.6,150.829,144.862,-0.188316,-0.188316,Neutro,Industrials,-0.266394,,,,,,165.634,,,,,,111.59,,,0.293866,0.109053
-0.306442,0,0.0664218,3.76703,2.31558,corporativo,B,5.57,0.272545,0.272545,2026-10-08,-0.459291,-0.194894,Alta,BR_VTEX,0.115449,0.121587,VTEX,USD,,4,3,VTEX,0,BR,,3.95,3.01175,2.8326,-0.190993,-0.190993,Neutro,Information Technology,-0.237531,,,2.84541,,,,3.80889,,,,,1.90436,,,0.452132,0.114815
-0.32458,-0.211483,-0.090542,101.657,36.6283,corporativo,B,117.449,0.368421,0.368421,2026-10-08,-0.421463,-0.237952,Muito alta,BR_EMBRAER,0.099538,0.104395,EMBJ3.SA,BRL,,6,3,Embraer,0.0005,BR,,89.7,67.9486,61.5857,-0.225042,-0.225023,Venda,Industrials,-0.24249,,,53.0881,,,,98.7326,,,,,43.762,,,0.3804,0.0924304
-0.326123,-0.472393,-0.287818,156.452,119.203,banco,B,183.65,0.175153,0.175153,2026-10-08,-0.254056,-0.232089,Baixa,CL_BCHILE,0.0965679,0.101107,CHILE.SN,CLP,,7,3,Banco de Chile,0,CL,,189.8,136.993,129.451,-0.229555,-0.229555,Venda,Financials,-0.278226,,,,,,,,164.852,,150.198,,106.838,,,0.259367,
-0.337758,-0.273121,0.0399669,209.455,139.628,commodity,B,236.745,0.229006,0.229006,2026-10-08,-0.266289,-0.215043,Média,MX_GMEXICO,0.127456,0.133259,GMEXICOB.MX,MXN,,7,3,Grupo México,0,MX,,230.37,173.703,166.232,-0.210302,-0.210302,Neutro,Materials,-0.245985,,,,157.877,,,,,209.464,,,118.845,,,0.36898,0.120696
-0.337982,-0.189422,-0.210346,173.585,120.551,corporativo,B,238.333,0.147107,0.147107,2026-10-08,-0.395548,-0.233172,Média,MX_AC,0.112173,0.115911,AC.MX,MXN,,1,3,Arca Continental,0,MX,,195.69,144.061,135.467,-0.225809,-0.225809,Venda,Consumer Staples,-0.263832,,,153.609,,,,124.739,,,,,107.745,,,0.222356,0.103284
-0.343383,-0.194823,0.043423,17.9266,9.18395,corporativo,B,21.9615,0.355014,0.355014,2026-10-08,-0.399905,-0.250208,Alta,MX_SIGMA,0.105565,0.109893,SIGMAFA.MX,MXN,,4,3,Sigma Foods (ex-Alfa),0,MX,,18.26,13.179,11.9943,-0.237818,-0.237818,Neutro,Consumer Staples,-0.27826,,,11.8275,,,,18.3676,,,,,7.513,,,0.178099,0.0901676
-0.359406,-0.455499,-0.590208,5.88902,3.92755,imobiliario,B,8.43846,0.216618,0.216618,2026-10-08,-0.422564,-0.242197,Média,BR_MRV,0.12054,0.126122,MRVE3.SA,BRL,,1,2,MRV Engenharia,0,BR,,6.43,4.87267,4.69241,-0.238866,-0.238866,Venda,Consumer Discretionary,-0.242197,,,,,,,,,,5.53005,,3.56081,,,0.495935,0.0916491
-0.364147,-0.0577044,-0.23474,4.224,3.12915,corporativo,C,5.79,0.248198,0.769677,2026-10-08,-0.368511,-0.241123,Média,BR_LOCAWEB,0.125353,0.131585,LWSA3.SA,BRL,,3,2,Locaweb (LWSA),0,BR,,5.21,3.65632,3.40394,-0.238794,-0.238794,Neutro,Information Technology,-0.298211,,,,,,,2.64134,,,,,4.38535,,,0.452501,0.123814
-0.367073,-0.545687,-0.228853,18.4665,14.8048,corporativo,B,20.8571,0.07656,0.07656,2026-10-08,-0.209693,-0.251427,Baixa,BR_B3,0.118467,0.123769,B3SA3.SA,BRL,,9,2,B3,0,BR,,22.77,16.4835,15.3746,-0.248607,-0.248607,Venda,Financials,-0.276087,,,,,,,16.4064,,,,,14.0729,,,0.404733,
-0.37285,-0.35393,,7.59642,6.12104,commodity,C,11.3333,0.714113,1.12469,2026-10-08,-0.39922,-0.262484,Baixa,BR_SIGMALITH,0.11267,0.118432,SGML,USD,,2,2,Sigma Lithium,0,BR,"G13,G13b",9.56,6.80882,6.39213,-0.260181,-0.260181,Em revisão,Materials,-0.287781,,,,,,,,,1.81158,,,10.8618,,,1.14534,0.107476
-0.375186,-0.383693,-0.383693,1897.6,777.327,corporativo,C,2691.82,0.592052,0.592052,2026-10-08,-0.517954,-0.280331,Muito alta,CL_CENCOSUD,0.114261,0.12162,CENCOSUD.SN,CLP,,5,3,Cencosud,0,CL,,1890,1297.58,1126.57,-0.260925,-0.260925,Neutro,Consumer Staples,-0.313449,,,321.366,,,,2490.36,,,,,1749.69,,,0.34084,0.0896726
-0.378015,-0.599166,-0.229657,18.1451,11.6979,corporativo,C,25.9,0.503997,0.503997,2026-10-08,-0.431502,-0.266565,Alta,BR_RAIADROGASIL,0.118712,0.124047,RADL3.SA,BRL,,6,3,Raia Drogasil,0,BR,,20.82,14.7241,13.3735,-0.259304,-0.259304,Neutro,Consumer Staples,-0.292791,,,8.187,,,,26.2822,,,,,11.9428,,,0.363746,0.107219
-0.383045,-0.269948,-0.269948,20.6959,8.62917,concessao,B,18.6417,0.0966941,0.0966941,2026-10-08,-0.211932,-0.258439,Muito alta,BR_MOTIVA,0.123534,0.129521,MOTV3.SA,BRL,,6,2,Motiva (ex-CCR),0,BR,,20.26,14.6909,13.0937,-0.259511,-0.259504,Venda,Industrials,-0.27488,,,,,,14.119,,,,,,11.6293,,,0.302238,0.0932103
-0.386754,-0.257753,-0.15545,3043.79,2096.61,imobiliario,B,4226.4,0.12841,0.12841,2026-10-08,-0.40218,-0.304492,Média,CL_PARAUCO,0.0907641,0.0945193,PARAUCO.SN,CLP,,4,2,Parque Arauco,0,CL,,3710,2526.62,2451.16,-0.29599,-0.29599,Venda,Real Estate,-0.318969,,,,,,,,,,2739.75,,2116.2,,,0.3418,0.0803959
-0.396686,-0.283589,-0.558359,9.60964,0.660059,corporativo,C,7.1875,0.704163,0.704163,2026-10-08,-0.300199,-0.26669,Muito alta,BR_RANDON,0.146405,0.155482,RAPT4.SA,BRL,,2,3,Randoncorp,0.0625,BR,,7.31,5.02982,4.40312,-0.250281,-0.2359,Neutro,Industrials,-0.311926,,,0.0352718,,,,9.61144,,,,,9.0217,,,0.439231,0.107014
-0.401343,-0.272342,-0.0629218,28.1221,22.5281,imobiliario,B,37.5,0.1395,0.1395,2026-10-08,-0.325944,-0.297069,Baixa,BR_MULTIPLAN,0.104825,0.108284,MULT3.SA,BRL,,5,2,Multiplan,0,BR,,37.74,25.2771,24.7336,-0.296518,-0.296518,Venda,Real Estate,-0.33023,,,,,,,,,,28.1465,,21.255,,,0.298755,0.0947417
-0.404447,-0.335,-0.412535,8987.59,6854.74,corporativo,B,12436.7,0.22525,0.22525,2026-10-08,-0.371188,-0.289971,Baixa,CO_CEMARGOS,0.120146,0.125028,CEMARGOS.CL,COP,,3,3,Cementos Argos,0,CO,,11300,7820.34,7441.29,-0.284301,-0.284301,Venda,Materials,-0.307934,,,8184.06,,,,4674.63,,,,,7608.27,,,0.339483,0.110592
-0.408903,-0.38908,-0.0368174,80.5887,38.4862,corporativo,C,98.3875,0.775124,0.775124,2026-10-08,-0.390239,-0.29659,Muito alta,LA_MILLICOM,0.10948,0.113811,TIGO,USD,,5,3,Millicom (Tigo),0,LATAM,,87.95,59.9929,55.7883,-0.299423,-0.299423,Neutro,Communication Services,-0.317875,,,28.8169,,,,135.708,,,,,29.6987,,,0.404765,0.0966163
-0.419162,-0.400241,-0.317243,14.4922,3.1361,commodity,B,9.5,0.408551,0.45753,2026-10-08,-0.366519,-0.457277,Muito alta,BR_CBA,0.131895,0.139011,CBAV3.SA,BRL,,1,3,Companhia Brasileira de Alumínio,0.004,BR,,11.17,6.01807,5.7485,-0.287267,-0.286687,Venda,Materials,-0.461229,,,,2.97545,,,,,8.41275,,,9.43997,,,0.302927,0.104315
-0.432872,-0.528965,-0.300559,12.924,7.50942,corporativo,C,15.4375,0.519833,0.519833,2026-10-08,-0.346417,-0.323208,Alta,BR_ALPARGATAS,0.117073,0.122187,ALPA4.SA,BRL,,5,3,Alpargatas,0,BR,,15.82,10.0897,9.34526,-0.315798,-0.315798,Neutro,Consumer Discretionary,-0.362219,,,6.74369,,,,18.2736,,,,,6.57794,,,0.42916,0.110173
-0.446176,-0.317082,-0.411561,12.4562,9.06153,utilidade_regulada,C,14.6246,,1,2026-10-08,-0.274324,-0.339183,Média,BR_AUREN,0.113751,0.118416,AURE3.SA,BRL,,2,1,Auren Energia,0,BR,,16.06,10.6127,9.85095,-0.332424,-0.332424,Neutro,Utilities,-0.339183,,,,,,,,,,,,,9.5288,,0.351396,0.0911241
-0.449424,-0.320424,-0.122211,22.6765,17.8416,imobiliario,C,33.475,0.143382,0.143382,2026-10-08,-0.397674,-0.346104,Baixa,BR_IGUATEMI,0.105333,0.10886,IGTI11.SA,BRL,,6,2,Iguatemi,0,BR,,32.38,20.1629,19.7307,-0.344092,-0.344092,Neutro,Real Estate,-0.377305,,,,,,,,,,22.5486,,16.8934,,,0.308717,0.0937972
-0.451227,-0.341586,-0.330817,22.1358,10.7012,commodity,B,34.9517,0.319442,0.319442,2026-10-08,-0.535377,-0.355065,Muito alta,PE_HUDBAY,0.101144,0.106862,HBM,USD,,16,3,Hudbay Minerals,0,PE,,25.39,16.2394,15.1916,-0.350083,-0.350083,Venda,Materials,-0.360403,,,,10.3803,,,,,24.2218,,,18.9912,,,0.628855,0.0960067
-0.467153,-0.354056,0.0886148,38.7438,25.5167,corporativo,B,56.0812,0.349436,0.349436,2026-10-08,-0.441045,-0.376666,Alta,BR_WEG,0.100161,0.104679,WEGE3.SA,BRL,,9,3,WEG,0,BR,,51.77,31.3469,28.7121,-0.366992,-0.366992,Neutro,Industrials,-0.394497,,,29.9969,,,,41.1019,,,,,16.2325,,,0.291156,0.0991782
-0.47999,-0.410543,-0.340537,34.3824,19.3638,commodity,B,64.525,0.298134,0.298134,2026-10-08,-0.582177,-0.35266,Alta,LA_PAAS,0.124725,0.131116,PAAS,USD,,10,3,Pan American Silver,0,LATAM,,45.31,26.96,25.9809,-0.355265,-0.355265,Venda,Materials,-0.404987,,,,19.8948,,,,,41.8302,,,28.8772,,,0.592305,0.122323
-0.483013,-0.418377,-0.167071,8.25587,2.63249,commodity,C,15.5,0.337949,0.337949,2026-10-08,-0.645575,-0.358975,Muito alta,MX_ENDEAVOUR,0.121673,0.127931,EXK,USD,,4,3,Endeavour Silver,0.008,MX,,8.57,5.49359,5.27679,-0.36134,-0.360659,Neutro,Materials,-0.358975,,,,3.21154,,,,,7.9646,,,6.88914,,,0.795022,0.121316
-0.485203,-0.17876,-0.478411,32.2195,19.4907,corporativo,C,51.2273,0.400085,0.400085,2026-10-08,-0.497305,-0.304947,Alta,AR_GLOBANT,0.180414,0.187443,GLOB,USD,,21,3,Globant,0,AR,,37.05,25.7517,24.1806,-0.304789,-0.304789,Neutro,Information Technology,-0.304947,,,11.0779,,,,31.5013,,,,,33.6062,,,0.595464,0.155528
-0.494475,-0.425028,,6.84859,5.79001,corporativo,C,14.3,0.0771379,0.0771379,2026-10-08,-0.559158,-0.333637,Baixa,AR_LOMA,0.1625,0.167109,LOMA,USD,,3,2,Loma Negra,0,AR,G19,10.01,6.30404,6.06881,-0.331974,-0.331974,Em revisão,Materials,-0.370226,,,,,,,6.1805,,,,,5.29528,,,0.528164,0.155245
-0.508151,-0.686765,-0.392342,9.87712,7.75902,banco,B,18.7727,0.108384,0.108384,2026-10-08,-0.535257,-0.402849,Baixa,BR_NU,0.108932,0.114189,NU,USD,,15,2,Nu Holdings,0,BR,,15.38,8.72449,8.14574,-0.399219,-0.399219,Venda,Financials,-0.432738,,,,,,,,9.4353,,,,7.59002,,,0.420387,
-0.50844,-0.491212,-0.48055,17.7219,12.5814,corporativo,B,21.9583,0.262111,0.262111,2026-10-08,-0.323434,-0.398307,Média,BR_FLEURY,0.117472,0.122639,FLRY3.SA,BRL,,9,3,Fleury,0,BR,,26.35,14.8562,13.7663,-0.390968,-0.390968,Venda,Health Care,-0.436196,,,11.06,,,,20.6113,,,,,14.0204,,,0.289437,0.101717
-0.510381,-0.49146,-0.17367,65.003,3.90142,commodity,B,65.3333,0.11846,0.11846,2026-10-08,-0.462609,-0.375808,Muito alta,BR_UNIPAR,0.119809,0.125293,UNIP6.SA,BRL,,2,3,Unipar,0.064,BR,,60.5,35.1095,32.8818,-0.390572,-0.376794,Venda,Materials,-0.419677,,,,35.3369,,,,,35.4271,,,27.1784,,,0.298912,0.102493
-0.520664,-0.582847,-0.897554,7552.71,0,corporativo,C,7633.37,0.757416,0.757416,2026-10-08,-0.543973,-0.441093,Muito alta,CL_COPEC,0.108674,0.11485,COPEC.SN,CLP,,2,3,Empresas Copec,0.1005,CL,,6600,3481.02,3027.36,-0.41199,-0.385623,Neutro,Energy,-0.472573,,,561.929,,,,3781.66,,,,,8403.29,,,0.220538,0.085551
-0.523141,-0.744292,-0.686589,21.5609,0,commodity,C,19.2,0.412737,0.412737,2026-10-08,-0.539711,-0.438403,Muito alta,BR_SLC,0.117327,0.122475,SLCE3.SA,BRL,,4,3,SLC Agrícola,0.137,BR,,17.52,8.83755,8.07528,-0.405814,-0.35934,Neutro,Consumer Staples,-0.495574,,,,6.64526,,,,,7.91175,,,16.1825,,,0.262752,0.0913178
-0.556659,-0.618842,,19.1682,12.5536,commodity,C,40.875,0.380945,0.380945,2026-10-08,-0.613425,-0.401241,Média,AR_TGS,0.157205,0.161098,TGS,USD,,6,3,Transportadora de Gas del Sur,0,AR,G19,26.39,15.8012,15.445,-0.399453,-0.399453,Em revisão,Energy,-0.401241,,,,8.76174,,,,,24.5178,,,17.4702,,,0.499456,0.150007
-0.558245,-0.429151,-0.388506,31.4088,22.5464,utilidade_regulada,B,52.8614,0.460589,0.460589,2026-10-08,-0.499847,-0.461009,Média,BR_EQUATORIAL,0.105344,0.108872,EQTL3.SA,BRL,,2,4,Equatorial,0,BR,,49.66,26.4388,25.2792,-0.452901,-0.452901,Venda,Utilities,-0.467604,,6.84791,,,36.429,,,,,31.8652,,,22.9672,,0.286644,0.0872726
-0.558624,-0.493987,-0.53914,14.1835,9.22181,corporativo,C,28.7631,0.28327,0.787631,2026-10-08,-0.59444,-0.424422,Alta,MX_ORBIA,0.135215,0.144291,ORBIA.MX,MXN,,10,2,Orbia,0,MX,,22.1,11.6652,10.6703,-0.423409,-0.423409,Neutro,Materials,-0.472164,,,,,,,8.03108,,,,,14.3793,,,0.385832,0.102896
-0.576316,-0.466675,-0.477444,21.5889,10.7503,commodity,C,38.5333,0.502235,0.502235,2026-10-08,-0.58575,-0.475023,Alta,PE_BVN,0.105031,0.111274,BVN,USD,,3,2,Buenaventura,0,PE,,31.43,15.9624,15.1277,-0.471285,-0.471285,Neutro,Materials,-0.492127,,,,9.92477,,,,,,,,29.9526,,,0.537877,0.104976
-0.57938,-0.509933,-0.658036,9116.31,7954.09,holding,C,20025,,,2026-10-08,-0.57222,-0.455315,Baixa,CO_GRUPOARGOS,0.122897,0.12815,PFGRUPOARG.CL,COP,,1,1,Grupo Argos,0,CO,,16500,8566.29,8608.33,-0.456482,-0.456482,Neutro,Materials,-0.480831,,,,,,,,,,,,,,8003.68,0.313218,0.10597
-0.603286,-0.699379,-0.690787,3.26204,1.79813,corporativo,B,4.53333,0.264331,0.264331,2026-10-08,-0.446959,-0.484338,Alta,BR_PETZCOBASI,0.12322,0.129165,AUAU3.SA,BRL,,6,3,Petz-Cobasi,0,BR,,4.95,2.50712,2.27304,-0.480066,-0.480066,Venda,Consumer Discretionary,-0.493512,,,1.63121,,,,3.22926,,,,,2.59836,,,0.4123,0.103084
-0.606728,-0.497086,0.0173778,116.34,69.8596,commodity,C,175.304,0.270449,0.270449,2026-10-08,-0.467731,-0.50867,Alta,PE_SCCO,0.0999341,0.105488,SCCO,USD,,13,3,Southern Copper,0,PE,,198.66,93.309,88.2661,-0.506793,-0.506793,Neutro,Materials,-0.530308,,,,88.6278,,,,,118.325,,,59.4896,,,0.519675,0.0976965
-0.628263,-0.515166,-0.502084,12.6615,7.49616,corporativo,C,23.3961,0.484444,0.484444,2026-10-08,-0.568284,-0.511892,Alta,BR_ORIZON,0.116827,0.121907,ORVR3.SA,BRL,,3,3,Orizon,0,BR,,21.26,10.1005,9.28255,-0.511436,-0.511436,Neutro,Industrials,-0.524908,,,4.4873,,,,17.412,,,,,10.78,,,0.3169,0.106959
-0.670449,-0.541355,-0.447538,16.3033,10.4247,utilidade_regulada,C,31.8167,0.244846,0.244846,2026-10-08,-0.591625,-0.578282,Alta,BR_ENEVA,0.102228,0.105336,ENEV3.SA,BRL,,2,3,Eneva,0,BR,,30.81,12.9931,12.3491,-0.568221,-0.568221,Neutro,Utilities,-0.578282,,,,,8.33016,,,,,15.4142,,,11.704,,0.349717,0.0915041
-0.677369,-0.57292,,13.8697,7.57966,concessao,C,32.4,0.302032,0.302032,2026-10-08,-0.673728,-0.520825,Alta,AR_CAAP,0.162482,0.167087,CAAP,USD,,5,2,Corporación América Airports,0,AR,G11,24.4,10.5712,10.2507,-0.514888,-0.514888,Em revisão,Industrials,-0.566753,,,,,,7.98458,,,,,,14.8949,,,0.382078,0.14434
-0.687444,-0.783537,,1374.02,189.637,corporativo,C,2275.78,0.517209,0.517209,2026-10-08,-0.659924,-0.583156,Muito alta,LA_MELI,0.107716,0.112809,MELI,USD,,22,3,MercadoLibre,0.044,BR,G11,1856.66,773.938,700.722,-0.579728,-0.57543,Em revisão,Consumer Discretionary,-0.583156,,,639.667,,,,1207.6,,,,,307.784,,,0.416073,0.101052
-0.69126,-0.58681,,168.469,93.4443,concessao,B,463.423,0.275239,0.275239,2026-10-08,-0.717138,-0.569848,Alta,MX_GAP,0.119399,0.124114,GAPB.MX,MXN,,8,2,Grupo Aeroportuario del Pacífico,0,MX,G11,358,131.085,123.673,-0.57186,-0.57186,Em revisão,Industrials,-0.633841,,,,,,112.04,,,,,,197.137,,,0.319799,0.106058
-0.696746,-0.548186,-0.444568,102.876,64.9313,corporativo,C,243.192,0.103388,0.103388,2026-10-08,-0.660535,-0.574815,Alta,MX_FEMSA,0.125094,0.130579,FEMSAUBD.MX,MXN,,5,3,FEMSA,0,MX,,216.6,82.5551,75.931,-0.571652,-0.571652,Neutro,Consumer Staples,-0.618859,,,84.5834,,,,88.8809,,,,,69.3736,,,0.233685,0.110526
-0.701391,-0.394949,-0.222932,19.1174,14.3296,corporativo,C,48.9286,0.309955,0.309955,2026-10-08,-0.660748,-0.573749,Baixa,BR_TOTVS,0.129518,0.136313,TOTS3.SA,BRL,,3,3,Totvs,0,BR,,40.81,16.5991,15.1108,-0.571873,-0.571873,Neutro,Information Technology,-0.593258,,,10.3332,,,,23.2699,,,,,17.6663,,,0.39637,0.11722
-0.732243,-0.667606,,8.52311,4.56469,commodity,C,24.75,0.53096,0.53096,2026-10-08,-0.736182,-0.612449,Alta,MX_FIRSTMAJ,0.122482,0.128849,AG,USD,,3,3,First Majestic Silver,0,MX,G11,16.98,6.52948,6.44324,-0.609761,-0.609761,Em revisão,Materials,-0.61546,,,,2.83951,,,,,13.0814,,,7.71286,,,0.755561,0.120029
-0.850976,-0.746527,,49.8133,27.0661,corporativo,C,130,0.201543,0.201543,2026-10-08,-0.711788,-0.735379,Alta,MX_CARSO,0.119714,0.124471,GCARSOA1.MX,MXN,,1,3,Grupo Carso,0,MX,G9,145.1,37.4676,35.0894,-0.731263,-0.731263,Em revisão,Industrials,-0.741781,,,37.8684,,,,23.6651,,,,,37.7633,,,0.356716,0.11198
-0.873962,-0.855041,,10.1939,0,commodity,C,22.4462,0.876559,0.876559,2026-10-08,-0.862525,-0.755218,Muito alta,BR_KLABIN,0.123027,0.128945,KLBN11.SA,BRL,,5,3,Klabin,0.21,BR,"G9,G11",18.5,3.08579,2.61448,-0.750935,-0.694969,Em revisão,Materials,-0.833201,,,,1.68592,,,,,2.58918,,,12.5149,,,0.208517,0.0972113
-0.916362,-0.803265,,7.67431,0,concessao,C,19.04,0.84116,0.84116,2026-10-08,-0.837817,-0.793338,Muito alta,BR_RUMO,0.121658,0.127392,RAIL3.SA,BRL,,8,2,Rumo,0.1485,BR,"G9,G11",18.58,3.08796,2.41851,-0.794704,-0.77309,Em revisão,Industrials,-0.833802,,,,,,0.819484,,,,,,9.49888,,,0.357209,0.0973725
-1.07054,-1.05072,,0.747606,0.535881,corporativo,C,7.2,,1,2026-10-08,-0.911532,-0.926953,Média,LA_LILA,0.144032,0.153032,LILAK,USD,,1,1,Liberty Latin America,0,LATAM,"G9,G11",8.72,0.636972,0.573193,-0.926513,-0.926513,Em revisão,Communication Services,-0.926953,,,,,,,,,,,,0.556778,,,0.426713,0.113883
0.00224059,0.0211614,-0.0957008,8.37312,6.24538,commodity,C,7.10769,,1.41421,2026-10-08,0.0217898,0.141913,Média,BR_CSN,0.146405,0.155482,CSNA3.SA,BRL,,5,1,CSN Siderúrgica Nacional,0,BR,,6.36,7.26256,6.50566,0.148645,0.148645,Neutro,Materials,0.141913,,,,,,,,,,,,6.33508,,,0.587162,0.103308
0.006002,0.0585466,0.219435,36615.8,25160.6,utilidade_regulada,B,26750,0.316594,0.316594,2026-10-08,0.141785,0.110172,Média,CO_ISA,0.110459,0.114031,ISA.CL,COP,,1,4,Interconexión Eléctrica (ISA),0,CO,,28700,30542.7,28967.3,0.116461,0.116461,Neutro,Utilities,0.0642073,,26272.2,,,45971.2,,,,,22614.9,,,24302.3,,0.427898,0.0856282
0.00671865,-0.0554643,0.0577773,27.9238,0,commodity,C,,1.01715,1.01715,2026-10-08,,0.139737,Muito alta,CO_GRANTIERRA,0.117238,0.123939,GTE,USD,,2,3,Gran Tierra Energy,0.166,CO,,10.49,11.9558,11.033,0.123956,0.226648,Neutro,Energy,0.139737,,,,16.4991,,,,,0.426707,,,3.58216,,,0.750623,0.0922662
0.0068984,0.135992,0.264132,32.4799,24.9982,utilidade_regulada,B,35.4318,0.282297,0.282297,2026-10-08,-0.198949,0.105187,Baixa,BR_COMPASS,0.104719,0.108163,PASS3.SA,BRL,,5,2,Compass Gás e Energia,0,BR,,27.72,28.3827,26.9291,0.111617,0.111617,Compra,Utilities,0.0239068,,39.2541,,,,,,,,,,,21.9706,,,0.0843418
0.00778238,0.136783,0.118514,2689.68,1880.79,imobiliario,B,2810,0.216218,0.216218,2026-10-08,-0.188224,0.0935734,Média,CL_CENCOMALLS,0.0885389,0.0919933,CENCOMALLS.SN,CLP,,4,2,Cencosud Shopping,0,CL,,2200,2281.09,2232.82,0.0963213,0.0963213,Compra,Real Estate,0.0368591,,,,,,,,,,2809.55,,1810.59,,,0.31288,0.0813894
0.00814041,0,0.134818,29.431,14.2685,corporativo,C,24.4636,0.393088,0.393088,2026-10-08,-0.111395,0.110794,Muito alta,MX_AMX,0.108872,0.112906,AMXB.MX,MXN,,10,3,América Móvil,0,MX,,20.2,21.7385,20.1245,0.117013,0.117013,Neutro,Communication Services,0.0761624,,,22.2649,,,,27.3247,,,,,9.08546,,,0.246912,0.09113
0.0133863,0.0780228,-0.00880026,98.1885,14.6926,commodity,B,60.6154,0.161697,0.161697,2026-10-08,-0.0614869,0.124282,Muito alta,MX_TERNIUM,0.11498,0.120333,TX,USD,,5,3,Ternium,0.025,MX,,56.47,56.8883,54.3977,0.128366,0.137697,Neutro,Materials,0.00740835,,,,48.4828,,,,,67.4971,,,71.7601,,,0.312829,0.101851
0.013458,0.0780945,0.0936091,230.699,166.397,corporativo,B,266.74,0.0809903,0.0809903,2026-10-08,-0.259952,0.132869,Média,MX_GCC,0.120598,0.125475,GCC.MX,MXN,,3,3,GCC,0,MX,,175.68,197.4,185.146,0.134056,0.134056,Neutro,Materials,0.123636,,,175.991,,,,196.788,,,,,161.644,,,0.283213,0.110946
0.0145098,0.0670544,,108.438,74.5199,utilidade_regulada,B,90.1205,0.016457,0.016457,2026-10-08,-0.00362865,0.0925186,Média,CL_ENELCHILE,0.0925878,0.0965894,ENELCHILE.SN,CLP,,2,3,Enel Chile,0,CL,G19,85.42,89.7935,84.7999,0.107098,0.107098,Em revisão,Utilities,0.0511998,,83.2586,,,,,,,,86.4333,,,85.9832,,0.229613,
0.0189575,0.083594,0.0453388,16.5945,5.11748,corporativo,C,14.8133,0.129958,0.129958,2026-10-08,-0.295867,0.0970102,Muito alta,MX_CEMEX,0.0990295,0.104433,CX,USD,,3,3,Cemex,0.007,MX,,9.56,10.4305,9.38939,0.117987,0.118909,Neutro,Materials,0.0910605,,,10.5043,,,,9.54027,,,,,7.62094,,,0.37106,0.0839923
0.0192897,-0.0768036,-0.101284,18.4772,10.8957,corporativo,C,14.9375,0.628919,0.628919,2026-10-08,-0.0364307,0.133858,Alta,BR_YDUQS,0.132345,0.139522,YDUQ3.SA,BRL,,6,3,Yduqs,0,BR,,13.54,14.3933,12.9846,0.151635,0.151635,Neutro,Consumer Discretionary,0.0630219,,,6.13927,,,,29.8703,,,,,12.0836,,,0.49302,0.0958485
0.0381805,-0.18297,-0.321072,28.6049,16.3121,corporativo,B,23.05,0.315244,0.315244,2026-10-08,-0.05759,0.120208,Alta,BR_MDIAS,0.108012,0.111901,MDIA3.SA,BRL,,8,3,M. Dias Branco,0,BR,,19.86,21.7226,20.5308,0.146192,0.146192,Neutro,Consumer Staples,0.0937841,,,12.7957,,,,29.5494,,,,,25.1736,,,0.337063,0.0984538
0.0481296,-0.264702,-0.146782,194.48,146.653,seguradora,B,176.545,0.0702936,0.0702936,2026-10-08,-0.0453921,0.15338,Baixa,MX_QUALITAS,0.113363,0.117262,Q.MX,MXN,,11,2,Quálitas,0,MX,,154.25,168.531,159.619,0.161493,0.161493,Neutro,Financials,0.0925851,171.027,,,,,,,,,,,148.562,,,0.300883,
0.0562664,-0.0398269,0.0979919,39.1696,27.714,corporativo,B,31.4286,0.309736,0.309736,2026-10-08,0.0461364,0.161875,Média,BR_VIVARA,0.117848,0.123066,VIVA3.SA,BRL,,4,3,Vivara,0,BR,,28.9,32.8786,30.2485,0.174114,0.174114,Neutro,Consumer Discretionary,0.137668,,,21.1831,,,,46.109,,,,,31.6779,,,0.402815,0.108437
0.062183,-0.0648741,0.0103681,58.3285,32.243,corporativo,A,38.2,0.212347,0.212347,2026-10-08,0.170311,0.170491,Alta,BR_ULTRAPAR,0.112073,0.116511,UGPA3.SA,BRL,,5,3,Ultrapar,0,BR,,39.06,44.7059,41.7241,0.174256,0.174256,Neutro,Energy,0.144544,,,48.9585,,,,37.5246,,,,,29.0058,,,0.29954,0.094993
0.0843425,0.232903,0.870939,53.0571,34.0575,corporativo,B,43.5909,0.151321,0.151321,2026-10-08,-0.00647856,0.198971,Alta,MX_KIMBER,0.121408,0.126394,KIMBERA.MX,MXN,,8,3,Kimberly-Clark de México,0,MX,,37.74,43.3085,40.5551,0.20575,0.20575,Compra,Consumer Staples,0.147549,,,46.0852,,,,37.2418,,,,,31.9892,,,0.238959,0.108482
0.0960934,0,0.19026,13.7227,11.7767,imobiliario,B,18.7917,0.0702507,0.0702507,2026-10-08,-0.325747,0.199404,Baixa,BR_DIRECIONAL,0.106556,0.110248,DIRR3.SA,BRL,,5,2,Direcional,0,BR,,11.56,12.6704,12.4053,0.202649,0.202649,Neutro,Consumer Discretionary,0.096052,,,,,,,,,,13.6013,,11.8157,,,0.416822,0.0901742
0.109126,-0.203706,-0.0615293,45.1399,35.9751,corporativo,B,42.125,0.126426,0.126426,2026-10-08,-0.0505313,0.211086,Baixa,MX_BMV,0.113363,0.117262,BOLSAA.MX,MXN,,8,2,Bolsa Mexicana de Valores,0,MX,,34.95,39.9964,37.9072,0.222489,0.222489,Neutro,Financials,0.144388,,,,,,,42.8241,,,,,33.2113,,,0.268337,
0.110383,0.0142895,-0.289462,5.184,1.80773,corporativo,B,3.58462,0.290654,0.290654,2026-10-08,-0.0327484,0.228313,Muito alta,BR_COGNA,0.127919,0.134499,COGN3.SA,BRL,,5,3,Cogna,0.005,BR,,2.93,3.46723,3.15295,0.238302,0.238977,Neutro,Consumer Discretionary,0.183355,,,2.1893,,,,3.70554,,,,,4.67903,,,0.460671,0.0917288
0.113927,-0.0323433,-0.0409772,90998.9,59953.8,banco,B,68402.2,0.0614954,0.0614954,2026-10-08,0.0871728,0.198972,Média,CL_BCI,0.0965679,0.101107,BCI.SN,CLP,,8,3,Banco de Crédito e Inversiones,0,CL,,63300,74365,70080.8,0.210495,0.210495,Neutro,Financials,0.174803,,,,,,,,70937.7,,76089.6,,65424.3,,,0.294291,
0.119177,0.110669,0.0708029,16.3778,9.38186,commodity,C,13.4,0.161431,0.734228,2026-10-08,-0.0364435,0.287978,Alta,AR_ADECOAGRO,0.168073,0.173434,AGRO,USD,,4,2,Adecoagro,0,AR,,10.46,12.9117,12.5641,0.287249,0.287249,Neutro,Consumer Staples,0.234384,,,,,,,,,9.67183,,,13.3956,,,0.514215,0.132731
0.122046,-0.0282837,0.0821209,522.206,376.069,banco,B,427.478,0.146655,0.146655,2026-10-08,0.0412627,0.207887,Média,PE_CREDICORP,0.0922021,0.0967116,BAP,USD,,9,3,Credicorp,0,PE,,380.38,445.117,418.724,0.214248,0.214248,Neutro,Financials,0.17019,,,,,,,,453.455,,321.49,,440.67,,,0.340824,
0.124468,-0.0218024,,10.3594,7.74192,banco,C,12.3598,0.145061,0.145061,2026-10-08,-0.273288,0.277984,Baixa,AR_SUPERVIELLE,0.16177,0.16628,SUPV,USD,,2,3,Grupo Supervielle,0,AR,G19,7.12,8.98201,8.66158,0.286238,0.286238,Em revisão,Financials,0.261519,,,,,,,,7.80615,,5.99804,,8.58155,,,0.805556,
0.150319,0.169239,0.0813043,14.7604,12.9421,holding,C,12.425,,,2026-10-08,0.113822,0.268686,Baixa,BR_GOAU,0.118007,0.124937,GOAU4.SA,BRL,,1,1,Metalúrgica Gerdau,0,BR,,11.2,13.8392,13.9273,0.268326,0.268326,Neutro,Materials,0.235646,,,,,,,,,,,,,,12.7095,0.296735,0.0879169
0.160134,0.177361,0.166699,20.5933,16.0048,seguradora,C,17.975,0.303298,0.303298,2026-10-08,0.00808065,0.263882,Baixa,BR_BRADSAUDE,0.112892,0.117441,SAUD3.SA,BRL,,6,2,Bradesco Saúde,0,BR,,15.65,18.1202,17.0449,0.273026,0.273026,Neutro,Health Care,0.157843,23.1639,,,,,,,,,,,12.3827,,,0.376688,
0.178613,0,-0.0900894,10.7214,7.73703,banco,B,8.7678,0.0912401,0.0912401,2026-10-08,0.0423931,0.280549,Média,BR_INTER,0.108932,0.114189,INTR,USD,,8,3,Inter&Co,0,BR,,7.24,9.13949,8.60199,0.287546,0.287546,Neutro,Financials,0.262361,,,,,,,,8.86953,,7.14656,,8.54057,,,0.530692,
0.191931,0.0648741,0.0648741,107.855,59.484,commodity,A,69.2071,0.206559,0.206559,2026-10-08,0.187599,0.289259,Alta,BR_PRIO,0.116493,0.121528,PRIO3.SA,BRL,,6,3,PRIO,0,BR,,63.75,82.1903,77.7941,0.308424,0.308424,Neutro,Energy,0.289259,,,,70.9911,,,,,58.8643,,,96.236,,,0.364807,0.0976495
0.192433,0.184293,-0.0801971,89.8431,44.7427,corporativo,B,69.6231,0.49637,0.49637,2026-10-08,-0.0623659,0.285438,Alta,MX_MEGACABLE,0.119385,0.124099,MEGACPO.MX,MXN,,10,3,Megacable,0,MX,,52.75,65.281,61.6727,0.311818,0.311818,Neutro,Communication Services,0.237554,,,87.1476,,,,27.1439,,,,,40.8613,,,0.30517,0.0877847
0.195118,0.214039,0.171296,56.0293,6.93811,commodity,A,27.3214,0.167964,0.167964,2026-10-08,0.127999,0.284178,Muito alta,BR_GERDAU,0.107081,0.112535,GGBR4.SA,BRL,,5,3,Gerdau,0.0435,BR,,24.77,30.8185,28.9612,0.302199,0.316751,Compra,Materials,0.244187,,,,27.4031,,,,,24.9433,,,36.5092,,,0.292431,0.0955361
0.195589,0.0169758,0.430917,24.5901,14.1011,corporativo,B,18.8,0.198662,0.198662,2026-10-08,0.0193282,0.297707,Alta,LA_DLOCAL,0.104516,0.11069,DLO,USD,,4,3,dLocal,0,UY,,15,19.1634,17.391,0.300106,0.300106,Neutro,Financials,0.277558,,,17.6862,,,,21.8435,,,,,13.2788,,,0.459977,0.103602
0.221151,0,-0.131404,13.2407,6.36435,corporativo,C,10.1071,0.695991,0.695991,2026-10-08,-0.0379314,0.319365,Muito alta,BR_NATURA,0.112059,0.117763,NATU3.SA,BRL,,5,3,Natura Cosméticos,0,BR,,7.37,9.72372,8.82966,0.33321,0.33321,Neutro,Consumer Staples,0.319365,,,0.871001,,,,19.9724,,,,,13.2612,,,0.472435,0.0968108
0.228208,0.220067,0.240025,26.2403,20.3604,corporativo,B,24.0929,0.369423,0.369423,2026-10-08,-0.0458723,0.325019,Baixa,BR_TIM,0.107065,0.110827,TIMS3.SA,BRL,,11,2,TIM Brasil,0,BR,,18.89,22.9877,21.6984,0.335273,0.335273,Compra,Communication Services,0.216924,,,,,,,30.9612,,,,,14.2567,,,0.288609,0.0938747
0.234918,0.107861,-0.114877,22.4898,8.98783,commodity,A,11.8692,0.137459,0.137459,2026-10-08,0.303588,0.336952,Muito alta,BR_RECV,0.121458,0.127164,RECV3.SA,BRL,,5,3,PetroRecôncavo,0.001,BR,,12.1,15.4726,14.7663,0.356376,0.356521,Neutro,Energy,0.278723,,,,12.8631,,,,,15.4656,,,18.0707,,,0.327212,0.0931686
0.237285,0.256206,0.256206,96.3105,17.2215,commodity,C,64.5471,0.30444,0.30444,2026-10-08,-0.113906,0.354742,Muito alta,BR_SUZANO,0.11952,0.125809,SUZB3.SA,BRL,,4,3,Suzano,0.0325,BR,,42.77,57.1948,53.1823,0.356805,0.365372,Neutro,Materials,0.337265,,,,51.5929,,,,,32.6644,,,71.3388,,,0.285204,0.092969
0.24348,0.372481,0.295616,114.772,89.017,imobiliario,B,84.2882,0.374318,0.374318,2026-10-08,0.203904,0.350234,Baixa,MX_FIBRAPL,0.110936,0.114508,FIBRAPL14.MX,MXN,,5,2,Fibra Prologis,0,MX,,75.85,101.475,99.5719,0.354417,0.354417,Compra,Real Estate,0.337837,,,,,,,,,,136.948,,62.3481,,,0.245269,0.0983544
0.245692,0.149599,-0.00103464,17.6777,10.1881,corporativo,B,15.75,0.297235,0.297235,2026-10-08,-0.127627,0.365632,Alta,BR_SBF,0.135826,0.143474,SBFG3.SA,BRL,,4,3,Grupo SBF (Centauro),0,BR,,10.36,13.7399,12.4178,0.381518,0.381518,Neutro,Consumer Discretionary,0.326242,,,8.82561,,,,18.7656,,,,,13.4075,,,0.481338,0.0934385
0.248924,0.377924,0.297548,52.2638,39.2979,imobiliario,C,38.6753,0.57653,0.57653,2026-10-08,0.171476,0.342695,Baixa,MX_VESTA,0.102171,0.105793,VTMX,USD,,4,2,Corporación Inmobiliaria Vesta,0,MX,,33.94,45.3072,44.6708,0.351095,0.351095,Neutro,Real Estate,0.33492,,,,,,,,,,73.68,,19.7911,,,0.238542,0.0894459
0.25459,0.158497,0.322629,41.8939,35.1846,imobiliario,B,46.5417,0.0537269,0.0537269,2026-10-08,-0.175852,0.355191,Baixa,BR_TENDA,0.105273,0.108792,TEND3.SA,BRL,,9,2,Tenda,0,BR,,29.49,38.3573,37.3866,0.359863,0.359863,Compra,Consumer Discretionary,0.300687,,,,,,,,,,38.5146,,34.5871,,,0.505811,0.093024
0.257451,0.0363,0.189472,26.6419,22.5698,corporativo,C,22.8733,0.441958,0.8905,2026-10-08,0.0717062,0.386383,Baixa,BR_MBRF,0.131937,0.139059,MBRF3.SA,BRL,,2,2,MBRF (Marfrig+BRF),0,BR,,18.69,24.5135,22.7133,0.389388,0.389388,Neutro,Consumer Staples,0.311581,,,,,,,33.0083,,,,,12.7743,,,0.518684,0.0987133
0.25878,0.371877,0.430785,28.5284,17.6386,corporativo,B,18.5727,0.254008,0.254008,2026-10-08,0.23178,0.374711,Alta,BR_GPS,0.118976,0.124346,GGPS3.SA,BRL,,6,3,GPS Participações,0,BR,,17,22.8775,21.0379,0.377755,0.377755,Compra,Industrials,0.345734,,,25.9738,,,,16.8508,,,,,14.7425,,,0.364413,0.0991678
0.265077,0.13802,0.153593,71.8881,30.288,corporativo,A,41.8062,0.140416,0.140416,2026-10-08,0.198721,0.364804,Muito alta,BR_VIBRA,0.112374,0.116852,VBBR3.SA,BRL,,5,3,Vibra Energia,0.001,BR,,37.55,50.114,46.6807,0.377451,0.3777,Neutro,Energy,0.334593,,,51.3421,,,,45.3866,,,,,36.214,,,0.282859,0.0944716
0.269953,0.399047,0.282603,61.8494,44.8278,utilidade_regulada,C,42.7775,0.617054,0.617054,2026-10-08,0.242886,0.379179,Média,BR_ALUPAR,0.111763,0.116159,ALUP11.SA,BRL,,3,4,Alupar,0,BR,,39.36,53.1675,50.4172,0.381716,0.381716,Neutro,Utilities,0.350801,,19.714,,,104.792,,,,,59.8041,,,29.9136,,0.232883,0.0840946
0.272959,0.176865,0.272673,22.479,16.3684,corporativo,B,21,0.371347,0.371347,2026-10-08,-0.0840869,0.382259,Média,BR_VULCABRAS,0.118148,0.123407,VULC3.SA,BRL,,4,3,Vulcabras,0,BR,,15.46,19.2342,17.7319,0.391106,0.391106,Compra,Consumer Discretionary,0.244125,,,15.3734,,,,31.0411,,,,,14.659,,,0.272711,0.107847
0.281626,-0.031206,0.0500756,282.031,215.925,banco,B,223.688,0.0608459,0.0608459,2026-10-08,0.107849,0.38862,Baixa,MX_BANORTE,0.113363,0.117262,GFNORTEO.MX,MXN,,10,3,Grupo Financiero Banorte,0,MX,,190.12,247.812,238.122,0.394989,0.394989,Neutro,Financials,0.303453,,,,,,,,259.071,,229.966,,226.818,,,0.261653,
0.283344,0.274837,0.608648,7845.17,5087.42,corporativo,B,5057.73,0.294638,0.294638,2026-10-08,0.267872,0.375044,Alta,CL_ANDINA,0.0912618,0.0950842,ANDINA-B.SN,CLP,,8,3,Embotelladora Andina,0,CL,,4850,6412.56,5861.56,0.374606,0.374606,Compra,Consumer Staples,0.322177,,,7003.27,,,,7046.93,,,,,3391.49,,,0.264846,0.0832781
0.284485,0.413579,0.398578,69.7642,52.187,utilidade_regulada,B,37.8077,0.268786,0.268786,2026-10-08,0.59012,0.37925,Baixa,BR_TAESA,0.103594,0.106886,TAEE11.SA,BRL,,3,4,Taesa,0,BR,,45.63,60.1188,57.235,0.388079,0.388079,Compra,Utilities,0.317527,,54.9618,,,86.9599,,,,,50.3344,,,46.4406,,0.231225,0.0850835
0.294702,0.148432,,57.2841,45.4152,banco,C,66.5742,0.0668538,0.0668538,2026-10-08,-0.231786,0.449791,Baixa,AR_GALICIA,0.16177,0.16628,GGAL,USD,,5,3,Grupo Financiero Galicia,0,AR,G19,36.76,51.1433,49.6163,0.456473,0.456473,Em revisão,Financials,0.391275,,,,,,,,43.0616,,50.5548,,45.6879,,,0.628165,
0.304763,0.409212,0.31427,448.472,321.921,concessao,B,325,0.0847941,0.0847941,2026-10-08,0.184985,0.420445,Média,MX_PINFRA,0.116904,0.121282,PINFRA.MX,MXN,,5,2,Pinfra,0,MX,,274.05,385.12,369.303,0.421667,0.421667,Compra,Industrials,0.405291,,,,,,365.679,,,,,,308.512,,,0.256687,0.112086
0.312832,0,-0.16206,75.1434,44.1653,banco,B,44.1429,0.14127,0.14127,2026-10-08,0.322228,0.403053,Alta,MX_INBURSA,0.113363,0.117262,GFINBURO.MX,MXN,,6,3,Grupo Financiero Inbursa,0,MX,,41.6,58.367,55.5449,0.426195,0.426195,Neutro,Financials,0.403053,,,,,,,,54.4856,,40.2652,,56.0507,,,0.232019,
0.313101,0.134488,0.0179485,33.5338,23.6359,banco,A,22.3334,0.0660438,0.0660438,2026-10-08,0.275128,0.426461,Média,BR_BRADESCO,0.118467,0.123769,BBDC4.SA,BRL,,9,3,Banco Bradesco,0,BR,,21.51,28.4779,27.1327,0.431568,0.431568,Neutro,Financials,0.323939,,,,,,,,29.0158,,29.8092,,25.5333,,,0.296743,
0.314583,0.443677,0.503091,82.0678,55.9403,utilidade_regulada,B,51.5717,0.401537,0.401537,2026-10-08,0.329841,0.413411,Média,BR_CPFL,0.102759,0.105938,CPFE3.SA,BRL,,6,4,CPFL Energia,0,BR,,50.36,68.5821,65.3093,0.417342,0.417342,Compra,Utilities,0.361838,,55.1404,,,114.398,,,,,48.3792,,,52.4077,,0.260253,0.0869224
0.320867,0.449868,0.386375,21.9954,17.9045,imobiliario,C,21.8667,0.346218,0.346218,2026-10-08,-0.0880284,0.47564,Baixa,AR_IRSA,0.154734,0.158293,IRS,USD,,1,2,IRSA,0,AR,,13.85,19.9418,19.678,0.475602,0.475602,Neutro,Real Estate,0.439842,,,,,,,,,,25.5992,,12.4321,,,0.490777,0.134086
0.320911,0.425361,0.439051,68.0882,38.9411,corporativo,B,55.75,0.23884,0.23884,2026-10-08,-0.0420433,0.418786,Alta,CO_TECNOGLASS,0.10225,0.106926,TGLS,USD,,5,3,Tecnoglass,0,CO,,37.84,53.4061,49.2997,0.423161,0.423161,Compra,Industrials,0.411366,,,41.2359,,,,68.4193,,,,,43.9353,,,0.41354,0.0956218
0.322412,0.176141,0.0437759,39034.4,24503.7,banco,B,25387.4,0.0859705,0.0859705,2026-10-08,0.227133,0.400895,Alta,CL_ITAU,0.0965679,0.101107,ITAUCL.SN,CLP,,3,3,Banco Itaú Chile,0,CL,,22689,31153.7,29374.9,0.41898,0.41898,Neutro,Financials,0.373076,,,,,,,,29283,,33291.5,,27085.3,,,0.313109,
0.349064,0.401609,0.401609,3123.88,2130.24,utilidade_regulada,B,1983.01,0.370118,0.370118,2026-10-08,0.304873,0.419255,Média,CL_ECL,0.0913714,0.0952086,ECL.SN,CLP,,4,4,Engie Energía Chile,0,CL,,1846,2587.58,2453.15,0.440436,0.440436,Compra,Utilities,0.401721,,951.52,,,3351.38,,,,,2602.87,,,2548.61,,0.26546,0.0708165
0.361566,0.474663,0.478647,31.1488,10.0727,concessao,C,12.2077,0.561148,0.561148,2026-10-08,0.66716,0.48654,Muito alta,BR_ECORODOVIAS,0.146405,0.155482,ECOR3.SA,BRL,,1,2,EcoRodovias,0.005,BR,,13.77,20.3522,17.4284,0.507971,0.508739,Neutro,Industrials,0.478009,,,,,,22.7652,,,,,,6.3995,,,0.504466,0.0918571
0.365172,0.302989,0.214011,5390.42,2096,commodity,C,2321.42,0.138077,0.138077,2026-10-08,0.609519,0.486276,Muito alta,CO_ECOPETROL,0.121208,0.126232,ECOPETROL.CL,COP,,7,3,Ecopetrol,0.001,CO,,2720,3736.37,3496.6,0.48638,0.48667,Neutro,Energy,0.373665,,,,3725.04,,,,,3997.39,,,2855.71,,,0.401291,0.0928246
0.365819,0.38474,0.729287,9.93738,4.52455,commodity,B,5.225,0.35757,0.35757,2026-10-08,0.359793,0.482001,Muito alta,BR_CMIN,0.119833,0.125319,CMIN3.SA,BRL,,3,3,CSN Mineração,0,BR,,5.06,7.10492,6.7101,0.485652,0.485652,Compra,Materials,0.404134,,,,8.03113,,,,,6.35443,,,3.03452,,,0.41827,0.104381
0.400108,0.221494,0.243727,24.4985,19.1781,banco,B,18.8,0.0424342,0.0424342,2026-10-08,0.158192,0.515214,Baixa,BR_PINE,0.118467,0.123769,PINE4.SA,BRL,,1,3,Banco Pine,0,BR,,14.73,21.774,20.6316,0.518574,0.518574,Compra,Financials,0.478209,,,,,,,,19.5174,,21.3936,,19.6423,,,0.473993,
0.416458,0.485905,0.460851,20.2714,11.9333,commodity,B,14.5,0.230271,0.230271,2026-10-08,0.11581,0.548604,Alta,LA_FORTUNA,0.125442,0.131929,FSM,USD,,4,3,Fortuna Mining,0,LATAM,,10.61,16.1792,15.4295,0.541899,0.541899,Compra,Materials,0.524905,,,,14.0913,,,,,19.5099,,,11.2127,,,0.593628,0.121558
0.422575,0.201424,0.201424,43.0802,0,commodity,C,20.5091,0.214604,0.214604,2026-10-08,-0.0660376,0.489458,Muito alta,BR_3TENTOS,0.112906,0.117456,TTEN3.SA,BRL,,5,3,3tentos,0.1365,BR,,12.98,19.1547,18.1682,0.535481,0.627838,Neutro,Consumer Staples,0.475711,,,,15.1771,,,,,16.8594,,,24.4681,,,0.410109,0.0958907
0.437794,0.341701,0.368082,35.0072,15.7453,corporativo,B,17.1143,0.307062,0.307062,2026-10-08,0.462459,0.538884,Muito alta,BR_SER,0.121133,0.126796,SEER3.SA,BRL,,3,3,Ser Educacional,0,BR,,16.92,25.029,22.8729,0.558927,0.558949,Compra,Consumer Discretionary,0.479253,,,25.7821,,,,28.5454,,,,,12.7889,,,0.539237,0.0965876
0.442618,0.495162,0.430134,268.889,176.324,utilidade_regulada,C,161.962,0.118577,0.118577,2026-10-08,0.356652,0.516505,Alta,CL_COLBUN,0.0889414,0.0924503,COLBUN.SN,CLP,,2,4,Colbún,0,CL,,150.53,219.726,207.282,0.531559,0.531559,Neutro,Utilities,0.459683,,220.033,,,164.468,,,,,209.929,,,226.871,,0.221146,0.0775346
0.446783,0.575877,0.424106,21.2664,15.0508,utilidade_regulada,B,12.1157,0.20818,0.20818,2026-10-08,0.483023,0.540651,Média,BR_CEMIG,0.103386,0.10665,CMIG4.SA,BRL,,2,4,Cemig,0,BR,,12.07,17.9679,17.2234,0.550169,0.550169,Compra,Utilities,0.488638,,12.6916,,,21.6781,,,,,19.8285,,,15.0341,,0.238232,0.0855698
0.447544,0.268931,0.414945,17.6707,14.7222,corporativo,B,15,0.274802,0.274802,2026-10-08,0.0685659,0.549764,Baixa,BR_PATRIA,0.108932,0.114189,PAX,USD,,5,2,Patria Investments,0,BR,,11.26,16.0285,14.9955,0.556476,0.556476,Compra,Financials,0.423489,,,,,,,20.0605,,,,,11.4118,,,0.310017,
0.449065,0.136233,0.11268,100.557,71.6873,banco,B,65.5,0.131507,0.131507,2026-10-08,0.30429,0.555461,Média,MX_BAJIO,0.113363,0.117262,BBAJIOO.MX,MXN,,11,3,Banco del Bajío,0,MX,,58.02,85.431,81.8544,0.562428,0.562428,Compra,Financials,0.472441,,,,,,,,90.6035,,65.4252,,81.5853,,,0.279342,
0.466271,0.24512,0.134143,49.6193,12.5168,commodity,C,20.74,0.239609,0.239609,2026-10-08,0.470471,0.563033,Muito alta,BR_SAOMARTINHO,0.122686,0.128559,SMTO3.SA,BRL,,2,3,São Martinho,0.011,BR,,19.81,30.4976,28.852,0.588957,0.593182,Neutro,Consumer Staples,0.539504,,,,31.2445,,,,,16.9413,,,27.2253,,,0.446037,0.0955863
0.500276,0.404183,0.330792,31.7068,9.33251,corporativo,A,16.0833,0.224773,0.224773,2026-10-08,0.249514,0.603855,Muito alta,BR_CEA,0.126297,0.132657,CEAB3.SA,BRL,,4,3,C&A Modas,0.01,BR,,12.53,20.0963,18.2573,0.626573,0.628932,Compra,Consumer Discretionary,0.603855,,,21.0797,,,,17.3129,,,,,11.899,,,0.557984,0.0978137
0.515566,0.294415,0.249276,11.2933,5.24293,corporativo,C,6.71111,0.293892,0.293892,2026-10-08,0.207216,0.618684,Muito alta,BR_PAGUEMENOS,0.129412,0.136193,PGMN3.SA,BRL,,5,3,Pague Menos,0.0005,BR,,5.23,8.10176,7.19023,0.644978,0.645026,Neutro,Consumer Staples,0.549093,,,6.50646,,,,11.0596,,,,,5.91022,,,0.521612,0.0953348
0.537664,0.359051,0.239502,103.964,70.4082,banco,B,65.9,0.033803,0.033803,2026-10-08,0.31544,0.631553,Média,LA_BLADEX,0.0996021,0.104112,BLX,USD,,2,3,Bladex,0,PA,,54.78,86.6875,82.271,0.637267,0.637267,Compra,Financials,0.582466,,,,,,,,81.9347,,85.8479,,79.0615,,,0.234387,
0.541346,0.362732,0.141154,55.9617,36.0802,banco,A,31.5111,0.10925,0.10925,2026-10-08,0.452703,0.653981,Alta,BR_SANTANDER,0.118467,0.123769,SANB11.SA,BRL,,5,3,Banco Santander Brasil,0,BR,,29.08,45.7763,43.5721,0.659813,0.659813,Compra,Financials,0.574149,,,,,,,,42.0292,,51.3469,,40.2503,,,0.312079,
0.546395,0.325244,0.289996,10.9154,7.53595,corporativo,B,5.96111,0.38415,0.38415,2026-10-08,0.524165,0.647958,Média,BR_MATEUS,0.118357,0.123645,GMAT3.SA,BRL,,2,3,Grupo Mateus,0,BR,,5.55,9.08572,8.46552,0.664753,0.664753,Compra,Consumer Staples,0.637066,,,5.03915,,,,13.7042,,,,,8.93033,,,0.428345,0.10727
0.553169,0.457075,0.378087,33.4212,24.8271,imobiliario,B,16.4636,0.267181,0.267181,2026-10-08,0.756209,0.653505,Média,BR_EZTEC,0.105425,0.108964,EZTC3.SA,BRL,,9,2,EZTec,0,BR,,18.27,28.9135,28.3911,0.658594,0.658594,Compra,Consumer Discretionary,0.582569,,,,,,,,,,36.5851,,21.1574,,,0.420695,0.0942333
0.571478,0.700572,0.471086,58.2695,40.047,utilidade_regulada,B,31.2729,0.451223,0.451223,2026-10-08,0.544995,0.660334,Média,BR_ISAENERGIA,0.10986,0.113999,ISAE4.SA,BRL,,3,3,ISA Energia Brasil,0,BR,,29.98,48.3165,45.285,0.681338,0.681338,Compra,Utilities,0.611623,,25.9803,,,75.8553,,,,,,,,38.7814,,0.251246,0.0855833
0.618077,0.439464,0.266353,55.9814,38.7164,banco,A,27.1429,0.136615,0.136615,2026-10-08,0.720331,0.719519,Média,BR_ABC,0.118467,0.123769,ABCB4.SA,BRL,,5,3,Banco ABC Brasil,0,BR,,28.72,46.6948,44.5163,0.736544,0.736544,Compra,Financials,0.625862,,,,,,,,43.3965,,54.9603,,40.2856,,,0.247336,
0.657526,0.561433,0.576809,51.9834,43.6876,imobiliario,B,41.8333,0.0970891,0.0970891,2026-10-08,0.141898,0.760752,Baixa,BR_MOURADUBEUX,0.105372,0.108905,MDNE3.SA,BRL,,3,2,Moura Dubeux,0,BR,,30.24,47.7693,46.9576,0.762898,0.762898,Compra,Consumer Discretionary,0.579674,,,,,,,,,,53.8926,,44.3539,,,0.476116,0.0929903
0.658021,0.43687,,151.314,67.535,corporativo,C,94.9817,0.612519,0.612519,2026-10-08,0.134912,0.747487,Muito alta,BR_JBS,0.102327,0.108405,JBSS32.SA,BRL,,7,3,JBS N.V.,0,BR,G13c,64.01,107.796,96.0378,0.760348,0.760373,Em revisão,Consumer Staples,0.684047,,,57.6984,,,,216.143,,,,,74.353,,,0.350695,0.0790569
0.689266,0.708187,0.708187,69.6712,0,commodity,C,8.37727,,1,2026-10-08,-0.195563,0.538581,Muito alta,BR_BRASKEM,0.146405,0.155482,BRKM5.SA,BRL,,3,1,Braskem,0.4285,BR,,4.38,6.73899,6.79235,0.835671,4.51738,Neutro,Materials,0.538581,,,,,,,,,5.87837,,,,,,0.797874,0.099682
0.692087,0.541758,0.508563,110.733,75.5067,banco,B,66.0029,0.133554,0.133554,2026-10-08,0.386055,0.763573,Média,PE_IFS,0.0922021,0.0967116,IFS,USD,,2,3,Intercorp Financial Services,0,PE,,53,91.4836,85.943,0.78429,0.78429,Compra,Financials,0.726106,,,,,,,,89.8942,,66.8468,,90.4824,,,0.328957,
0.696728,0.845288,0.748955,516.817,334.714,corporativo,B,336.538,0.115152,0.115152,2026-10-08,0.238834,0.782118,Alta,MX_GRUMA,0.101852,0.10605,GRUMAB.MX,MXN,,9,3,Gruma,0,MX,,236.35,416.915,384.984,0.79858,0.79858,Compra,Consumer Staples,0.763971,,,426.069,,,,349.901,,,,,327.035,,,0.199987,0.088044
0.70741,0.611317,0.611317,66.6044,50.0523,imobiliario,B,35.8308,0.00692032,0.00692032,2026-10-08,0.612043,0.803926,Baixa,BR_CYRELA,0.107367,0.111169,CYRE3.SA,BRL,,9,2,Cyrela,0,BR,,33.1,57.7608,56.1681,0.814777,0.814777,Compra,Consumer Discretionary,0.745038,,,,,,,,,,54.369,,53.6217,,,0.494901,0.0887653
0.71661,0.620517,0.602426,30.2522,20.0725,corporativo,C,17.7047,0.159487,0.159487,2026-10-08,0.402091,0.803757,Média,BR_AFYA,0.109982,0.11538,AFYA,USD,,4,3,Afya,0,BR,,14.15,24.8236,22.8368,0.826592,0.826592,Neutro,Consumer Discretionary,0.754318,,,24.5496,,,,25.4449,,,,,17.4328,,,0.304329,0.0898464
0.728953,0.550339,0.480107,21.4161,17.2773,banco,B,15.4836,0.240707,0.240707,2026-10-08,0.244311,0.832676,Baixa,BR_STONE,0.108932,0.114189,STNE,USD,,10,3,StoneCo,0,BR,,11.6,19.2664,18.4433,0.837885,0.837885,Compra,Financials,0.660897,,,,,,,,22.2625,,26.5944,,14.3463,,,0.535184,
0.744906,0.566292,0.407042,150.796,113.675,seguradora,C,70.6429,,,2026-10-08,0.84128,0.845797,Baixa,BR_IRB,0.118467,0.123769,IRBR3.SA,BRL,,4,1,IRB Brasil RE,0,BR,,70.47,130.073,120.417,0.863373,0.863373,Neutro,Financials,0.845797,,,,,,,,,,,,116.296,,,0.326152,
0.757953,0.445122,0.312869,306.991,201.389,banco,B,173.685,0.0782042,0.0782042,2026-10-08,0.446788,0.857629,Alta,MX_REGIONAL,0.113363,0.117262,RA.MX,MXN,,8,3,Regional (Banregio),0,MX,,138.98,251.285,240.292,0.871316,0.871316,Compra,Financials,0.808068,,,,,,,,240.271,,201.917,,238.843,,,0.301627,
0.799045,0.620432,0.36068,53.6261,36.2826,banco,A,24.6692,0.210523,0.210523,2026-10-08,0.808707,0.917333,Média,BR_BB,0.118467,0.123769,BBAS3.SA,BRL,,10,3,Banco do Brasil,0,BR,,24.26,44.6193,42.0899,0.917512,0.917512,Compra,Financials,0.839215,,,,,,,,45.9927,,27.6996,,44.5001,,,0.31609,
0.802973,0.490141,0.490141,79.7042,58.218,banco,B,54,0.191407,0.191407,2026-10-08,0.263348,0.903746,Média,MX_GENTERA,0.113363,0.117262,GENTERA.MX,MXN,,12,3,Gentera,0,MX,,36.88,68.2208,65.1487,0.916336,0.916336,Compra,Financials,0.849804,,,,,,,,63.5777,,43.7247,,70.4861,,,0.347652,
0.833969,0.947066,0.960215,16.6302,8.27799,corporativo,B,5.12308,0.45006,0.45006,2026-10-08,1.39963,0.951415,Alta,BR_VAMOS,0.134733,0.142233,VAMO3.SA,BRL,,8,3,Vamos,0,BR,,6.5,12.2935,11.1567,0.968702,0.968702,Compra,Industrials,0.891304,,,15.4638,,,,8.98798,,,,,4.79695,,,0.597067,0.0923695
0.839804,0.66119,0.48491,24.038,16.4718,banco,B,11.7015,0.0397034,0.0397034,2026-10-08,0.711206,0.936946,Média,BR_PAGS,0.108932,0.114189,PAGS,USD,,8,3,PagSeguro Digital,0,BR,,10.68,20.0237,18.9263,0.948736,0.948736,Compra,Financials,0.874876,,,,,,,,18.8876,,17.4027,,19.0153,,,0.471546,
0.870464,0.983562,0.78858,42.3608,33.5152,corporativo,C,19,0.320951,0.809021,2026-10-08,0.97346,0.966943,Baixa,BR_TUPY,0.117593,0.124889,TUPY3.SA,BRL,,2,2,Tupy,0,BR,,19.68,37.4957,34.0395,0.988057,0.988057,Neutro,Industrials,0.905272,,,,,,,45.7531,,,,,23.5199,,,0.404463,0.0843487
0.89438,1.00748,0.962238,40.4845,23.4491,corporativo,B,16.72,0.254052,0.254052,2026-10-08,0.877992,0.988349,Alta,BR_MILLS,0.11658,0.121627,MILS3.SA,BRL,,1,3,Mills,0,BR,,16.11,31.4,28.8098,1.01096,1.01096,Compra,Industrials,0.949102,,,34.0741,,,,28.8993,,,,,17.704,,,0.25795,0.0967919
0.895886,1.04445,0.782273,29.0192,20.9686,corporativo,C,21.6667,0.274636,0.274636,2026-10-08,0.142901,1.01585,Média,MX_GENOMMA,0.126431,0.132097,LABB.MX,MXN,,5,3,Genomma Lab,0,MX,,12.79,24.7629,22.9932,1.02232,1.02232,Neutro,Consumer Staples,0.936114,,,28.9414,,,,17.4994,,,,,16.1732,,,0.306642,0.100872
0.947544,0.768931,0.461989,44.6405,28.1126,banco,C,15.1571,0.271041,0.271041,2026-10-08,1.38737,1.0589,Alta,BR_BANRISUL,0.118467,0.123769,BRSR6.SA,BRL,,5,3,Banrisul,0,BR,,18.15,36.1856,34.5291,1.06601,1.06601,Neutro,Financials,0.993699,,,,,,,,29.0629,,50.0056,,29.3819,,,0.311815,
0.971762,1.10076,,29.7832,23.7697,imobiliario,B,12.2167,0.0416323,0.0416323,2026-10-08,1.18439,1.07448,Baixa,BR_JHSF,0.108078,0.111977,JHSF3.SA,BRL,,1,2,JHSF,0,BR,G11,13.31,26.686,25.933,1.07984,1.07984,Em revisão,Real Estate,1.00496,,,,,,,,,,26.1736,,24.0814,,,0.389962,0.0871838
0.97321,1.02575,0.849651,217.01,152.693,utilidade_regulada,C,116.133,0.245622,0.245622,2026-10-08,0.572813,1.05263,Média,CL_ENELAM,0.0884519,0.0918946,ENELAM.SN,CLP,,5,4,Enel Américas,0,CL,,90.99,182.656,173.658,1.06166,1.06166,Neutro,Utilities,1.00742,,107.983,,,151.165,,,,,215.546,,,191.632,,0.229515,0.0742937
1.00238,1.11548,0.982595,13.5675,5.94783,corporativo,C,7.33,0.150825,0.150825,2026-10-08,0.313408,1.09357,Muito alta,BR_MARCOPOLO,0.120217,0.125756,POMO4.SA,BRL,,3,3,Marcopolo,0,BR,,4.83,9.62728,8.87085,1.1226,1.1226,Neutro,Industrials,0.993225,,,8.8614,,,,10.8589,,,,,7.52541,,,0.364409,0.0973518
1.0502,0.871591,0.750809,28.0248,21.4909,banco,C,19.7157,0.122856,0.122856,2026-10-08,0.24908,1.15213,Baixa,BR_PICPAY,0.108932,0.114189,PICS,USD,,4,2,PicPay (PicS N.V.),0,BR,,11.98,24.6265,22.986,1.15914,1.15914,Neutro,Financials,1.05563,,,,,,,,26.9335,,,,21.0397,,,0.835648,
1.05503,0.927968,0.874973,151.846,74.9327,commodity,C,59.7625,0.207138,0.207138,2026-10-08,0.860509,1.14306,Alta,BR_PETROBRAS,0.112628,0.117141,PETR4.SA,BRL,,5,3,Petrobras,0,BR,,55.48,111.189,105.323,1.16765,1.16767,Neutro,Energy,1.00412,,,,115.508,,,,,116.298,,,71.4854,,,0.279663,0.0938664
1.07278,1.17723,1.16354,364.469,207.226,corporativo,C,178.733,0.155448,0.155448,2026-10-08,0.580699,1.15449,Alta,LA_COPA,0.101159,0.105879,CPA,USD,,7,3,Copa Holdings,0,PA,,134.52,282.523,261.801,1.17394,1.17394,Neutro,Industrials,1.10023,,,237.167,,,,331.367,,,,,247.089,,,0.42406,0.0874116
1.14129,1.2703,,76.0364,58.0388,imobiliario,C,34.4615,0.546264,0.546264,2026-10-08,0.92993,1.2474,Baixa,MX_FUNO,0.118049,0.122582,FUNO11.MX,MXN,,6,2,Fibra Uno,0,MX,G11,30.37,66.5083,65.6323,1.25934,1.25934,Em revisão,Real Estate,1.18993,,,,,,,,,,105.972,,31.0965,,,0.232935,0.0931174
1.18859,1.31759,,74.1893,55.3208,imobiliario,B,30.31,0.0325736,0.0325736,2026-10-08,1.13041,1.286,Baixa,BR_LOGCP,0.109257,0.113314,LOGG3.SA,BRL,,3,2,LOG Commercial Properties,0,BR,G11,29.89,64.5728,62.9514,1.29785,1.29785,Em revisão,Real Estate,1.16035,,,,,,,,,,64.0221,,59.9828,,,0.326059,0.0856604
1.20718,1.11109,1.15214,20.5647,16.5066,imobiliario,C,15.1667,0.144725,0.144725,2026-10-08,0.217447,1.30682,Baixa,BR_PLANO,0.107439,0.11125,PLPL3.SA,BRL,,6,2,Plano & Plano,0,BR,,8.26,18.4647,17.8738,1.31462,1.31462,Neutro,Consumer Discretionary,1.23543,,,,,,,,,,14.3017,,19.1418,,,0.529383,0.0883481
1.24503,1.14893,,13.6023,6.68283,corporativo,C,3.42727,0.56748,0.619794,2026-10-08,2.62828,1.73392,Alta,BR_ANIMA,0.146405,0.155482,ANIM3.SA,BRL,,7,3,Ânima Educação,0,BR,G11,4.7,12.4351,11.4295,1.39143,1.39143,Em revisão,Consumer Discretionary,1.64577,,,16.8127,,,,6.1201,,,,,5.08837,,,0.740262,0.0835481
1.41378,1.31769,,6.46695,2.13549,corporativo,C,2.7,0.722024,0.722024,2026-10-08,0.562238,1.51074,Muito alta,BR_CVC,0.120765,0.126378,CVCB3.SA,BRL,,2,3,CVC Brasil,0.006,BR,G11,1.68,4.21804,3.88816,1.53454,1.53637,Em revisão,Consumer Discretionary,1.51074,,,5.93226,,,,2.57391,,,,,0.61573,,,0.71044,0.0967127
1.45526,1.55971,,85.8618,0,corporativo,C,26.8222,,,2026-10-08,0.495175,1.57072,Muito alta,MX_AEROMEXICO,0.125287,0.132033,AERO,USD,,5,1,Grupo Aeroméxico,0.118,MX,G11,15.78,40.1039,37.0101,1.58055,1.70655,Em revisão,Industrials,1.54144,,,36.0494,,,,,,,,,,,,0.539872,0.0880124
1.48539,1.61439,,40.6757,29.9695,imobiliario,C,16.52,0.53667,0.53667,2026-10-08,1.13474,1.59223,Média,MX_FMTY,0.11646,0.120778,FMTY14.MX,MXN,,4,2,Fibra Mty,0,MX,G11,14.12,35.2658,34.8781,1.60185,1.60185,Em revisão,Real Estate,1.49758,,,,,,,,,,56.436,,17.0163,,,0.24107,0.0897196
1.51313,1.62277,,50.9271,14.5703,commodity,C,14.84,0.520552,0.520552,2026-10-08,1.18841,1.61144,Muito alta,PE_NEXA,0.121205,0.129633,NEXA,USD,,3,3,Nexa Resources,0.0115,PE,G11,12.51,32.476,30.646,1.63433,1.63877,Em revisão,Materials,1.596,,,,22.0921,,,,,58.729,,,20.682,,,0.73989,0.0836285
1.5782,1.69129,,72.0172,17.0393,corporativo,C,13.2769,0.546972,0.546972,2026-10-08,2.33277,1.7195,Muito alta,BR_MOVIDA,0.146405,0.155482,MOVI3.SA,BRL,,7,3,Movida,0.0165,BR,G11,16.73,44.2489,39.6995,1.7246,1.7339,Em revisão,Industrials,1.64488,,,58.0101,,,,29.0035,,,,,13.7241,,,0.672147,0.0875129
1.89801,2.00246,,211.574,92.6262,corporativo,B,74.26,0.482983,0.482983,2026-10-08,1.03887,2.0046,Muito alta,CL_LATAM,0.0884968,0.0934611,LTM,USD,,6,3,LATAM Airlines Group,0,CL,"G9,G11",50.44,151.406,138.137,1.98651,1.98651,Em revisão,Industrials,2.00171,,,156.342,,,,198.593,,,,,45.6452,,,0.431835,0.0730736
2.30517,2.37462,,3876.99,2713.65,commodity,C,1505.4,,1,2026-10-08,1.16545,2.4021,Média,CL_CMPC,0.119323,0.126938,CMPC.SN,CLP,,4,1,Empresas CMPC,0,CL,"G9,G11",968.4,3259.86,2952.56,2.42449,2.42449,Em revisão,Materials,2.36624,,,,,,,,,,,,2943.38,,,0.301881,0.0960683
2.7116,2.64942,,59.9884,26.6174,commodity,C,10.85,0.415989,0.415989,2026-10-08,2.96502,2.80066,Muito alta,CO_GEOPARK,0.11191,0.117891,GPRK,USD,,3,3,GeoPark,0.0005,CO,G9,11.45,43.0205,40.009,2.82351,2.82367,Em revisão,Energy,2.75725,,,,49.615,,,,,29.7178,,,17.1253,,,0.544595,0.0793141
2.75054,2.65445,,51.3478,20.5608,corporativo,C,12.15,0.750626,0.750626,2026-10-08,1.89578,2.8113,Muito alta,BR_RIACHUELO,0.12706,0.133524,RIAA3.SA,BRL,,3,3,Riachuelo (ex-Guararapes),0.0005,BR,"G9,G11",9.45,35.1837,32.3213,2.8776,2.8777,Em revisão,Consumer Discretionary,2.72314,,,51.9712,,,,14.4333,,,,,9.44998,,,0.474649,0.0961668
2.77731,2.55616,,23.3185,10.3586,corporativo,C,5.48846,0.808898,0.808898,2026-10-08,2.13679,2.97538,Muito alta,BR_MINERVA,0.146405,0.155482,BEEF3.SA,BRL,,5,3,Minerva,0,BR,"G9,G11",4.42,17.2162,16.3635,2.92371,2.92371,Em revisão,Consumer Staples,2.89506,,,25.4687,,,,6.90191,,,,,3.46947,,,0.452517,0.0833705
3.79011,3.80734,,50.9354,36.6911,corporativo,C,11.4846,0.823132,0.823132,2026-10-08,2.76608,3.90384,Média,BR_HAPVIDA,0.146405,0.155482,HAPV3.SA,BRL,,4,2,Hapvida,0,BR,"G9,G11,G13",8.82,43.2519,38.6421,3.93652,3.93652,Em revisão,Health Care,3.90384,,,,,,,6.67293,,,,,68.7837,,,0.908097,0.107199
,,,,,corporativo,Insuficiente,1.9,,,2026-10-08,,,,BR_ONCOCLINICAS,0.146405,0.155482,ONCO3.SA,BRL,"nenhum método com insumos suficientes (Fluxo de caixa livre da firma (três estágios): valor do patrimônio não positivo (dissidência: conta na dispersão como zero); Lucro residual (GLS): LPA, payout ou ROE de convergência indisponível; P/L justificado pelos fundamentos: LPA positivo ou ROE sustentável indisponível)",1,,Oncoclínicas,,BR,,1.06,,,,,Sem preço-alvo,Health Care,,,,,,,,,,,,,,,,1.47732,0.0825093
,,,,,corporativo,Insuficiente,16.09,,,2026-10-08,,,,AR_TEO,0.159456,0.163653,TEO,USD,"nenhum método com insumos suficientes (Fluxo de caixa livre da firma (três estágios): indisponível: unidades, WACC; Lucro residual (GLS): patrimônio por ação indisponível; P/L justificado pelos fundamentos: LPA positivo ou ROE sustentável indisponível)",4,,Telecom Argentina,,AR,G13c,12.8,,,,,Sem preço-alvo,Communication Services,,,,,,,,,,,,,,,,0.58263,
,,,,,corporativo,Insuficiente,2.775,,,2026-10-08,,,,BR_GPA,0.146405,0.155482,PCAR3.SA,BRL,"nenhum método com insumos suficientes (Fluxo de caixa livre da firma (três estágios): valor do patrimônio não positivo (dissidência: conta na dispersão como zero); Lucro residual (GLS): LPA, payout ou ROE de convergência indisponível; P/L justificado pelos fundamentos: LPA positivo ou ROE sustentável indisponível)",1,,GPA (Pão de Açúcar),,BR,,3.42,,,,,Sem preço-alvo,Consumer Staples,,,,,,,,,,,,,,,,0.68917,0.0765074
,,,,,corporativo,Insuficiente,9.46154,,,2026-10-08,,,,MX_VOLARIS,0.141967,0.150967,VLRS,USD,"nenhum método com insumos suficientes (Fluxo de caixa livre da firma (três estágios): valor do patrimônio não positivo (dissidência: conta na dispersão como zero); Lucro residual (GLS): LPA, payout ou ROE de convergência indisponível; P/L justificado pelos fundamentos: LPA positivo ou ROE sustentável indisponível)",8,,Volaris,,MX,,6.28,,,,,Sem preço-alvo,Industrials,,,,,,,,,,,,,,,,0.515489,0.106088
