ticker,acoes_por_unidade,conferido,url,nota
KLBN11.SA,5,true,https://ri.klabin.com.br,Unit = 1 ON + 4 PN (nota do universo)
ALUP11.SA,3,false,https://ri.alupar.com.br,Unit = 1 ON + 2 PN
BPAC11.SA,3,false,https://ri.btgpactual.com,Unit = 1 ON + 2 PNA
ENGI11.SA,5,false,https://ri.energisa.com.br,Unit = 1 ON + 4 PN
IGTI11.SA,3,false,https://ri.iguatemi.com.br,Unit = 1 ON + 2 PN
SAPR11.SA,5,false,https://ri.sanepar.com.br,Unit = 1 ON + 4 PN
SANB11.SA,2,false,https://www.santander.com.br/ri,Unit = 1 ON + 1 PN
TAEE11.SA,3,false,https://ri.taesa.com.br,Unit = 1 ON + 2 PN
CEMEXCPO.MX,3,false,https://www.cemex.com/investors,CPO = 2 ações série A + 1 série B
FEMSAUBD.MX,5,false,https://femsa.gcs-web.com,Unit BD = 1 B + 2 D-B + 2 D-L
KOFUBL.MX,8,false,https://coca-colafemsa.com/en/investors,Unit L = 3 B + 5 L
MEGACPO.MX,2,false,https://www.megacable.com.mx/inversionistas,CPO = 2 ações série A
TLEVISACPO.MX,117,false,https://www.televisair.com,CPO = 25 A + 22 B + 35 D + 35 L
