iid,z,st,c,el,sq,so,sqb,can_s
BR_AUREN,-3.0,0,0.3,alta_posit,veto,0,LOW,True
BR_GPA,-3.0,-1,0.3,alta_posit,veto,0,HIGH,False
BR_MAGALU,-2.96,-1,0.35,alta_posit,veto,0,HIGH,False
BR_COSAN,-2.72,0,0.25,alta_posit,caution,0,LOW,True
BR_CSN,-2.57,0,0.35,alta_posit,veto,0,LOW,False
AR_CRESUD,-2.23,0,0.3,nao_aplica,veto,0,LOW,True
BR_UNIPAR,-2.14,-1,0.3,baixa,veto,0,HIGH,True
BR_INTER,-1.89,0,0.3,alta_posit,caution,0,LOW,True
BR_PATRIA,-1.78,0,0.35,incerta,caution,0,LOW,True
BR_IGUATEMI,-1.73,1,0.35,incerta,caution,0,LOW,False
BR_SIMPAR,-1.67,0,0.3,alta_posit,veto,0,HIGH,True
CO_GRANTIERRA,-1.66,0,0.35,nao_aplica,veto,0,LOW,False
MX_VOLARIS,-1.59,-1,0.35,baixa,caution,0,LOW,True
BR_EQUATORIAL,-1.35,0,0.3,alta_posit,caution,0,LOW,True
BR_YDUQS,-1.17,0,0.35,incerta,caution,0,HIGH,False
BR_ASSAI,-1.15,0,0.3,alta_posit,caution,0,LOW,True
BR_HAPVIDA,-1.1,-1,0.35,incerta,caution,0,LOW,False
BR_BTG,-1.1,1,0.45,baixa,caution,0,LOW,True
BR_SMARTFIT,-1.05,-1,0.3,alta_posit,caution,0,LOW,True
BR_SABESP,-1.03,1,0.45,baixa,ok,1,LOW,True
BR_MRV,-0.99,0,0.4,alta_posit,veto,0,LOW,False
BR_PETZCOBASI,-0.94,0,0.35,alta_posit,veto,0,LOW,True
BR_MBRF,-0.93,-1,0.3,incerta,caution,0,LOW,True
BR_BRADESCO,-0.89,1,0.35,alta_posit,ok,0,LOW,True
BR_ONCOCLINICAS,-0.83,0,0.25,baixa,veto,0,LOW,False
BR_ANIMA,-0.83,0,0.3,alta_posit,veto,0,HIGH,False
BR_TUPY,-0.8,1,0.35,alta_negat,veto,1,LOW,False
BR_ECORODOVIAS,-0.78,0,0.3,alta_posit,caution,0,MEDIUM,False
AR_ADECOAGRO,-0.76,-1,0.3,baixa,veto,0,LOW,True
BR_BRAVA,-0.72,1,0.3,baixa,caution,1,LOW,True
BR_VAMOS,-0.71,0,0.35,alta_posit,veto,0,HIGH,True
BR_MOVIDA,-0.69,1,0.35,alta_posit,veto,0,HIGH,True
MX_WALMEX,-0.63,-1,0.35,nao_aplica,ok,0,NA,False
LA_MELI,-0.6,1,0.35,baixa,nao_apl,0,LOW,True
BR_XP,-0.6,0,0.3,alta_posit,caution,0,LOW,True
BR_SIGMALITH,-0.58,-1,0.35,incerta,veto,0,LOW,True
BR_NU,-0.57,1,0.5,baixa,nao_apl,0,LOW,True
BR_STONE,-0.55,0,0.4,alta_posit,nao_apl,0,LOW,True
CO_TECNOGLASS,-0.52,-1,0.3,baixa,nao_apl,0,LOW,True
BR_EMBRAER,-0.52,0,0.35,alta_negat,ok,0,LOW,True
BR_BB,-0.46,0,0.35,alta_posit,veto,1,LOW,True
PE_SCCO,-0.44,-1,0.4,baixa,caution,0,LOW,True
PE_CREDICORP,-0.27,1,0.45,baixa,ok,0,LOW,True
BR_BEMOBI,-0.25,1,0.5,alta_posit,veto,0,LOW,False
BR_ITAU,-0.24,0,0.4,baixa,ok,0,HIGH,True
MX_CEMEX,-0.2,1,0.4,nao_aplica,ok,0,LOW,True
BR_SUZANO,-0.16,1,0.4,alta_negat,nao_apl,0,LOW,True
BR_FLEURY,-0.16,0,0.3,baixa,caution,0,LOW,True
BR_ULTRAPAR,-0.13,0,0.3,incerta,caution,0,LOW,True
BR_LOCALIZA,-0.07,0,0.3,alta_posit,caution,0,LOW,True
BR_ALPARGATAS,-0.01,0,0.35,incerta,caution,0,LOW,True
BR_CVC,0.07,0,0.3,alta_posit,nao_apl,0,LOW,False
BR_RAIADROGASIL,0.08,0,0.3,baixa,ok,0,LOW,True
BR_CMIN,0.1,-1,0.45,baixa,nao_apl,0,HIGH,False
LA_MILLICOM,0.12,1,0.4,nao_aplica,caution,0,LOW,True
BR_3TENTOS,0.14,1,0.3,incerta,nao_apl,0,MEDIUM,True
CO_CIBEST,0.2,0,0.3,baixa,caution,0,LOW,True
BR_ENEVA,0.2,-1,0.35,alta_posit,caution,0,LOW,True
BR_VIBRA,0.21,1,0.4,incerta,ok,0,LOW,True
BR_JBS,0.24,0,0.3,baixa,nao_apl,0,LOW,True
AR_YPF,0.3,1,0.45,baixa,caution,1,LOW,True
MX_FEMSA,0.33,0,0.35,baixa,caution,0,LOW,True
MX_AMX,0.35,1,0.3,baixa,caution,0,LOW,True
BR_VTEX,0.36,0,0.35,incerta,nao_apl,0,LOW,True
BR_AXIA,0.38,1,0.45,incerta,nao_apl,1,LOW,True
BR_AFYA,0.38,0,0.4,incerta,nao_apl,0,HIGH,True
BR_VALE,0.5,-1,0.3,baixa,ok,0,LOW,True
PE_BVN,0.5,1,0.3,baixa,nao_apl,0,LOW,True
BR_AURA,0.61,1,0.5,baixa,nao_apl,0,LOW,True
MX_BANORTE,0.67,0,0.3,baixa,ok,0,NA,False
CO_GEOPARK,0.67,1,0.45,nao_aplica,nao_apl,1,LOW,True
BR_WEG,0.69,1,0.45,baixa,ok,0,LOW,True
BR_AMBEV,0.71,0,0.3,baixa,ok,0,LOW,True
BR_NATURA,0.73,1,0.4,alta_posit,nao_apl,0,LOW,False
BR_DIRECIONAL,0.73,0,0.3,alta_negat,nao_apl,0,LOW,True
BR_PAGS,0.81,1,0.45,alta_posit,nao_apl,0,LOW,True
BR_SAOMARTINHO,0.86,0,0.3,alta_negat,nao_apl,0,LOW,True
CL_LATAM,0.91,1,0.45,incerta,nao_apl,0,LOW,True
BR_PICPAY,0.98,1,0.35,alta_posit,nao_apl,0,LOW,True
BR_BRADSAUDE,1.06,1,0.35,incerta,nao_apl,0,LOW,True
CL_SQM,1.16,-1,0.35,baixa,nao_apl,1,LOW,True
BR_MARCOPOLO,1.22,-1,0.3,incerta,nao_apl,0,LOW,True
BR_SBF,1.24,1,0.45,alta_posit,nao_apl,0,LOW,False
MX_TELEVISA,1.28,0,0.3,nao_aplica,nao_apl,0,LOW,True
BR_ISAENERGIA,1.3,1,0.35,baixa,nao_apl,1,LOW,True
BR_ALUPAR,1.36,1,0.4,alta_posit,nao_apl,0,LOW,True
BR_BBSEG,1.37,-1,0.35,incerta,nao_apl,1,LOW,True
MX_PENOLES,1.42,1,0.35,nao_aplica,nao_apl,0,NA,False
BR_MOURADUBEUX,1.57,1,0.55,alta_posit,nao_apl,0,LOW,True
BR_PAGUEMENOS,1.6,1,0.4,alta_posit,nao_apl,0,LOW,True
MX_GENOMMA,1.76,0,0.35,baixa,nao_apl,0,NA,False
BR_PETROBRAS,1.76,1,0.35,alta_posit,nao_apl,1,LOW,True
BR_CURY,1.79,-1,0.3,alta_negat,nao_apl,0,LOW,False
MX_GMEXICO,1.97,0,0.3,nao_aplica,ok,0,NA,False
BR_RIACHUELO,2.08,1,0.5,alta_posit,nao_apl,0,LOW,True
AR_CEPU,2.18,1,0.4,baixa,nao_apl,1,LOW,True
BR_TENDA,2.36,1,0.5,incerta,nao_apl,1,LOW,True
