date,info_date,status,ex_ante_vol,vol_target,gross,net,beta,n_long,n_short,turnover,cost,expected_alpha,alpha_scale,relaxations,n_eligible,n_alpha,n_frozen,event_window,solver_status
2021-01-04,2020-12-30,ok,0.036763014586792264,0.045454545454545456,0.3328500571234477,-0.00979006563977855,-0.024592839922265436,16,15,0.3328500571234477,0.0013459881960919222,0.016624047772769924,64.0,,155,155,0,,optimal
2021-01-11,2021-01-08,ok,0.0435361025576502,0.045454545454545456,0.52561239383291,-0.000176848218056469,-0.003103245068292133,28,22,0.2133130521979365,0.0008515554859883855,0.01928394919137967,64.0,,157,157,0,,optimal
2021-01-18,2021-01-15,ok,0.04343867239224209,0.045454545454545456,0.5552419209405354,0.006786593930733303,-0.003794727079848453,28,25,0.045288952400167094,0.00015824890975398516,0.014261653257984848,64.0,,158,158,20,,optimal
2021-01-26,2021-01-22,ok,0.04534186335682297,0.045454545454545456,0.6143629118126158,0.0026324739273762138,-0.00921154569181756,30,24,0.17020029888069538,0.0005756391701094221,0.017779932023340043,4.629760294535004,,158,158,0,,optimal
2021-02-01,2021-01-29,ok,0.045454542226178285,0.045454545454545456,0.6764166340533178,0.01005872232833116,-0.0024009968504472403,31,27,0.14476799221864448,0.0004294103158714162,0.02152733146734058,1.0,,160,160,2,,optimal
2021-02-08,2021-02-05,ok,0.04545454421930983,0.045454545454545456,0.7433116346900981,0.009999618283987238,0.0005813326631585197,33,28,0.20410420342267033,0.0005943436753356888,0.02140223433001061,1.0,,160,160,0,,optimal
2021-02-17,2021-02-12,ok,0.0454545440492188,0.045454545454545456,0.7594624055766599,-0.00582196072624231,-0.006697319056581803,30,28,0.19721683220392905,0.0007766660236310363,0.02286370379601275,1.0,,159,159,0,,optimal
2021-02-22,2021-02-19,ok,0.045454545188005034,0.045454545454545456,0.7323865623374978,0.0037229241932693717,0.005197576770563912,28,28,0.11351591163337268,0.0002789977030929811,0.02265688131533981,1.0,,161,161,0,,optimal
2021-03-01,2021-02-26,ok,0.04545454511674216,0.045454545454545456,0.7131501197442371,0.0040169966432937985,0.0010134934599894325,27,30,0.15446658640197222,0.00044908211264155234,0.02675643942616759,1.0,,157,157,0,,optimal
2021-03-08,2021-03-05,ok,0.04545454434479282,0.045454545454545456,0.7533373752312376,0.0009833311609588717,0.004158852451975271,30,31,0.18034671565447413,0.0004923065263708776,0.02203179435810099,1.0,,157,157,0,,optimal
2021-03-15,2021-03-12,ok,0.04545454495957035,0.045454545454545456,0.713933546850959,0.004680280245104751,0.003854446707872271,31,26,0.18460646311917558,0.000549950408454128,0.019949541271846144,1.0,,157,157,3,,optimal
2021-03-22,2021-03-19,ok,0.04545454538403195,0.045454545454545456,0.7249277696791997,0.00688902132550373,0.003609192328853925,34,25,0.09271252535704858,0.00025330787290186183,0.022869301896104092,1.0,,157,157,0,,optimal
2021-03-29,2021-03-26,ok,0.04545454371796916,0.045454545454545456,0.7371493806826892,0.0099999680085908,0.007662308358994746,33,26,0.11445444233328461,0.00041327473091104717,0.019182380262912795,1.0,,159,159,0,,optimal
2021-04-05,2021-04-01,ok,0.04545454479751641,0.045454545454545456,0.776947218418067,0.009999990540074458,0.006238367839336252,36,31,0.12979394468707864,0.0003880064171313991,0.014315946580975358,1.0,,158,158,0,,optimal
2021-04-12,2021-04-09,ok,0.04545454461818324,0.045454545454545456,0.7786441315890066,0.009999976156684125,0.005663541209560071,37,31,0.13713069013257845,0.0003631929250325267,0.017861202039191705,1.0,,157,157,0,,optimal_inaccurate
2021-04-19,2021-04-16,ok,0.045454545309169446,0.045454545454545456,0.8013276279462274,0.009950488349025954,0.007939246164546793,38,31,0.14081630763729602,0.0004246744195218804,0.020238912966397446,1.0,,160,160,0,,optimal_inaccurate
2021-04-26,2021-04-23,ok,0.04545454510211198,0.045454545454545456,0.8316134729157362,0.009999865067107622,0.011433909623563238,37,34,0.1490164658362975,0.00042805025837672206,0.020342568537213866,1.0,,160,160,0,,optimal_inaccurate
2021-05-03,2021-04-30,ok,0.0454545452142512,0.045454545454545456,0.831009667622478,0.007191098470374545,0.01016335019210239,37,35,0.1309757091321453,0.0003453500780131819,0.020342143972735496,1.0,,162,162,0,,optimal_inaccurate
2021-05-10,2021-05-07,ok,0.045454545362539754,0.045454545454545456,0.8614389595482572,0.0019185091385776482,0.004638729298348728,38,38,0.13442883447288018,0.0003562297694914101,0.021528069257857378,1.0,,164,164,0,,optimal_inaccurate
2021-05-17,2021-05-14,ok,0.04545454525371929,0.045454545454545456,0.864097613403048,0.003181197933744259,0.009126373569613596,38,38,0.14520511310606843,0.00037531518705306464,0.02086450540984992,1.0,,165,165,0,,optimal_inaccurate
2021-05-24,2021-05-21,ok,0.045454545355838503,0.045454545454545456,0.8978207333226751,0.008926481678935998,0.011058889071846368,40,38,0.2064302287645039,0.0007005791127316248,0.02189531524063401,1.0,,165,165,0,,optimal_inaccurate
2021-05-31,2021-05-28,ok,0.045454545859288535,0.045454545454545456,0.900201033910862,0.006268737437949701,0.0065901139667570935,40,38,0.0788094123826156,0.0002497998014542987,0.021602860818097116,1.0,,165,165,24,,optimal_inaccurate
2021-06-07,2021-06-04,ok,0.045454545004554044,0.045454545454545456,0.9100219527072048,0.009999897872139105,-0.0010234607627322273,40,39,0.24839982990744502,0.0009858271340787573,0.023113272201668988,1.0,,164,164,0,,optimal_inaccurate
2021-06-14,2021-06-11,ok,0.04545454516827881,0.045454545454545456,0.8801197050788276,0.009999989140988264,-0.007060948194204191,38,38,0.173752137082582,0.0005004737417710529,0.019108130774418357,1.0,,165,165,0,,optimal_inaccurate
2021-06-21,2021-06-18,ok,0.04545454458675253,0.045454545454545456,0.8825598467414388,0.009999990570723538,-0.012078820865114106,39,38,0.15515752851575593,0.00044727820814901827,0.019739240321668183,1.0,,166,166,0,,optimal_inaccurate
2021-06-28,2021-06-25,ok,0.04545454493452199,0.045454545454545456,0.9277495198418296,0.009999988969074863,-0.002567483042848185,41,35,0.19743411583357748,0.0006012789066472592,0.018033754854767003,1.0,,168,168,0,,optimal_inaccurate
2021-07-05,2021-07-02,ok,0.04545454347130789,0.045454545454545456,0.9505891245375342,0.010048831426001756,-0.007230441307976014,41,33,0.10679274136496049,0.0003576580599260346,0.017240318151531278,1.0,turnover; style; country_sector,168,168,24,,optimal_inaccurate
2021-07-12,2021-07-08,ok,0.04545454496196706,0.045454545454545456,0.9808325673294835,0.009999992627915504,0.007101888590107088,47,34,0.19126591112374058,0.000480196216849692,0.01943073478787222,1.0,,167,167,0,,optimal_inaccurate
2021-07-19,2021-07-16,ok,0.045454545324500176,0.045454545454545456,1.0250405005506351,0.009999973128292428,0.00952664903368813,45,36,0.1528771728107657,0.0003824260077215474,0.020270935636215466,1.0,,165,165,0,,optimal_inaccurate
2021-07-26,2021-07-23,ok,0.04545454528867174,0.045454545454545456,1.0461669774771052,0.0099999709885841,0.008878553011239609,47,35,0.13772030403578095,0.0003360169553071446,0.019006409072662343,1.0,,166,166,0,,optimal_inaccurate
2021-08-02,2021-07-30,ok,0.04545454362337231,0.045454545454545456,1.0213929961003156,0.009999989153906166,-0.0017183802453133515,45,35,0.17381410355703858,0.000502737875389381,0.016324609299690172,1.0,,163,163,0,,optimal_inaccurate
2021-08-09,2021-08-06,ok,0.045454545007352465,0.045454545454545456,1.0176562085752983,0.009999993230066735,-0.0006581979846234729,44,34,0.15453954280796678,0.00046767885044410697,0.02179460999834474,1.0,,161,161,0,,optimal_inaccurate
2021-08-16,2021-08-13,ok,0.045454545257331086,0.045454545454545456,0.9399619349447451,0.009999992629723876,-0.004011031499934788,43,32,0.17866682909165366,0.00043156639972943335,0.019911974022949048,1.0,,163,163,0,,optimal_inaccurate
2021-08-23,2021-08-20,ok,0.045454540727583474,0.045454545454545456,0.9422832715778995,0.009999984356646563,0.0022878827922487716,45,35,0.1501102784389368,0.00039562301753779327,0.016572278319854427,1.0,,165,165,0,,optimal
2021-08-30,2021-08-27,ok,0.04545454516981625,0.045454545454545456,0.9534483212480067,0.009999993975538664,0.0036920972050023745,46,35,0.14892538715806428,0.0004204662400358214,0.016026187342142825,1.0,,164,164,0,,optimal
2021-09-06,2021-09-03,ok,0.045454545419629136,0.045454545454545456,0.9259358717339741,0.010103067261419595,0.006384828179520778,47,35,0.11511292023240725,0.000356489777179213,0.013970951415532624,1.0,turnover; style; country_sector,166,166,26,,optimal
2021-09-13,2021-09-10,ok,0.04545454479905272,0.045454545454545456,0.9413846950120542,0.00999998725252775,0.00448152207184482,45,34,0.19326962216476548,0.0005105088369982791,0.018860258389126628,1.0,,168,168,0,,optimal
2021-09-20,2021-09-17,ok,0.04545454320014101,0.045454545454545456,0.9734759106912456,0.00999999632132633,-0.006548875719822247,45,36,0.1387137661098487,0.00032630834784509873,0.017120193915916664,1.0,,168,168,0,,optimal
2021-09-27,2021-09-24,ok,0.045454545463149365,0.045454545454545456,0.9877830052131821,0.009999997920166738,-0.006087356283753319,44,37,0.1325598183904213,0.00043213716700445006,0.01817261823399143,1.0,,167,167,0,,optimal
2021-10-04,2021-10-01,ok,0.045454545167395916,0.045454545454545456,1.0004333653598183,0.009999994939018368,-0.003577616295209113,42,38,0.1816470675723711,0.0005707385170849609,0.019917618837607832,1.0,,165,165,0,,optimal
2021-10-11,2021-10-08,ok,0.045454544624061614,0.045454545454545456,0.9993657513766816,0.00999999802006482,-0.00797069827716317,42,37,0.14344126327739376,0.0003801391822557327,0.018498705369795213,1.0,,166,166,0,,optimal_inaccurate
2021-10-18,2021-10-15,ok,0.04545454502159741,0.045454545454545456,0.9721338576775594,0.009999997925257277,0.006236891139671707,45,33,0.200497853015411,0.0006311784214060983,0.019329397246174215,1.0,,164,164,0,,optimal
2021-10-25,2021-10-22,ok,0.04545454459688186,0.045454545454545456,0.9265648799324259,0.009999995778334471,0.0017992191149003198,41,35,0.2093309284167322,0.0005835315134145114,0.01787470954448196,1.0,,165,165,0,,optimal
2021-11-01,2021-10-29,ok,0.04545453979606883,0.045454545454545456,0.9560201599867366,0.009429967469172958,0.018978997758443725,38,35,0.14005834785019888,0.0003954035588115771,0.01798279551469572,1.0,,168,168,0,,optimal
2021-11-08,2021-11-05,ok,0.0454545306733201,0.045454545454545456,0.9508573805136405,0.0011022522785828492,0.0069663090377771126,37,33,0.17142584816440687,0.00037425338140614246,0.01625855222468021,1.0,,172,172,0,,optimal
2021-11-16,2021-11-12,ok,0.04520993068546297,0.045454545454545456,0.9488579787184974,0.009999974733881551,0.013853769279568984,37,32,0.10393598841962887,0.0002880935643515546,0.012506110285838673,1.0,,172,172,0,,optimal
2021-11-22,2021-11-19,ok,0.045210681001354946,0.045454545454545456,0.9483880219291551,0.008672070010903095,0.02199958752258992,37,34,0.11877570997359851,0.00027231541982139816,0.015391170093039138,2.5243947007885015,,171,171,0,,optimal
2021-11-29,2021-11-26,ok,0.04545454245523371,0.045454545454545456,0.936490845212178,0.009999945953367964,0.0266760761613989,38,35,0.105912633089776,0.00026227830651247443,0.015079397044515224,1.0,,172,172,0,,optimal_inaccurate
2021-12-06,2021-12-03,ok,0.045454543761294985,0.045454545454545456,0.9181433294884397,0.00999998915188495,0.026579879311857364,35,38,0.1467926731750922,0.00042405756435406043,0.015906267588703185,1.0,,177,177,0,,optimal_inaccurate
2021-12-13,2021-12-10,ok,0.045454545354899185,0.045454545454545456,0.8900868823368009,0.00999999640679708,0.019475322017443498,37,34,0.13088243117566106,0.00037383084525496895,0.018049498885314933,1.0,,176,176,0,,optimal
2021-12-20,2021-12-17,ok,0.045454543162659664,0.045454545454545456,0.8867121297380509,0.009999983304111199,0.02127102294527552,38,34,0.15581785191928657,0.00037252534351132205,0.017554773877624566,1.0,,174,174,0,,optimal
2021-12-27,2021-12-23,ok,0.04545454449747625,0.045454545454545456,0.8846714778324896,0.009999610224128454,0.013349546730167115,39,34,0.16052934512949876,0.0005064437312708831,0.01845052358929943,1.0,,173,173,0,,optimal
2022-01-03,2021-12-30,ok,0.045454544256076305,0.045454545454545456,0.8546930511073448,0.009999929377572367,0.007123410750599515,37,32,0.12051000726512813,0.0003462575817736359,0.017894162046511276,1.0,,173,173,0,,optimal
2022-01-10,2022-01-07,ok,0.045454544891863985,0.045454545454545456,0.8420322625044074,0.009999994406334553,-0.000807575023327287,35,32,0.16251452830462476,0.0005431023923245499,0.01771876508943085,1.0,,173,173,0,,optimal
2022-01-17,2022-01-14,ok,0.045454545504028686,0.045454545454545456,0.8442318457877154,0.010015482652296693,0.0034846270707415594,35,32,0.06833888909827111,0.00025358527019525237,0.013855247383602087,1.0,,174,174,27,,optimal_inaccurate
2022-01-24,2022-01-21,ok,0.04545454423536543,0.045454545454545456,0.8247249226687596,0.00999999562109756,0.02299357144443788,33,32,0.2369624229285433,0.0008902036824057728,0.016183402699382825,1.0,,177,177,0,,optimal
2022-01-31,2022-01-28,ok,0.045454544257853856,0.045454545454545456,0.8045357006468403,0.00999998232244173,0.02585717886189859,32,33,0.12860328099973428,0.00042860029063046057,0.01715955781184585,1.0,,177,177,0,,optimal
2022-02-07,2022-02-04,ok,0.04523247039151998,0.045454545454545456,0.7704078832869106,0.009983083258829392,0.030184094205637595,30,30,0.13718072220200225,0.0004923192487873032,0.012681136250193849,1.2898358734066657,,178,178,2,,optimal
2022-02-14,2022-02-11,ok,0.04545454051247584,0.045454545454545456,0.7766795359193448,0.0061049005256781155,0.02865265050350728,30,30,0.0950024270953265,0.00028168111776753974,0.010251076768229598,1.0,,178,178,0,,optimal
2022-02-21,2022-02-18,ok,0.044578897504085745,0.045454545454545456,0.7957589006536484,0.010010795577608984,0.0262118998664439,32,32,0.07576358988339595,0.00029205608209803677,0.009863999794534423,64.0,turnover; style; country_sector,178,178,25,,optimal
2022-03-02,2022-02-25,ok,0.04527665128559988,0.045454545454545456,0.8182322319760988,0.0015614323260072643,0.0046018126477287875,31,34,0.21612843450065558,0.000578543627819034,0.010336447205901489,1.5010140696264258,,175,175,0,,optimal
2022-03-07,2022-03-04,ok,0.04541550363726667,0.045454545454545456,0.8454709575390745,0.009999976179946036,0.014550087081751597,32,34,0.1791456814523525,0.0005903090484068454,0.011702120332009795,1.0,,176,176,0,,optimal
2022-03-14,2022-03-11,ok,0.04545454413389803,0.045454545454545456,0.8426354321139551,-0.0032514131663560174,0.021517019562147018,30,35,0.20768728980363332,0.0008738722695120829,0.015096875905112307,1.0,,178,178,0,,optimal
2022-03-21,2022-03-18,ok,0.04545454472855921,0.045454545454545456,0.869559407788957,-0.0005570980176218508,0.010327084157915853,36,32,0.1968529806610259,0.0007136893901490691,0.01347507209698087,1.0,,178,178,2,,optimal
2022-03-28,2022-03-25,ok,0.045454545120532604,0.045454545454545456,0.8905587573485322,0.006441428585247608,0.009949380947482628,37,35,0.15210980343569203,0.0005237652433648792,0.013600981939015756,1.0,,178,178,0,,optimal
2022-04-04,2022-04-01,ok,0.04545454524849566,0.045454545454545456,0.9185011620775354,-0.001192938337732841,0.000808587339463781,37,37,0.14689108571879259,0.00041151879596489863,0.018162834553504693,1.0,,179,179,0,,optimal
2022-04-11,2022-04-08,ok,0.04545454422818763,0.045454545454545456,0.8921048028790962,0.00999995360750359,0.009993015783360183,37,37,0.14459324363484508,0.0003686493688142811,0.01611262009029313,1.0,,179,179,0,,optimal
2022-04-18,2022-04-14,ok,0.045454545239411705,0.045454545454545456,0.9104291788101588,0.004608380417043846,0.009733665391004915,36,38,0.1123762881348337,0.00027521055786449626,0.01988430554397105,1.0,,179,179,0,,optimal
2022-04-25,2022-04-22,ok,0.045112622863782675,0.045454545454545456,0.9021878428774418,0.009999990519471945,0.024061364638205376,34,37,0.1653695767620002,0.0005537043700000237,0.013678317953713638,10.60189314527793,,180,180,0,,optimal
2022-05-02,2022-04-29,ok,0.045247443026609366,0.045454545454545456,0.8832088344251741,0.009999960021057892,0.0073901276719255385,37,36,0.1917545195205803,0.0005768722153103213,0.011542945505761385,1.0136300849514894,,179,179,0,,optimal
2022-05-09,2022-05-06,ok,0.04501989869669867,0.045454545454545456,0.8980029467274723,0.009999955051907016,0.010799631099600982,37,36,0.15616705875240133,0.0004419835949804486,0.012371635316968221,1.4848451658727528,,178,178,0,,optimal
2022-05-16,2022-05-13,ok,0.04545454278428245,0.045454545454545456,0.8877444845013305,0.009999162870801166,0.005939911179098843,36,35,0.1538005756456531,0.00044753182268063605,0.01266981747862283,1.0,,178,178,0,,optimal
2022-05-23,2022-05-20,ok,0.045454545020380134,0.045454545454545456,0.8868732714790025,0.0060383677030533284,-0.0005679813684511166,35,36,0.11376159507646053,0.00028873329525344827,0.015942982469421923,1.0,,178,178,0,,optimal
2022-05-30,2022-05-27,ok,0.04545454567346536,0.045454545454545456,0.8655084198128054,-0.0018662142943090716,-0.008101427088293848,36,35,0.09507303135093612,0.0003254240068199882,0.01690092027344147,1.0,turnover; style; country_sector,178,178,28,,optimal
2022-06-06,2022-06-03,ok,0.04545454516557119,0.045454545454545456,0.8771970103307997,0.003448438911642801,0.0009640246938470045,37,35,0.14058475185724803,0.00039831116782702906,0.01893702510366125,1.0,,180,180,0,,optimal
2022-06-13,2022-06-10,ok,0.045360126724119536,0.045454545454545456,0.8381562314866939,0.003720789204856984,-0.0052275504754641456,34,34,0.1566661793802605,0.0005787698651715232,0.01616519461667463,1.2086843236265814,,177,177,0,,optimal
2022-06-20,2022-06-17,ok,0.044869720092728174,0.045454545454545456,0.834018583711865,0.0069658426857737606,0.00764606896507778,34,33,0.05566098053090696,0.0001419847422856765,0.01186267069564815,64.0,,178,178,28,,optimal
2022-06-27,2022-06-24,ok,0.045454544527010886,0.045454545454545456,0.7752951395861511,0.005112381572933002,-0.01739526536278827,34,35,0.21174601164143642,0.0006085194442634529,0.014622807340482154,1.0,,176,176,0,,optimal
2022-07-04,2022-07-01,ok,0.043969563521048194,0.045454545454545456,0.7704417208356908,0.009574763554712241,-0.007791721626525008,31,36,0.07240100213594339,0.00020671860018110097,0.013291110504038564,64.0,,175,175,28,,optimal
2022-07-11,2022-07-08,ok,0.04545454398250602,0.045454545454545456,0.7799611234952213,0.0085245135411319,-0.013876225470766982,30,39,0.10196844467845148,0.00025870821019465917,0.015463479512981576,1.0,,173,173,0,,optimal
2022-07-18,2022-07-15,ok,0.04545454486424985,0.045454545454545456,0.7855927424726392,0.00999998265475506,-0.012165564360210613,31,37,0.11404581259505267,0.0003604608034217878,0.01713887771616981,1.0,,173,173,0,,optimal
2022-07-25,2022-07-22,ok,0.04545454511380148,0.045454545454545456,0.7653928987493002,0.00999999202656364,-0.016293056280574515,32,34,0.11663440609243372,0.00037825756733774884,0.01586121906841032,1.0,,171,171,0,,optimal
2022-08-01,2022-07-29,ok,0.04545454443408245,0.045454545454545456,0.7776662542496608,0.009999993716481692,-0.012319702396864052,29,34,0.15656740495594496,0.0004707620264158249,0.01427528005038784,1.0,,170,170,0,,optimal
2022-08-08,2022-08-05,ok,0.04545454479693164,0.045454545454545456,0.7901491459271982,0.009999976086088519,0.0024383401093536956,30,32,0.13325066168581273,0.00047041915983129395,0.016229763574069432,1.0,,170,170,0,,optimal
2022-08-15,2022-08-12,ok,0.04545454515402014,0.045454545454545456,0.8141524560407731,0.009999989040263349,-0.001624662148665844,33,36,0.13657391777317246,0.0003949554257517529,0.013627245357298092,1.0,,170,170,0,,optimal
2022-08-22,2022-08-19,ok,0.045454522587688596,0.045454545454545456,0.807118435920121,0.009999887125616173,0.02302451864417287,34,35,0.14026764957889987,0.00046802380702193975,0.013395100562662717,1.0,,169,169,0,,optimal
2022-08-29,2022-08-26,ok,0.045454544771214286,0.045454545454545456,0.8272285746881429,0.00913438953343091,0.01164273690090127,34,32,0.10224293003851327,0.00033009573087863575,0.01521007310881171,1.0,,167,167,0,,optimal
2022-09-05,2022-09-02,ok,0.043980733284563624,0.045454545454545456,0.799597363174607,0.010060454977304189,0.008150350421767892,33,31,0.03928230297588439,0.00010523858790590603,0.011936346910360902,64.0,,168,168,26,,optimal
2022-09-12,2022-09-09,ok,0.045454545319144724,0.045454545454545456,0.8196911971406269,0.008100443421047387,0.0011931874759778817,32,34,0.13122617227623018,0.00040099122415728443,0.018141623018091475,1.0,,166,166,0,,optimal
2022-09-19,2022-09-16,ok,0.04545451034860224,0.045454545454545456,0.8013034818295761,0.009999952121796156,0.0131243270542731,32,35,0.113112911395229,0.00034873307263168023,0.015514841210080331,1.0,,172,172,0,,optimal
2022-09-26,2022-09-23,ok,0.04543145050150045,0.045454545454545456,0.8223306466469366,0.00999998191022787,0.012372655754159667,34,35,0.10605949000116392,0.00027739375776982526,0.012100431854934606,1.0,,170,170,0,,optimal
2022-10-03,2022-09-30,ok,0.04519235785579744,0.045454545454545456,0.8517619443775295,0.009999982701849514,0.01396876143665267,35,37,0.13454392353021982,0.0004608711002564107,0.011604947956472331,2.9139351088028884,,171,171,0,,optimal
2022-10-10,2022-10-07,ok,0.04405972529788273,0.045454545454545456,0.8516216528545703,0.009999998589801877,0.023125000127162537,34,36,0.1568482954230081,0.0005516788987035009,0.01304445538717591,64.0,,172,172,0,,optimal
2022-10-17,2022-10-14,ok,0.04369701445218479,0.045454545454545456,0.8425999300356932,0.009999993045561283,0.030173633456118214,37,36,0.10208584236144083,0.0003693033226314235,0.012928201596321189,64.0,,172,172,0,,optimal
2022-10-24,2022-10-21,ok,0.044445869314161876,0.045454545454545456,0.8736264671465434,0.009999988699001282,0.033132013469417944,39,34,0.09746423553509374,0.00026734051065199695,0.010341546018995578,64.0,,174,174,0,,optimal
2022-10-31,2022-10-28,ok,0.04323777260480987,0.045454545454545456,0.8556198154869235,0.009999992062030838,0.02424458344939682,40,33,0.1429182643255108,0.0003856963005574996,0.011358026359582165,64.0,,174,174,0,,optimal
2022-11-07,2022-11-04,ok,0.04530447972453512,0.045454545454545456,0.8931498736620149,0.009999674930986899,0.01313443693321806,40,35,0.18875687501956318,0.0005369717029478214,0.011327119976667787,1.0,,175,175,0,,optimal
2022-11-14,2022-11-11,ok,0.0450135683671715,0.045454545454545456,0.8836837886098339,0.009999987702325339,0.009114262705599228,38,36,0.23808035800735455,0.0008189500159219492,0.01107389790292843,1.2656195145788063,,175,175,0,,optimal
2022-11-21,2022-11-18,ok,0.045048370439628456,0.045454545454545456,0.8931208989296252,0.010121883104666982,-0.008395737169677411,34,39,0.16080956148223646,0.000565082282628186,0.013229534168798116,64.0,,176,176,3,,optimal
2022-11-28,2022-11-25,ok,0.04545453909566894,0.045454545454545456,0.9068409824165142,0.009999992537077992,-0.006945640713322869,33,40,0.11155566537197294,0.00035005381786804224,0.01621884434593457,1.0,,180,180,0,,optimal
2022-12-05,2022-12-02,ok,0.04545454508659244,0.045454545454545456,0.9203080385581563,0.009999994664363299,-0.005481342190807598,32,40,0.14712487586604625,0.0004446881841445159,0.014053845819719994,1.0,,183,183,0,,optimal
2022-12-12,2022-12-09,ok,0.04545452411858161,0.045454545454545456,0.9242408420360986,0.010103265982463215,-0.0031160385577598017,35,37,0.1255058126219282,0.000315061475604284,0.012538734761032731,1.0,,183,183,3,,optimal
2022-12-19,2022-12-16,ok,0.04545454374130621,0.045454545454545456,0.9298624550026913,0.009999975514242528,-0.004884561028994542,37,37,0.09443628408323376,0.00026197850453738616,0.014872635494691765,1.0,,183,183,0,,optimal
2022-12-26,2022-12-23,ok,0.045454545460388907,0.045454545454545456,0.9475482462074689,0.008497996060679223,-0.0005253106956211736,36,39,0.07310622880841659,0.00022091653612068987,0.009682164034917751,1.0,,184,184,29,,optimal
2023-01-02,2022-12-29,ok,0.045323705815048666,0.045454545454545456,0.9476014557452258,0.005431692558342419,-0.007612981188139388,37,40,0.042383191336253734,0.00010068051693013225,0.011067304193509554,1.1763969916502812,,184,184,29,,optimal
2023-01-09,2023-01-06,ok,0.04530031134914034,0.045454545454545456,0.9319716612418758,0.009999992005707954,0.01131463273481017,39,37,0.2246533577317486,0.0007677932222868688,0.01239669859118368,1.0,,185,185,0,,optimal
2023-01-16,2023-01-13,ok,0.04545454551496743,0.045454545454545456,0.9485107748137993,0.009995041114591124,-0.0008704465484261851,39,35,0.1066985819442746,0.00037177691726627746,0.01258654704273593,1.0,turnover; style; country_sector,185,185,29,,optimal
2023-01-23,2023-01-20,ok,0.04545454510444813,0.045454545454545456,0.9336958979267818,0.009999990088712088,0.0003502940620473169,39,33,0.17415830354165834,0.0005841462548330039,0.01583583250334968,1.0,,184,184,0,,optimal
2023-01-30,2023-01-27,ok,0.04545454530540414,0.045454545454545456,0.9368135206425767,0.009999989673209024,0.0013093097590162587,38,35,0.11528369960313205,0.0003133101841244307,0.014970557119084281,1.0,,183,183,0,,optimal
2023-02-06,2023-02-03,ok,0.045454545242348855,0.045454545454545456,0.923539812144907,0.010000302031590337,-0.010739703354988214,38,37,0.15204714039927242,0.0004497188462135345,0.018747928723218083,1.0,,184,184,3,,optimal
2023-02-13,2023-02-10,ok,0.045454545097354554,0.045454545454545456,0.8898756013934154,0.009999994012563213,-0.013570211931265142,40,33,0.10655330310524114,0.0003305006655400065,0.01613179592437807,1.0,,182,182,0,,optimal
2023-02-22,2023-02-17,ok,0.04517204810720102,0.045454545454545456,0.903506260292549,0.009999995560723788,-0.01862429848685255,40,35,0.0961747830861845,0.00028870230344614414,0.013748648800505334,14.71184469420715,,184,184,0,,optimal
2023-02-27,2023-02-24,ok,0.04545435722172385,0.045454545454545456,0.8979754103115142,0.00999996767365019,-0.01481183135257773,37,34,0.12198758871506318,0.0005266724735379796,0.015339914472360145,1.0,,179,179,0,,optimal
2023-03-06,2023-03-03,ok,0.04545452689958077,0.045454545454545456,0.8830921739437669,0.009999961454085222,-0.007828569131964721,36,34,0.1529061100072279,0.00044464362595587453,0.015325294488668588,1.0,,179,179,0,,optimal
2023-03-13,2023-03-10,ok,0.04513721159798134,0.045454545454545456,0.8797553218740646,0.009999990401212612,0.005951513237815477,38,34,0.16927089944070034,0.0005602319452127558,0.012440280295620077,1.6591780921616162,,181,181,0,,optimal
2023-03-20,2023-03-17,ok,0.045191162180857204,0.045454545454545456,0.8774351833722155,0.010014669203268586,0.003183321576096072,37,34,0.14436943075475492,0.0004017860443033738,0.012065860732117097,1.1449721444318042,,181,181,3,,optimal
2023-03-27,2023-03-24,ok,0.04522389325693567,0.045454545454545456,0.893109497991734,0.009999980903853706,0.010091554257574407,39,35,0.12155540643861357,0.0003978010043329539,0.012912028771110202,3.118008800475674,,180,180,0,,optimal
2023-04-03,2023-03-31,ok,0.045454543370908124,0.045454545454545456,0.9087843885342239,0.0018580556471537585,-0.004525587712246809,40,36,0.11812307411441886,0.00036319668459036675,0.011676303557762448,1.0,,181,181,0,,optimal
2023-04-10,2023-04-06,ok,0.045454543899019456,0.045454545454545456,0.913268707839989,0.009999951378387079,0.0011685114798973288,38,38,0.09091135258024677,0.0002497118788780787,0.015089761629519515,1.0,,183,183,0,,optimal
2023-04-17,2023-04-14,ok,0.045454543994016584,0.045454545454545456,0.920592495203729,0.009999981510724926,0.0002007163791475678,38,37,0.19708546736109658,0.0006176314033887276,0.015146686365162044,1.0,,184,184,0,,optimal
2023-04-24,2023-04-20,ok,0.04545454492283477,0.045454545454545456,0.9149573309325055,0.009999993203500639,0.002015068480711188,40,37,0.12811552002168058,0.00034914473516331,0.014922822986466968,1.0,,184,184,0,,optimal
2023-05-02,2023-04-28,ok,0.045454544919773424,0.045454545454545456,0.9279082253353295,0.009999977491696031,-0.0037794192366089334,41,36,0.12074689813863412,0.0003148010959534259,0.016047186257917522,1.0,,183,183,0,,optimal
2023-05-08,2023-05-05,ok,0.04545454522275995,0.045454545454545456,0.8905410731069154,0.009999989535046841,-0.00399873684474231,41,36,0.14909831529443704,0.00045196732404578614,0.018643729263833442,1.0,,183,183,0,,optimal
2023-05-15,2023-05-12,ok,0.04545454541149229,0.045454545454545456,0.8939105035489839,0.009999997149758147,-0.007519952044918272,42,37,0.11367177834833078,0.0002984191345001643,0.018624127658704564,1.0,,182,182,0,,optimal
2023-05-22,2023-05-19,ok,0.045454545232172405,0.045454545454545456,0.8718334891674584,0.009999971011911024,-0.00013360443825073003,40,35,0.105907867481463,0.0002679939406243532,0.019014652295964232,1.0,,182,182,0,,optimal
2023-05-29,2023-05-26,ok,0.0454189189559822,0.045454545454545456,0.8655148025092299,0.01008642798197,-0.0029551411742374314,39,34,0.07972243333458245,0.00033016655704632683,0.018092760970342223,6.818863238632205,turnover; style; country_sector,183,183,30,,optimal
2023-06-05,2023-06-02,ok,0.04545454509283338,0.045454545454545456,0.8348669690826829,0.002666498166217307,0.006399904241570174,39,33,0.16268451012621482,0.0004471790423414086,0.018263905876126987,1.0,,186,186,0,,optimal
2023-06-12,2023-06-09,ok,0.04545454529230969,0.045454545454545456,0.8388280130039659,-0.003510218832664412,0.009156697922403942,37,34,0.1524778451339385,0.00046421197123620335,0.017054290215320157,1.0,,186,186,0,,optimal
2023-06-19,2023-06-16,ok,0.04545454549317947,0.045454545454545456,0.8664228962082756,-0.00998012163124315,0.005442871778373944,36,35,0.09509196542160399,0.00033432281040473357,0.015932637726926418,1.0,turnover; style; country_sector,185,185,29,,optimal
2023-06-26,2023-06-23,ok,0.045454544083604276,0.045454545454545456,0.8500094729334122,0.004817963014985858,0.024775266683971783,36,32,0.13348280556004619,0.0004047513800962624,0.01616315913149741,1.0,,184,184,0,,optimal
2023-07-03,2023-06-30,ok,0.04545454532263203,0.045454545454545456,0.8250024914685181,-0.006558488503368508,0.013583991970501664,33,30,0.09375993272064027,0.00034037549610134557,0.01581951293484195,1.0,,185,185,0,,optimal
2023-07-10,2023-07-07,ok,0.04545454275195549,0.045454545454545456,0.8301397218817885,-0.008852025014859592,0.014996861270124588,33,30,0.1143868502361392,0.0003191417414686718,0.014214923003981549,1.0,,185,185,0,,optimal
2023-07-17,2023-07-14,ok,0.04545454111749208,0.045454545454545456,0.8562859154248013,-0.009999923954766045,0.013237689653192566,34,33,0.16882309690796993,0.000528608965594699,0.012244285910039473,1.0,,185,185,0,,optimal
2023-07-24,2023-07-21,ok,0.04486670451670151,0.045454545454545456,0.8460798224737193,0.009999964294795383,0.036805092911910385,35,31,0.12689416378383242,0.0003214586335679789,0.010896110829754986,2.7603357345204764,,186,186,0,,optimal
2023-07-31,2023-07-28,ok,0.044966912462324905,0.045454545454545456,0.8827463874110009,0.009999984660852675,0.028588498584690283,37,33,0.16303652929423237,0.0004856643853635749,0.011041035581974714,64.0,,185,185,0,,optimal
2023-08-07,2023-08-04,ok,0.04411732376096823,0.045454545454545456,0.8608832362069916,0.009999992658773597,0.02187842193233521,38,30,0.12817093897765058,0.0003568030584262562,0.010952943328131019,64.0,,186,186,0,,optimal_inaccurate
2023-08-14,2023-08-11,ok,0.04545449886852117,0.045454545454545456,0.879879441272922,0.0021955895827134465,0.001222293300052872,39,31,0.15364113039327723,0.0004246135929092119,0.01523608521083858,1.0,,191,191,0,,optimal_inaccurate
2023-08-21,2023-08-18,ok,0.04523579243319655,0.045454545454545456,0.8691089657901785,0.00336950263496668,-0.0018300107824931074,36,33,0.16984159929548992,0.0005963049962557242,0.013983438738049933,1.7562521603732995,,191,191,0,,optimal
2023-08-28,2023-08-25,ok,0.04540984926769248,0.045454545454545456,0.9056550749506243,0.009999983738253986,-0.0017968139016737077,40,34,0.1552316002613377,0.000566886458807173,0.015577811839639261,1.0,,192,192,0,,optimal
2023-09-04,2023-09-01,ok,0.045454544915676444,0.045454545454545456,0.9237019437026013,0.009991421209145736,-2.1516325654359546e-05,40,33,0.07890500588925967,0.0002346981784834989,0.01710777272254337,1.0,turnover; style; country_sector,191,191,26,,optimal
2023-09-11,2023-09-08,ok,0.04516710318214225,0.045454545454545456,0.9313939211452509,0.008547824674329713,0.0022584402467350317,40,35,0.19092621457059855,0.0005549680675097354,0.017769368187685704,1.2863482295460256,,191,191,0,,optimal
2023-09-18,2023-09-15,ok,0.04545454533415025,0.045454545454545456,0.9692407716483116,0.009990112667317044,0.0038011758444058655,41,35,0.08193053378971266,0.00020500861576509523,0.015391101381929442,1.0,,193,193,0,,optimal
2023-09-25,2023-09-22,ok,0.045243614778556755,0.045454545454545456,0.9608701818638941,0.009389384228910919,0.008298923607264216,42,36,0.10557978943173352,0.0003664939169329246,0.013886262299336552,1.5759808451078865,,192,192,0,,optimal
2023-10-02,2023-09-29,ok,0.044876635184316706,0.045454545454545456,0.957998741100249,-0.00524668442811628,-0.008680717541896955,43,38,0.17941945288588745,0.0004120926574401298,0.012986178806406552,14.9933410728824,,192,192,0,,optimal
2023-10-09,2023-10-06,ok,0.04496379211144933,0.045454545454545456,0.9584177379615163,-0.0012077204689448437,-0.004164993426365981,42,37,0.09610128858976737,0.000249094942695974,0.01255707916315386,64.0,,192,192,0,,optimal
2023-10-16,2023-10-13,ok,0.04521090259423688,0.045454545454545456,0.9622572329055905,0.001995067621432145,-0.0038626750432555392,42,37,0.1738997351724068,0.0007004666227364253,0.013135983764070745,2.6720902764082917,,192,192,0,,optimal
2023-10-23,2023-10-20,ok,0.04545130887522163,0.045454545454545456,0.933581509239664,0.009999996470312151,-0.003286240498643377,41,34,0.11205409133039453,0.00030442881762167905,0.013412374734006978,1.4609177941806473,,191,191,0,,optimal
2023-10-30,2023-10-27,ok,0.04519279152291638,0.045454545454545456,0.929722419379136,0.009999940757860547,-0.00297160735271043,40,35,0.06506865530488438,0.0002116274049153677,0.01001448362935695,2.6290311758987093,,191,191,0,,optimal
2023-11-06,2023-11-03,ok,0.04545453505880979,0.045454545454545456,0.9139387454570151,0.00999998025598442,0.015843323891074967,39,37,0.12916569418275314,0.00033493549625715865,0.00808542700912318,1.0,,190,190,0,,optimal
2023-11-13,2023-11-10,ok,0.045182952632295784,0.045454545454545456,0.8902349072634774,0.009999934911660215,0.022554305434982658,39,35,0.10026024711051776,0.000362666046912924,0.005804952805347954,2.1055815460092524,,186,186,0,,optimal
2023-11-20,2023-11-17,ok,0.0449796477417329,0.045454545454545456,0.9087647446892917,0.009525346220724859,0.015248566853700072,39,36,0.23928980305203723,0.0008162953039853707,0.0064361720898880115,1.5297344669472872,,187,187,5,,optimal
2023-11-27,2023-11-24,ok,0.04509723398057357,0.045454545454545456,0.90881277862704,0.009999984014449806,0.011194454291322134,39,36,0.1677934840103461,0.0005163943354067073,0.007184793002620454,1.117408151567369,,188,188,0,,optimal_inaccurate
2023-12-04,2023-12-01,ok,0.045454544102455925,0.045454545454545456,0.9359783761095644,0.009999985101261915,0.007895580817791105,40,36,0.14120077150760002,0.00047544409138851334,0.011535280905779731,1.0,,189,189,0,,optimal
2023-12-11,2023-12-08,ok,0.045122086204050414,0.045454545454545456,0.9604176964983715,0.009999978350374045,0.015303813896629409,38,38,0.10126173989402681,0.00032507310471866294,0.010756385391658997,1.9571441241754002,,190,190,0,,optimal_inaccurate
2023-12-18,2023-12-15,ok,0.0454545452465192,0.045454545454545456,0.971649663214205,0.009383993618077353,0.01504565197610824,36,40,0.10879335751066668,0.0002587337747301475,0.011479531695291837,1.0,,190,190,0,,optimal
2023-12-26,2023-12-22,ok,0.045454545084076294,0.045454545454545456,0.9901758751475565,0.009999892836245916,0.017587733548992495,37,40,0.08495648625307572,0.00023630610266586253,0.01310034470715633,1.0,,190,190,0,,optimal
2024-01-02,2023-12-28,ok,0.04545454503162887,0.045454545454545456,0.9851662291560348,0.009999971077667112,0.010192966672355284,36,41,0.1037819886567211,0.0002692745166414625,0.013598952754715015,1.0,,191,191,0,,optimal
2024-01-08,2024-01-05,ok,0.04519713015326777,0.045454545454545456,0.9733070958428878,0.009999992069361321,0.010166023908451137,35,41,0.08728974800445997,0.0002865035050907497,0.012024891597590619,3.04294603781763,,191,191,0,,optimal
2024-01-15,2024-01-12,ok,0.04526624522069545,0.045454545454545456,0.9799272208028871,0.009983486782903568,0.009766484306916137,35,40,0.049522501401152885,0.0001691025578224549,0.011040337831186343,2.321156424054997,,190,190,28,,optimal_inaccurate
2024-01-22,2024-01-19,ok,0.04518015672569284,0.045454545454545456,0.9705697884545958,0.009999668790101536,0.009441640099198106,35,40,0.12915675585772865,0.00040784172055578197,0.012735160871111246,2.2469511346660394,,191,191,0,,optimal
2024-01-29,2024-01-26,ok,0.045454544878086096,0.045454545454545456,0.9660696989479236,0.00999998242876085,-0.001959985076418978,32,41,0.14429545856000817,0.00040221711874711567,0.014541158615625945,1.0,,191,191,0,,optimal
2024-02-05,2024-02-02,ok,0.045454545273148086,0.045454545454545456,0.9748997326811342,0.010083495811450044,-0.004372940301812193,32,40,0.0871182169717018,0.00023910387945821418,0.016415383106429655,1.0,,191,191,4,,optimal
2024-02-14,2024-02-09,ok,0.04545454528170365,0.045454545454545456,1.013082552150997,0.00999955804247974,0.0018957858980041989,32,43,0.11029177592771575,0.00030128437147180305,0.017473888432103957,1.0,,192,192,0,,optimal
2024-02-19,2024-02-16,ok,0.04521598075592877,0.045454545454545456,1.0479591826531678,0.010172001425943107,0.006470723412324251,33,41,0.0713165606612006,0.00023054565858802526,0.013781986931441913,1.041450124688316,,192,192,28,,optimal_inaccurate
2024-02-26,2024-02-23,ok,0.04545454512546773,0.045454545454545456,1.056013651661668,0.00999998855425499,0.009371518051107277,32,42,0.17802416406839977,0.0003804500903635964,0.015104843374651157,1.0,,193,193,0,,optimal
2024-03-04,2024-03-01,ok,0.04545454545521295,0.045454545454545456,1.0666323392403,0.001105101714690214,0.013675058581501113,34,42,0.1490273409788926,0.00036034528324887084,0.01427752985814801,1.0,,194,194,0,,optimal
2024-03-11,2024-03-08,ok,0.045429432147017,0.045454545454545456,1.0825426564759169,0.009999988074126616,-0.002453263085837471,35,41,0.20313663932065115,0.0006065977195677994,0.00919007954632593,1.0,,193,193,0,,optimal
2024-03-18,2024-03-15,ok,0.04545454457705605,0.045454545454545456,1.10634078505523,0.009985158027353593,0.0014106382682426385,36,41,0.09612873406399086,0.00029114454457041786,0.010418603352459808,1.0,,194,194,3,,optimal
2024-03-25,2024-03-22,ok,0.04545454326810912,0.045454545454545456,1.1163371776390418,0.009999902716140492,0.001124564280651462,39,41,0.1389970884492687,0.0004021838990093488,0.010227885034903099,1.0,,193,193,0,,optimal
2024-04-01,2024-03-28,ok,0.04544320908213647,0.045454545454545456,1.1175695983523686,0.009999994231640705,0.0031105184559434562,40,40,0.14175491795124306,0.000368936231252441,0.010199301321339997,1.0,,193,193,0,,optimal
2024-04-08,2024-04-05,ok,0.045383039677005285,0.045454545454545456,1.0926507611376337,0.009999997147152571,0.00202261024143647,38,39,0.14032729131930646,0.0003414701177531902,0.009133975067808792,2.2107428914034823,,193,193,0,,optimal
2024-04-15,2024-04-12,ok,0.044162377995569116,0.045454545454545456,1.0911692705970117,0.009999995665398102,0.0030943317508387524,40,41,0.11438878614426397,0.0002857970110162165,0.010081887128380112,64.0,,195,195,0,,optimal
2024-04-22,2024-04-19,ok,0.04264815462436511,0.045454545454545456,1.045961216490125,0.009999982669367732,-0.0007641305072704496,37,43,0.183800705567095,0.000453450761869816,0.008670861646185475,64.0,,195,195,0,,optimal_inaccurate
2024-04-29,2024-04-26,ok,0.04413542499229738,0.045454545454545456,1.0889036306711066,0.009999992183185924,0.002028363483994458,38,43,0.15499611004272265,0.0004057066309601825,0.00865559235855983,64.0,,194,194,0,,optimal
2024-05-06,2024-05-03,ok,0.04516347915890346,0.045454545454545456,1.1182399557553255,0.009999963839680354,0.010386673584506428,37,43,0.12147785443514006,0.00033025232050090214,0.008978390326617255,1.1700437696832502,,194,194,0,,optimal_inaccurate
2024-05-13,2024-05-10,ok,0.045156211623644256,0.045454545454545456,1.1451699410634226,0.009999987034305297,0.013873437923817265,39,42,0.10336311752731958,0.00027746357970572714,0.008389895625128353,2.5588024150113386,,194,194,0,,optimal
2024-05-20,2024-05-17,ok,0.04545453969237124,0.045454545454545456,1.1524066298504105,0.009999976776609618,0.0067776999746533085,43,43,0.18599052142552952,0.0005563352396442949,0.011766201206556828,1.0,,197,197,0,,optimal
2024-05-27,2024-05-24,ok,0.04516869291210921,0.045454545454545456,1.1350530306491224,0.009962106235312095,0.004557267522111119,43,42,0.08925689509339256,0.0003625004569898613,0.0135909822079307,64.0,,197,197,34,,optimal
2024-06-03,2024-05-31,ok,0.04545454314301457,0.045454545454545456,1.1049552558977576,0.009999987170830234,0.0029414313269673113,43,40,0.20085929479625425,0.0005571760657129474,0.017343942606535222,1.0,,195,195,0,,optimal
2024-06-10,2024-06-07,ok,0.04545452167873671,0.045454545454545456,1.1171801526941272,0.009999965574232716,0.0016769651683575153,41,43,0.182345806577184,0.000493570269363622,0.01673893086632775,1.0,,195,195,0,,optimal
2024-06-17,2024-06-14,ok,0.04520855768325414,0.045454545454545456,1.1512300810597202,0.00999996280478005,0.005709435940439643,44,42,0.12864201096070754,0.0003705106010313021,0.012956082970835876,1.5380407738316573,,192,192,0,,optimal
2024-06-24,2024-06-21,ok,0.04545454522531709,0.045454545454545456,1.1550751020209336,0.009999993331427412,0.008611342785260127,47,40,0.12079387835766592,0.0003058568951924205,0.014748410259638852,1.0,,195,195,0,,optimal
2024-07-01,2024-06-28,ok,0.045296800473409816,0.045454545454545456,1.1125826738386628,0.0017263849616118848,0.009306004608744175,45,41,0.15497729540306446,0.00044081483735084663,0.011500987577027682,1.480830227822472,,193,193,0,,optimal
2024-07-08,2024-07-05,ok,0.04545454524840823,0.045454545454545456,1.1354821852873664,-0.009999955570659733,0.003025351812547957,45,41,0.15109502637415223,0.0004308191259283946,0.012827646247820339,1.0,,191,191,0,,optimal
2024-07-15,2024-07-12,ok,0.045454545338297375,0.045454545454545456,1.1518798231941534,-0.008084715924107505,-0.005573113631214191,46,41,0.15349098092173924,0.0005226812979042184,0.014612281776873192,1.0,,189,189,0,,optimal
2024-07-22,2024-07-19,ok,0.04524928918425583,0.045454545454545456,1.1389920286346515,0.00999997662223924,0.009388680694066143,44,38,0.17782308231980412,0.0007977139629680186,0.01698436363743835,5.827870217605777,,191,191,0,,optimal
2024-07-29,2024-07-26,ok,0.04490511044284477,0.045454545454545456,1.1035106232201923,-0.009998693239704426,-0.015563170506040239,41,39,0.1269452384958295,0.00037899112060131796,0.015550460888981916,64.0,,193,193,0,,optimal_inaccurate
2024-08-05,2024-08-02,ok,0.044237344187130295,0.045454545454545456,1.0730525291170616,0.009999917749917077,0.0013489417243872093,41,39,0.16339373066766358,0.0004976300864464906,0.013764500081043598,64.0,,194,194,0,,optimal_inaccurate
2024-08-12,2024-08-09,ok,0.04511483297572284,0.045454545454545456,1.0934285389258447,0.00999995687940982,0.0015345587534421066,39,39,0.1400683224575575,0.000335572383861542,0.007916567778450902,2.586665946458179,,195,195,0,,optimal
2024-08-19,2024-08-16,ok,0.04545454495496353,0.045454545454545456,1.1046040915854816,0.009999994750304872,0.007333949766060426,40,39,0.16264186372197165,0.0006572013791902217,0.009400873532853802,1.0,,195,195,0,,optimal
2024-08-26,2024-08-23,ok,0.045230464056479826,0.045454545454545456,1.100572717043112,0.00999938646303188,0.014516286903342474,39,39,0.12279088791711558,0.0004058150566447174,0.013131675589212704,2.3023784599059653,,196,196,0,,optimal
2024-09-02,2024-08-30,ok,0.045454545155732926,0.045454545454545456,1.1891728723236974,0.00999606130757737,0.009977290814993572,45,41,0.12739678249899652,0.000379502085447553,0.013705459929990478,1.0,turnover; style; country_sector,196,196,34,,optimal
2024-09-09,2024-09-06,ok,0.045029568449208614,0.045454545454545456,1.1762607981016915,0.00999996057845564,0.008692288825162835,44,38,0.1666637017811123,0.0004996735884004528,0.013088557958531356,57.899089259873016,,197,197,0,,optimal
2024-09-16,2024-09-13,ok,0.04545454533663301,0.045454545454545456,1.1729171000826892,0.009981025488539547,0.010492921867369318,45,36,0.13383453781681448,0.0004051975697495209,0.013330156443840687,1.0,,197,197,3,,optimal
2024-09-23,2024-09-20,ok,0.045454542329916345,0.045454545454545456,1.151870754240898,0.009999983899425108,0.008931095817969874,45,37,0.14236827007577374,0.00040822184081381273,0.010766672014716842,1.0,,197,197,0,,optimal
2024-09-30,2024-09-27,ok,0.045454545426896954,0.045454545454545456,1.1374099502217494,0.009999969661022831,0.00860670900721695,44,37,0.08406834035441746,0.00022926166588062424,0.013133706443604246,1.0,,196,196,0,,optimal
2024-10-07,2024-10-04,ok,0.045454544386413116,0.045454545454545456,1.1249632044019604,0.009999958109057613,0.010705755352723684,43,35,0.08843076765049498,0.00020531364397446443,0.014466371831088261,1.0,,198,198,0,,optimal
2024-10-14,2024-10-11,ok,0.045454543328326324,0.045454545454545456,1.1352782206814056,0.009999952587521697,0.007231288310850823,43,35,0.07982818389547477,0.00020626886618525065,0.014265672377966922,1.0,,197,197,0,,optimal
2024-10-21,2024-10-18,ok,0.04545454505822308,0.045454545454545456,1.1445919907307167,0.009999984172260813,0.0042987361764862085,43,35,0.05898297644739678,0.00016076764042583658,0.016549426277752962,1.0,,198,198,0,,optimal
2024-10-28,2024-10-25,ok,0.045454543560825164,0.045454545454545456,1.1703185106616423,0.00999999351963398,-0.0017520043871612628,45,35,0.13785792907325906,0.0004195881426055415,0.017567857676435896,1.0,,198,198,0,,optimal
2024-11-04,2024-11-01,ok,0.04528138075022143,0.045454545454545456,1.168795369274314,0.009999990850286418,-0.015652076992124737,46,35,0.14489340255267394,0.0004198617317486644,0.015616115503060295,2.0548918982375275,,196,196,0,,optimal
2024-11-11,2024-11-08,ok,0.04518406417116581,0.045454545454545456,1.1394604642791908,0.009999996360251534,-0.016952604215802355,47,35,0.14344817791413644,0.000386628684964892,0.01369829843224346,1.102382583307841,,195,195,0,,optimal
2024-11-18,2024-11-14,ok,0.04512919521278847,0.045454545454545456,1.1241081901945509,0.009990905020869037,-0.017852354673293117,46,36,0.1316488762235115,0.00038388602149003214,0.015807645700920758,17.975609077328315,,197,197,2,,optimal
2024-11-25,2024-11-22,ok,0.04508438661525589,0.045454545454545456,1.1500391926083817,0.009999994174069576,-0.01615908219851485,48,36,0.10390889362721954,0.0002703413477612722,0.014806821695073063,3.151961690215773,,198,198,0,,optimal
2024-12-02,2024-11-29,ok,0.04374544324605503,0.045454545454545456,1.1044875560087548,0.009999979316550271,-0.015500262775151754,45,40,0.16992754896674103,0.0005038125635989572,0.015605615975037396,64.0,,199,199,0,,optimal
2024-12-09,2024-12-06,ok,0.04386087376721058,0.045454545454545456,1.1144249949250935,0.009999967232263977,-0.0150947678534574,43,42,0.1011900072843738,0.0002868158514222801,0.014154123729037122,64.0,,201,201,0,,optimal
2024-12-16,2024-12-13,ok,0.044703867458239156,0.045454545454545456,1.1371851719485506,0.009999996281246443,-0.009787705302508947,43,41,0.20198103223661631,0.0005343320324326493,0.012496195919702347,64.0,,203,203,0,,optimal
2024-12-23,2024-12-20,ok,0.04353671137299143,0.045454545454545456,1.0993226633159026,0.009999987369750874,0.00929302851436735,43,39,0.1027452537131404,0.00037901686885064375,0.00982608941748431,64.0,,201,201,0,,optimal
2024-12-30,2024-12-27,ok,0.04411358515146782,0.045454545454545456,1.1124637225892915,0.009999967405137596,0.011011646180786563,41,39,0.07529385923688887,0.00017026455644214604,0.011008978418741867,64.0,,200,200,0,,optimal
2025-01-06,2025-01-03,ok,0.04403904128721745,0.045454545454545456,1.1061072611197025,0.009999944587046401,0.01532480538693678,40,39,0.11786007603584159,0.00030785097099400474,0.009250276445698884,64.0,,200,200,0,,optimal
2025-01-13,2025-01-10,ok,0.043584193957787815,0.045454545454545456,1.0989309028021021,0.009999976856076911,0.019753309594205834,41,38,0.09889528967804231,0.00025707159912672213,0.008286206882437345,64.0,,200,200,0,,optimal
2025-01-20,2025-01-17,ok,0.04527568068771071,0.045454545454545456,1.128602436048889,0.0099916957231529,0.02393431924007199,41,35,0.046288362481340495,0.00011425946116127151,0.00957426015350103,1.2086843236265814,turnover; style; country_sector,200,200,33,,optimal
2025-01-27,2025-01-24,ok,0.04404763744014704,0.045454545454545456,1.1022447991418685,0.00999997034842292,0.019347028518172847,39,37,0.17837271488229664,0.0004293049800819672,0.010466294815539299,64.0,,200,200,0,,optimal
2025-02-03,2025-01-31,ok,0.044374878293525225,0.045454545454545456,1.1348471831139078,0.010020184383677092,0.015835962272636686,39,38,0.09924309566467986,0.00023773387349313327,0.009663746438646448,64.0,,200,200,1,,optimal
2025-02-10,2025-02-07,ok,0.04327950583005209,0.045454545454545456,1.1088193923324359,0.009999967291169407,0.015030935429536903,40,37,0.09594162601890868,0.00024644817580716263,0.01100532155340155,64.0,,201,201,0,,optimal
2025-02-17,2025-02-14,ok,0.04328398391871168,0.045454545454545456,1.116363829267868,0.010002156518133729,0.018087442482996124,40,36,0.05726877052431662,0.0002038514874619005,0.011440788253115581,64.0,turnover; style; country_sector,201,201,35,,optimal
2025-02-24,2025-02-21,ok,0.04453695500565567,0.045454545454545456,1.1276699973004751,0.00999997162319817,0.01735454570848287,43,36,0.2518312142563299,0.0007221488382614926,0.015861494735057508,64.0,,200,200,0,,optimal
2025-03-05,2025-02-28,ok,0.04447566712621165,0.045454545454545456,1.1082410285502333,0.009999967925524045,0.013873220643964852,43,36,0.12838134613995777,0.00038766216513547814,0.01662446358077471,64.0,,201,201,0,,optimal
2025-03-10,2025-03-07,ok,0.045454543399003455,0.045454545454545456,1.1405830906021355,0.009999986965398777,0.007120738724060405,42,39,0.12153596567831187,0.00033097834353022196,0.019294781023261428,1.0,,200,200,0,,optimal
2025-03-17,2025-03-14,ok,0.04545454515948024,0.045454545454545456,1.1447312417836768,0.01016629284832464,0.01081766459040099,44,38,0.17892370609593622,0.000499076347153909,0.01902487194471503,1.0,,201,201,2,,optimal
2025-03-24,2025-03-21,ok,0.045454544873072156,0.045454545454545456,1.1334713526239624,0.009999965280654818,0.011547824480809406,43,38,0.08880080882889338,0.00023822100376356638,0.01796617783552683,1.0,,200,200,0,,optimal
2025-03-31,2025-03-28,ok,0.04520391042936785,0.045454545454545456,1.1156478963338048,0.009999992119620209,0.018299772999492463,46,36,0.12637104309424207,0.00029959349124282226,0.013609134953065241,1.0386341019613787,,200,200,0,,optimal
2025-04-07,2025-04-04,ok,0.044663620425637846,0.045454545454545456,1.120070992501631,0.009999977847146926,0.027798099683781156,45,38,0.1702632413717714,0.0004424650775991527,0.014166254851916433,64.0,,199,199,0,,optimal
2025-04-14,2025-04-11,ok,0.045454542592208005,0.045454545454545456,1.1387377004644135,0.00999995146329858,0.02471591526685225,45,38,0.14407626814013044,0.0003869392275443948,0.013323868982823221,1.0,,201,201,0,,optimal
2025-04-22,2025-04-17,ok,0.04519173151684526,0.045454545454545456,1.1379662103875443,0.009999889627433568,0.022909201059582197,44,38,0.11972342922226559,0.0003030388915042903,0.01392500718068609,1.016378314910953,,201,201,0,,optimal
2025-04-28,2025-04-25,ok,0.045288501530040694,0.045454545454545456,1.148740956827329,0.00999994291749792,0.023657668465696592,45,38,0.19584482570882056,0.000537638840595576,0.014831707509409535,1.7001063537185235,,201,201,0,,optimal
2025-05-05,2025-05-02,ok,0.04543714885307258,0.045454545454545456,1.1400725356591546,0.009999678920278109,0.029322626166649067,44,38,0.1281103341249217,0.00034627504745900466,0.014215496146832957,1.0,,201,201,0,,optimal
2025-05-12,2025-05-09,ok,0.04545454400740959,0.045454545454545456,1.1176198471805088,-0.0002771792904537468,0.02508731499374053,45,38,0.16273633011180788,0.00048050799823549944,0.013581291485840391,1.0,,201,201,0,,optimal
2025-05-19,2025-05-16,ok,0.04545454441582195,0.045454545454545456,1.0983713185511874,-0.0019515316735090223,0.021134664328283682,44,37,0.13594637554368133,0.00037721993275446403,0.01314780661834322,1.0,,203,203,0,,optimal
2025-05-26,2025-05-23,ok,0.04511157529535884,0.045454545454545456,1.0973670313951978,-0.0006053044803190667,0.02525910446793701,44,38,0.05446549288893472,0.0001431482071938679,0.012191793315391922,1.1449721444318042,turnover; style; country_sector,202,202,38,,optimal
2025-06-02,2025-05-30,ok,0.04545454202538929,0.045454545454545456,1.101196180628595,0.007711565566765527,0.022716698876218695,44,39,0.10292854435644586,0.00023875223005668915,0.012750087415678226,1.0,,204,204,0,,optimal
2025-06-09,2025-06-06,ok,0.04513406043254875,0.045454545454545456,1.1152238050339518,0.009999912889329401,0.02207820320663462,45,39,0.10840784884459193,0.0003054257442518675,0.012501706009898705,1.4218926021691656,,204,204,0,,optimal
2025-06-16,2025-06-13,ok,0.045221290696291445,0.045454545454545456,1.129040844407174,0.009999975252683903,0.014660117085767584,46,39,0.11248980471244005,0.0002807504101899429,0.014703304049007172,1.7373338352737062,,203,203,0,,optimal
2025-06-23,2025-06-20,ok,0.04496737606912672,0.045454545454545456,1.1151554721588657,0.009999989502557118,0.004954313992441917,45,39,0.0877537226157033,0.0002365026222428692,0.01174677473722035,3.465272364044622,,203,203,0,,optimal
2025-06-30,2025-06-27,ok,0.04545454076831623,0.045454545454545456,1.1211596607751855,0.009999977056858522,0.004626360848719262,44,42,0.1465031076837272,0.0003904497322895325,0.012120472568713177,1.0,,203,203,0,,optimal
2025-07-07,2025-07-04,ok,0.0451577874133798,0.045454545454545456,1.1407765276609905,0.00999999468783145,0.011491139587581828,44,42,0.17708665720757602,0.0005165392162206792,0.013211710275471628,1.0386341019613787,,204,204,0,,optimal
2025-07-14,2025-07-11,ok,0.04520711809252205,0.045454545454545456,1.126501370999344,0.009999991357285187,0.013399401901708128,44,41,0.1468666030052074,0.00040715865233025613,0.014992234547020438,1.6909247992693053,,204,204,0,,optimal
2025-07-21,2025-07-18,ok,0.04545454378237489,0.045454545454545456,1.1253147158954868,0.009999973258727072,0.014719650496389321,41,41,0.12572083550126367,0.00041977876844220954,0.014976405314656573,1.0,,206,206,0,,optimal
2025-07-28,2025-07-25,ok,0.04545454512773164,0.045454545454545456,1.1320835890184582,0.004961543984550967,0.016328011988770198,42,41,0.14646581283887716,0.0004071808794976054,0.01499571942357799,1.0,,204,204,0,,optimal
2025-08-04,2025-08-01,ok,0.04545454351036877,0.045454545454545456,1.1509796315394591,0.007244927660112036,0.026970040548009763,42,40,0.15913472941442947,0.0004028314551628134,0.017100004243288426,1.0,,206,206,0,,optimal
2025-08-11,2025-08-08,ok,0.04545454506373173,0.045454545454545456,1.138773313246547,0.007825652006026078,0.033477496466853704,42,39,0.1539660507020158,0.00041357605407408584,0.014322333003130579,1.0,,204,204,0,,optimal
2025-08-18,2025-08-15,ok,0.045454534931590886,0.045454545454545456,1.131158059054321,0.009040580325829238,0.029448393591643397,43,39,0.10341817417491675,0.00021933122919308039,0.012513033786256443,1.0,,203,203,0,,optimal
2025-08-25,2025-08-22,ok,0.04527672126063755,0.045454545454545456,1.1653095427215403,0.009999977598533497,0.0075065024064713505,42,41,0.15779547438875624,0.0003591001519644419,0.015083077073920658,1.0442737824274138,,203,203,0,,optimal
2025-09-01,2025-08-29,ok,0.04545454568013601,0.045454545454545456,1.1588670283383133,0.0085402449120106,0.005394607672579965,42,42,0.07398848008424566,0.0002045527844607523,0.017327131951952165,1.0,turnover; style; country_sector,203,203,40,,optimal
2025-09-08,2025-09-05,ok,0.04545454071638733,0.045454545454545456,1.1997526499539266,0.009999960936215802,-0.0054326898830985015,45,42,0.17839284299983058,0.0005404286490534067,0.016808338807755074,1.0,,203,203,0,,optimal
2025-09-15,2025-09-12,ok,0.04545454228986987,0.045454545454545456,1.2390216015505071,0.0099999476873762,-0.005050601351517842,44,42,0.18511722812328935,0.00050858017016142,0.014585399056682711,1.0,,203,203,0,,optimal
2025-09-22,2025-09-19,ok,0.045454543886353775,0.045454545454545456,1.2498466408645212,0.009999971577622564,-0.005740100353978928,46,43,0.1344986173481418,0.00037141926185358683,0.015361405722168176,1.0,,203,203,0,,optimal
2025-09-29,2025-09-26,ok,0.045454543694250914,0.045454545454545456,1.1885994810229081,0.009999983391535402,-0.01360752243383368,44,42,0.23083170674566875,0.0006923494334854661,0.017795179546569624,1.0,,204,204,0,,optimal
2025-10-06,2025-10-03,ok,0.0454545443460473,0.045454545454545456,1.194762248861568,0.009999985777858062,-0.007145279286874156,45,43,0.15763772318345198,0.00040131352307898056,0.018928438782879503,1.0,,206,206,0,,optimal
2025-10-13,2025-10-10,ok,0.04545454512316269,0.045454545454545456,1.177250576254525,0.009999988663537296,0.0004823685944061029,42,41,0.17106793185854516,0.0004928064317225824,0.017224655695354103,1.0,,206,206,0,,optimal
2025-10-20,2025-10-17,ok,0.0454545440946986,0.045454545454545456,1.1880113398606098,0.00999997128980111,-0.0017676717195305104,43,42,0.1833930412782717,0.0006330190283711002,0.017809870260172726,1.0,,207,207,0,,optimal
2025-10-27,2025-10-24,ok,0.04545454425495234,0.045454545454545456,1.197551425378503,0.009999889683258241,0.012434376890631735,44,42,0.14735465079793,0.0005436900942996869,0.01809474147154812,1.0,,209,209,0,,optimal
2025-11-03,2025-10-31,ok,0.04545454363426305,0.045454545454545456,1.177939115473909,0.009427646068721107,0.012637891217170039,42,43,0.12114098957407324,0.0003717855718885975,0.013995596000567812,1.0,,209,209,0,,optimal
2025-11-10,2025-11-07,ok,0.04545454224718311,0.045454545454545456,1.156018232974259,0.009999615162635818,0.021798898950958427,43,41,0.239825706674054,0.0007095763364683086,0.012637810025748894,1.0,,211,211,0,,optimal
2025-11-17,2025-11-14,ok,0.045454539320246845,0.045454545454545456,1.1085576502331904,0.009971626642479598,0.028117695358959124,43,40,0.20837029272400512,0.0006615786917705244,0.00921349709443195,1.0,,211,211,2,,optimal
2025-11-24,2025-11-21,ok,0.045454541907955726,0.045454545454545456,1.0800603189280347,0.0032422016160982246,0.01640882024014482,44,40,0.1374511090079335,0.0004416544412731439,0.012389937588730204,1.0,,209,209,0,,optimal
2025-12-01,2025-11-28,ok,0.04545454479197807,0.045454545454545456,1.0569070577531985,0.0007279348353504481,0.01440493313735318,45,40,0.1846229814786639,0.0004727763409633214,0.01476264823631504,1.0,,211,211,0,,optimal
2025-12-08,2025-12-05,ok,0.04545454273153523,0.045454545454545456,1.0284394341215992,0.008774066419608484,0.014453212358044427,45,40,0.21044791467350932,0.0005487514117970803,0.016766088528054748,1.0,,212,212,1,,optimal
2025-12-15,2025-12-12,ok,0.045454543797838566,0.045454545454545456,1.0432485499018749,-0.005672749730127033,0.009420208024796707,46,38,0.20989767034482892,0.0005759179632520754,0.01865877762449519,1.0,,215,215,0,,optimal
2025-12-22,2025-12-19,ok,0.045357472661336766,0.045454545454545456,1.050141217585829,0.009999871901798657,0.028713996205907956,45,37,0.14022370306028561,0.00040786206908212624,0.013656177183183862,1.3542555469368929,,215,215,0,,optimal
2025-12-29,2025-12-26,ok,0.04545454036428859,0.045454545454545456,1.0841920773481701,0.004887678797146272,0.028788036407239634,46,38,0.13497314575736136,0.00044891679656314877,0.015590653462659781,1.0,,217,217,0,,optimal
2026-01-05,2026-01-02,ok,0.04545454243530687,0.045454545454545456,1.0860762418360346,0.005258842843670619,0.02901860704913202,46,37,0.10095738693766801,0.0002858714657960958,0.014006517743044093,1.0,,216,216,0,,optimal
2026-01-12,2026-01-09,ok,0.04545454463982423,0.045454545454545456,1.0872960012410635,0.004260929203589586,0.014524917698304525,46,37,0.08486506158823107,0.00022764751845361217,0.014851473794518663,1.0,,218,218,0,,optimal
2026-01-19,2026-01-16,ok,0.045454545143171966,0.045454545454545456,1.103262025789828,0.0006742715549590411,0.005657838931275746,46,37,0.0550928947338129,0.00015217835438825734,0.013863684541728418,1.0,turnover; style; country_sector,218,218,36,,optimal
2026-01-26,2026-01-23,ok,0.045454544824045096,0.045454545454545456,1.1320460384606754,0.009999969052841007,-0.0023510211766457024,49,38,0.23331808677283145,0.0006220336731555604,0.014369206607192457,1.0,,219,219,0,,optimal
2026-02-02,2026-01-30,ok,0.045454542452728695,0.045454545454545456,1.1662533919313685,0.009885636413023535,0.01195944621562426,51,39,0.14887218122357745,0.0004215842602400647,0.014684265491796111,1.0,,219,219,4,,optimal
2026-02-09,2026-02-06,ok,0.04545453940740274,0.045454545454545456,1.1864796251337797,0.00999996482271593,0.017914342877129855,51,43,0.25908278937703316,0.000638547452628854,0.014438325221323722,1.0,,219,219,0,,optimal
2026-02-18,2026-02-13,ok,0.04529147313241751,0.045454545454545456,1.1847222090651583,0.00999998061924929,0.01657721412204295,48,43,0.1597318898434103,0.00042036611978714877,0.013802892253534378,1.0,,219,219,0,,optimal
2026-02-23,2026-02-20,ok,0.04545454417419327,0.045454545454545456,1.2062989622624003,0.009999982189798738,0.0006657115540972533,46,47,0.14890445399376645,0.00036443874942453103,0.014939567873562602,1.0,,217,217,0,,optimal
2026-03-02,2026-02-27,ok,0.04545454520313619,0.045454545454545456,1.1818044021795084,0.00999998660902401,-0.0034306857418881236,48,45,0.16758954358353612,0.00046775378373683016,0.017712010305061133,1.0,,220,220,0,,optimal
2026-03-09,2026-03-06,ok,0.045146584326665885,0.045454545454545456,1.1435787596491798,0.009999983753981307,-0.006591706534607687,49,43,0.16215686364979676,0.00046874518398895906,0.015824314297093023,2.0716513872039144,,221,221,0,,optimal
2026-03-16,2026-03-13,ok,0.04523045121239445,0.045454545454545456,1.153272228787019,0.009853388134728082,-0.007100418220763437,48,42,0.1510003845512534,0.00037909156811539443,0.015376614848927862,1.8044541678066237,,221,221,4,,optimal
2026-03-23,2026-03-20,ok,0.04527693196230393,0.045454545454545456,1.1547369340063909,0.009999874106311715,0.014743084016515669,49,41,0.19802668856615901,0.0006030926703463099,0.014798381444861976,1.0218971486541166,,222,222,0,,optimal
2026-03-30,2026-03-27,ok,0.04545454361592211,0.045454545454545456,1.1310190450279742,-0.009997443368576506,0.017851194629613744,46,43,0.2658264734888623,0.0007331103847779989,0.016897112878156872,1.0,,222,222,0,,optimal
2026-04-06,2026-04-02,ok,0.04545454502853874,0.045454545454545456,1.167698016190942,-0.009999972094285558,0.0118230533598517,45,44,0.1836831786633738,0.0005706810430188657,0.0202768086680454,1.0,,223,223,0,,optimal
2026-04-13,2026-04-10,ok,0.04545454477893507,0.045454545454545456,1.1639970481416033,-0.009999984869980036,0.010242260029951582,46,44,0.20190889267286416,0.0006040522976340102,0.017870873110249964,1.0,,225,225,0,,optimal
2026-04-20,2026-04-17,ok,0.0454545446518933,0.045454545454545456,1.1273487639560105,-0.00999976800924933,0.007410840935119506,44,45,0.14311233801321147,0.0003696333920322561,0.016888570933682994,1.0,,225,225,0,,optimal
2026-04-27,2026-04-24,ok,0.04545454461735067,0.045454545454545456,1.11173911949373,-0.009999703400734217,-0.001117838008137287,43,44,0.15419192274966204,0.00037796850923008834,0.019542342460953318,1.0,,223,223,0,,optimal
2026-05-04,2026-04-30,ok,0.045454544738367936,0.045454545454545456,1.1040406347543188,0.001198667734197095,0.00889699613941931,45,44,0.11929240940519253,0.00028580844069253354,0.018218529212806225,1.0,,223,223,0,,optimal
2026-05-11,2026-05-08,ok,0.045454542553879124,0.045454545454545456,1.0887889417735876,0.0039248359849207645,0.01544275331514864,46,43,0.16206305185416722,0.0004801765378258425,0.015782553564163568,1.0,,222,222,0,,optimal
2026-05-18,2026-05-15,ok,0.04518724011324402,0.045454545454545456,1.0939316056591875,-0.009999988776931715,-0.00014823994706028356,46,44,0.2258698178008181,0.000773554724007416,0.01594804221175953,1.4103896082172709,,222,222,0,,optimal
2026-05-25,2026-05-22,ok,0.045147650720553566,0.045454545454545456,1.0981535183652977,-0.010018930536710977,0.009628177799367744,45,43,0.07386607129341316,0.0002135628344340711,0.011358546945422406,1.255380757024691,,222,222,40,,optimal
2026-06-01,2026-05-29,ok,0.04543700043790478,0.045454545454545456,1.106054111432067,8.370954604675074e-05,0.011777303943500097,43,42,0.24766065072651178,0.0008872965450113255,0.014679563945063175,1.0,,222,222,0,,optimal
2026-06-08,2026-06-05,ok,0.04545453718879128,0.045454545454545456,1.0907280495612355,0.006328998896072829,0.019516979526426944,46,38,0.18685629466478254,0.0006748968572338208,0.01814258362065147,1.0,,224,224,0,,optimal
2026-06-15,2026-06-12,ok,0.04545454362105304,0.045454545454545456,1.1326550987434294,0.00020059292733458356,0.02071792804943782,48,35,0.15204764661921868,0.00038392969303650316,0.016255001813338936,1.0,,224,224,0,,optimal
2026-06-22,2026-06-19,ok,0.04528466269147287,0.045454545454545456,1.1172788487393261,0.009999572156729586,0.025385898325397286,52,31,0.2358912642111079,0.0007443394505218309,0.016338211976218812,1.4451808069770469,,223,223,0,,optimal
2026-06-29,2026-06-26,ok,0.045268847473815876,0.045454545454545456,1.1483592167899734,0.002038278826350867,0.011437105781373375,50,34,0.13184851748502296,0.0004152402401409008,0.015563048734354464,1.129575928566288,,223,223,1,,optimal
2026-07-06,2026-07-03,ok,0.04545453893966434,0.045454545454545456,1.1550061824550517,0.006475554325770488,0.014262999589084039,50,33,0.19783456663957522,0.0006507765207312717,0.01656845677187226,1.0,,224,224,0,,optimal
2026-07-13,2026-07-10,ok,0.04545454277986242,0.045454545454545456,1.1514103869461196,0.006587406943069574,0.0047801300856262895,51,35,0.18823340397064875,0.0005403535928151336,0.01597757632078723,1.0,,223,223,0,,optimal
2026-07-20,2026-07-17,ok,0.045157096339837055,0.045454545454545456,1.141848035854081,0.0038364973519241074,0.009212233207309475,50,37,0.12953728422906893,0.0004585616594583865,0.016045717007285177,2.027260169902979,,221,221,0,,optimal
2026-07-27,2026-07-24,ok,0.045454530328336,0.045454545454545456,1.1346189735835337,0.009999742471832749,0.01649472359489957,51,37,0.12497964596239755,0.000345478070023639,0.016427168474481797,1.0,,221,221,0,,optimal
2026-08-03,2026-07-31,ok,0.045189098595543965,0.045454545454545456,1.1061246840894796,0.0032471869060720256,0.02077209098810983,49,36,0.152028531936655,0.0003891139482975738,0.012107814380363647,1.1605782120274986,,221,221,0,,optimal
2026-08-10,2026-08-07,ok,0.04515851575123143,0.045454545454545456,1.0758416431565245,0.009999955573905851,0.03240658076060459,49,37,0.17468197143422554,0.0004958875540537021,0.012043257452453533,1.9677712232331757,,221,221,0,,optimal
2026-08-17,2026-08-14,ok,0.045238434805366594,0.045454545454545456,1.0843984607479822,0.009999954670173561,0.03591091542603991,52,37,0.14359292708147486,0.0003390063429961516,0.011189120132299382,8.109040679611915,,221,221,0,,optimal
2026-08-24,2026-08-21,ok,0.045150332424215116,0.045454545454545456,1.1067720286373,0.009999932154299541,0.03327907629327935,51,36,0.10975421300593952,0.0002929689950872019,0.011756868275258204,1.6104903319492545,,222,222,0,,optimal
2026-08-31,2026-08-28,ok,0.04472719075223572,0.045454545454545456,1.1124851609772726,0.009999974382904717,0.029190836689834673,52,36,0.07527113058045459,0.00020636614098053487,0.009043660001060695,64.0,,223,223,0,,optimal
2026-09-08,2026-09-04,ok,0.044806116391272,0.045454545454545456,1.120317807379489,0.009999931370181785,0.032842820554448114,52,38,0.12188273418042309,0.0003140223585935957,0.009672778209725456,64.0,,227,227,0,,optimal
2026-09-14,2026-09-11,ok,0.04514903480601322,0.045454545454545456,1.122222465779155,0.009999771990324459,0.02020800370532464,50,39,0.12043959041823146,0.00035248812171525086,0.010303424725336139,5.490856660350674,,227,227,0,,optimal
2026-09-21,2026-09-18,ok,0.04513706346594798,0.045454545454545456,1.1408557547624454,0.009999943379838802,0.02033892755121533,49,40,0.17931743886360352,0.00038161926379899326,0.010233204878144065,1.2351510639369332,,216,216,0,,optimal
2026-09-28,2026-09-25,ok,0.04545453596237571,0.045454545454545456,1.1877361763708187,0.008720124211811772,0.012969147751404028,48,42,0.12999262789587465,0.0003424253246249562,0.014967787675589442,1.0,,217,217,0,,optimal
