issuer_id,theme,note
BR_PETROBRAS,state_owned,Controle da União (estatal federal)
BR_BB,state_owned,Controle da União (estatal federal)
BR_BBSEG,state_owned,Controlada pelo Banco do Brasil
BR_BANRISUL,state_owned,Controle do Estado do Rio Grande do Sul
BR_CEMIG,state_owned,Controle do Estado de Minas Gerais
BR_COPASA,state_owned,Controle do Estado de Minas Gerais (privatização em discussão)
BR_SANEPAR,state_owned,Controle do Estado do Paraná
CO_ECOPETROL,state_owned,Controle da Nação colombiana
AR_YPF,state_owned,Controle do Estado argentino (51%)
