issuer_id,metodo,peso_configurado,peso_final,disponivel_na_memoria,resultado_publicado,formula,motivo_na_memoria
AR_ADECOAGRO,fcff_normalizado,0.6,,False,,,Indisponível: valor do patrimônio não positivo (dissidência: conta na dispersão como zero).
AR_ADECOAGRO,rim,0.2,,True,13.7051,V0 = B0 + Σ_{t=1..12} (ROE_t − ke) × B_{t−1} ÷ (1 + ke)^t + perpetuidade,
AR_ADECOAGRO,regressao_ev_receita,0.2,,True,10.4811,V0 = (EV/Receita_reg × receita − DL) × PL_ctrl ÷ (PL_ctrl + minoritários) ÷ N,
AR_BBVA,rim,0.5,,True,12.3479,V0 = B0 + Σ_{t=1..12} (ROE_t − ke) × B_{t−1} ÷ (1 + ke)^t + perpetuidade,
AR_BBVA,pb_justificado,0.3,,True,10.7491,V0 = B0 × (ROE_sust − g) ÷ (ke − g),
AR_BBVA,regressao_pb_roe,0.2,,True,16.5997,V0 = P/VPA_reg × B0,
AR_CAAP,fcff_vida_finita,0.7,,True,8.07749,EV = Σ FCFF_t ÷ (1 + WACC)^t + NOPAT_{T+1} × (1 − g ÷ RONIC) ÷ (WACC − g) ÷ (1 + WACC)^T; V0 = (EV − DL) × PL_ctrl ÷ (PL_ctrl + minoritários) ÷ N,
AR_CAAP,rim,0.3,,True,15.3347,V0 = B0 + Σ_{t=1..12} (ROE_t − ke) × B_{t−1} ÷ (1 + ke)^t + perpetuidade,
AR_CEPU,rim_real,0.4,,True,14.2438,V0 = B0 + Σ_{t=1..12} (ROE_t − ke) × B_{t−1} ÷ (1 + ke)^t + perpetuidade,
AR_CEPU,ddm_real,0.2,,True,8.01932,V0 = Σ_{t=1..5} DPS_1 × (1 + g1)^(t−1) ÷ (1 + ke)^t + DPS_6 ÷ ((ke − g) × (1 + ke)^5),
AR_CEPU,fcff_real,0.2,,True,6.36634,EV = Σ FCFF_t ÷ (1 + WACC)^t + NOPAT_{T+1} × (1 − g ÷ RONIC) ÷ (WACC − g) ÷ (1 + WACC)^T; V0 = (EV − DL) × PL_ctrl ÷ (PL_ctrl + minoritários) ÷ N,
AR_CEPU,regressao_pb_roe,0.2,,True,19.1251,V0 = P/VPA_reg × B0,
AR_CRESUD,soma_partes,1.0,,True,7.11374,V0 = NAV × (1 − desconto de reserva) ÷ N × fator da casa,
AR_GALICIA,rim,0.5,,True,52.0314,V0 = B0 + Σ_{t=1..12} (ROE_t − ke) × B_{t−1} ÷ (1 + ke)^t + perpetuidade,
AR_GALICIA,pb_justificado,0.3,,True,47.6595,V0 = B0 × (ROE_sust − g) ÷ (ke − g),
AR_GALICIA,regressao_pb_roe,0.2,,True,30.0899,V0 = P/VPA_reg × B0,
AR_GLOBANT,fcff,0.5,,True,11.3737,EV = Σ FCFF_t ÷ (1 + WACC)^t + NOPAT_{T+1} × (1 − g ÷ RONIC) ÷ (WACC − g) ÷ (1 + WACC)^T; V0 = (EV − DL) × PL_ctrl ÷ (PL_ctrl + minoritários) ÷ N,
AR_GLOBANT,rim,0.25,,True,33.7258,V0 = B0 + Σ_{t=1..12} (ROE_t − ke) × B_{t−1} ÷ (1 + ke)^t + perpetuidade,
AR_GLOBANT,multiplo_justificado,0.25,,True,31.3613,V0 = LPA_1 × (1 − g ÷ ROE_sust) ÷ (ke − g) × (1 + H × (g_c − g) ÷ (1 + g)),
AR_IRSA,rim,0.6,,True,19.0995,V0 = B0 + Σ_{t=1..12} (ROE_t − ke) × B_{t−1} ÷ (1 + ke)^t + perpetuidade,
AR_IRSA,regressao_pb_roe,0.4,,True,26.9216,V0 = P/VPA_reg × B0,
AR_LAR,fcff_normalizado,0.6,,False,,,Indisponível: indisponível: margem EBIT.
AR_LAR,rim,0.2,,True,5.054,V0 = B0 + Σ_{t=1..12} (ROE_t − ke) × B_{t−1} ÷ (1 + ke)^t + perpetuidade,
AR_LAR,regressao_ev_receita,0.2,,False,,,Indisponível: fundamentos do emissor incompletos para a regressão.
AR_LOMA,fcff,0.5,,True,0.267262,EV = Σ FCFF_t ÷ (1 + WACC)^t + NOPAT_{T+1} × (1 − g ÷ RONIC) ÷ (WACC − g) ÷ (1 + WACC)^T; V0 = (EV − DL − minoritários) ÷ N,
AR_LOMA,rim,0.25,,True,7.15369,V0 = B0 + Σ_{t=1..12} (ROE_t − ke) × B_{t−1} ÷ (1 + ke)^t + perpetuidade,
AR_LOMA,multiplo_justificado,0.25,,True,5.65353,V0 = LPA_1 × (1 − g ÷ ROE_sust) ÷ (ke − g) × (1 + H × (g_c − g) ÷ (1 + g)),
AR_MACRO,rim,0.5,,True,80.2239,V0 = B0 + Σ_{t=1..12} (ROE_t − ke) × B_{t−1} ÷ (1 + ke)^t + perpetuidade,
AR_MACRO,pb_justificado,0.3,,True,76.1805,V0 = B0 × (ROE_sust − g) ÷ (ke − g),
AR_MACRO,regressao_pb_roe,0.2,,True,96.3656,V0 = P/VPA_reg × B0,
AR_PAMPA,rim_real,0.4,,True,92.4621,V0 = B0 + Σ_{t=1..12} (ROE_t − ke) × B_{t−1} ÷ (1 + ke)^t + perpetuidade,
AR_PAMPA,ddm_real,0.2,,True,0.244081,V0 = Σ_{t=1..5} DPS_1 × (1 + g1)^(t−1) ÷ (1 + ke)^t + DPS_6 ÷ ((ke − g) × (1 + ke)^5),
AR_PAMPA,fcff_real,0.2,,True,24.5323,EV = Σ FCFF_t ÷ (1 + WACC)^t + NOPAT_{T+1} × (1 − g ÷ RONIC) ÷ (WACC − g) ÷ (1 + WACC)^T; V0 = (EV − DL) × PL_ctrl ÷ (PL_ctrl + minoritários) ÷ N,
AR_PAMPA,regressao_pb_roe,0.2,,True,101.362,V0 = P/VPA_reg × B0,
AR_SUPERVIELLE,rim,0.5,,True,10.7775,V0 = B0 + Σ_{t=1..12} (ROE_t − ke) × B_{t−1} ÷ (1 + ke)^t + perpetuidade,
AR_SUPERVIELLE,pb_justificado,0.3,,True,9.20704,V0 = B0 × (ROE_sust − g) ÷ (ke − g),
AR_SUPERVIELLE,regressao_pb_roe,0.2,,True,7.08539,V0 = P/VPA_reg × B0,
AR_TEO,fcff,0.5,,True,4.61892,EV = Σ FCFF_t ÷ (1 + WACC)^t + NOPAT_{T+1} × (1 − g ÷ RONIC) ÷ (WACC − g) ÷ (1 + WACC)^T; V0 = (EV − DL) × PL_ctrl ÷ (PL_ctrl + minoritários) ÷ N,
AR_TEO,rim,0.25,,True,7.48499,V0 = B0 + Σ_{t=1..12} (ROE_t − ke) × B_{t−1} ÷ (1 + ke)^t + perpetuidade,
AR_TEO,multiplo_justificado,0.25,,True,5.12473,V0 = LPA_1 × (1 − g ÷ ROE_sust) ÷ (ke − g) × (1 + H × (g_c − g) ÷ (1 + g)),
AR_TGS,fcff_normalizado,0.6,,True,20.5789,EV = Σ FCFF_t ÷ (1 + WACC)^t + NOPAT_{T+1} × (1 − g ÷ RONIC) ÷ (WACC − g) ÷ (1 + WACC)^T; V0 = (EV − DL) × PL_ctrl ÷ (PL_ctrl + minoritários) ÷ N,
AR_TGS,rim,0.2,,True,22.6031,V0 = B0 + Σ_{t=1..12} (ROE_t − ke) × B_{t−1} ÷ (1 + ke)^t + perpetuidade,
AR_TGS,regressao_ev_receita,0.2,,True,36.7803,V0 = (EV/Receita_reg × receita − DL) × PL_ctrl ÷ (PL_ctrl + minoritários) ÷ N,
AR_YPF,fcff_normalizado,0.6,,True,0.00753839,EV = Σ FCFF_t ÷ (1 + WACC)^t + NOPAT_{T+1} × (1 − g ÷ RONIC) ÷ (WACC − g) ÷ (1 + WACC)^T; V0 = (EV − DL) × PL_ctrl ÷ (PL_ctrl + minoritários) ÷ N,
AR_YPF,rim,0.2,,True,32.8555,V0 = B0 + Σ_{t=1..12} (ROE_t − ke) × B_{t−1} ÷ (1 + ke)^t + perpetuidade,
AR_YPF,regressao_ev_receita,0.2,,True,0.0517269,V0 = (EV/Receita_reg × receita − DL) × PL_ctrl ÷ (PL_ctrl + minoritários) ÷ N,
BR_3TENTOS,fcff_normalizado,0.6,,True,14.0134,EV = Σ FCFF_t ÷ (1 + WACC)^t + NOPAT_{T+1} × (1 − g ÷ RONIC) ÷ (WACC − g) ÷ (1 + WACC)^T; V0 = (EV − DL) × PL_ctrl ÷ (PL_ctrl + minoritários) ÷ N,
BR_3TENTOS,rim,0.2,,True,22.7152,V0 = B0 + Σ_{t=1..12} (ROE_t − ke) × B_{t−1} ÷ (1 + ke)^t + perpetuidade,
BR_3TENTOS,regressao_ev_receita,0.2,,True,19.0851,V0 = (EV/Receita_reg × receita − DL) × PL_ctrl ÷ (PL_ctrl + minoritários) ÷ N,
BR_ABC,rim,0.5,,True,38.6733,V0 = B0 + Σ_{t=1..12} (ROE_t − ke) × B_{t−1} ÷ (1 + ke)^t + perpetuidade,
BR_ABC,pb_justificado,0.3,,True,41.1669,V0 = B0 × (ROE_sust − g) ÷ (ke − g),
BR_ABC,regressao_pb_roe,0.2,,True,56.0467,V0 = P/VPA_reg × B0,
BR_AFYA,fcff,0.5,,True,21.6461,EV = Σ FCFF_t ÷ (1 + WACC)^t + NOPAT_{T+1} × (1 − g ÷ RONIC) ÷ (WACC − g) ÷ (1 + WACC)^T; V0 = (EV − DL) × PL_ctrl ÷ (PL_ctrl + minoritários) ÷ N,
BR_AFYA,rim,0.25,,True,17.343,V0 = B0 + Σ_{t=1..12} (ROE_t − ke) × B_{t−1} ÷ (1 + ke)^t + perpetuidade,
BR_AFYA,multiplo_justificado,0.25,,True,25.0089,V0 = LPA_1 × (1 − g ÷ ROE_sust) ÷ (ke − g) × (1 + H × (g_c − g) ÷ (1 + g)),
BR_ALLOS,rim,0.6,,True,20.4158,V0 = B0 + Σ_{t=1..12} (ROE_t − ke) × B_{t−1} ÷ (1 + ke)^t + perpetuidade,
BR_ALLOS,regressao_pb_roe,0.4,,True,43.1887,V0 = P/VPA_reg × B0,
BR_ALPARGATAS,fcff,0.5,,True,6.33396,EV = Σ FCFF_t ÷ (1 + WACC)^t + NOPAT_{T+1} × (1 − g ÷ RONIC) ÷ (WACC − g) ÷ (1 + WACC)^T; V0 = (EV − DL − minoritários) ÷ N,
BR_ALPARGATAS,rim,0.25,,True,6.31721,V0 = B0 + Σ_{t=1..12} (ROE_t − ke) × B_{t−1} ÷ (1 + ke)^t + perpetuidade,
BR_ALPARGATAS,multiplo_justificado,0.25,,True,17.2827,V0 = LPA_1 × (1 − g ÷ ROE_sust) ÷ (ke − g) × (1 + H × (g_c − g) ÷ (1 + g)),
BR_ALUPAR,rim_real,0.4,,True,29.6481,V0 = B0 + Σ_{t=1..12} (ROE_t − ke) × B_{t−1} ÷ (1 + ke)^t + perpetuidade,
BR_ALUPAR,ddm_real,0.2,,True,18.6215,V0 = Σ_{t=1..5} DPS_1 × (1 + g1)^(t−1) ÷ (1 + ke)^t + DPS_6 ÷ ((ke − g) × (1 + ke)^5),
BR_ALUPAR,fcff_real,0.2,,True,96.8705,EV = Σ FCFF_t ÷ (1 + WACC)^t + NOPAT_{T+1} × (1 − g ÷ RONIC) ÷ (WACC − g) ÷ (1 + WACC)^T; V0 = (EV − DL) × PL_ctrl ÷ (PL_ctrl + minoritários) ÷ N,
BR_ALUPAR,regressao_pb_roe,0.2,,True,57.3183,V0 = P/VPA_reg × B0,
BR_AMBEV,fcff,0.5,,True,14.8811,EV = Σ FCFF_t ÷ (1 + WACC)^t + NOPAT_{T+1} × (1 − g ÷ RONIC) ÷ (WACC − g) ÷ (1 + WACC)^T; V0 = (EV − DL) × PL_ctrl ÷ (PL_ctrl + minoritários) ÷ N,
BR_AMBEV,rim,0.25,,True,11.141,V0 = B0 + Σ_{t=1..12} (ROE_t − ke) × B_{t−1} ÷ (1 + ke)^t + perpetuidade,
BR_AMBEV,multiplo_justificado,0.25,,True,15.9797,V0 = LPA_1 × (1 − g ÷ ROE_sust) ÷ (ke − g) × (1 + H × (g_c − g) ÷ (1 + g)),
BR_ANIMA,fcff,0.5,,True,19.4338,EV = Σ FCFF_t ÷ (1 + WACC)^t + NOPAT_{T+1} × (1 − g ÷ RONIC) ÷ (WACC − g) ÷ (1 + WACC)^T; V0 = (EV − DL) × PL_ctrl ÷ (PL_ctrl + minoritários) ÷ N,
BR_ANIMA,rim,0.25,,True,4.91393,V0 = B0 + Σ_{t=1..12} (ROE_t − ke) × B_{t−1} ÷ (1 + ke)^t + perpetuidade,
BR_ANIMA,multiplo_justificado,0.25,,True,5.89263,V0 = LPA_1 × (1 − g ÷ ROE_sust) ÷ (ke − g) × (1 + H × (g_c − g) ÷ (1 + g)),
BR_ASSAI,fcff,0.5,,True,10.5971,EV = Σ FCFF_t ÷ (1 + WACC)^t + NOPAT_{T+1} × (1 − g ÷ RONIC) ÷ (WACC − g) ÷ (1 + WACC)^T; V0 = (EV − DL) × PL_ctrl ÷ (PL_ctrl + minoritários) ÷ N,
BR_ASSAI,rim,0.25,,True,8.14677,V0 = B0 + Σ_{t=1..12} (ROE_t − ke) × B_{t−1} ÷ (1 + ke)^t + perpetuidade,
BR_ASSAI,multiplo_justificado,0.25,,True,18.4186,V0 = LPA_1 × (1 − g ÷ ROE_sust) ÷ (ke − g) × (1 + H × (g_c − g) ÷ (1 + g)),
BR_AURA,fcff_normalizado,0.6,,True,64.1009,EV = Σ FCFF_t ÷ (1 + WACC)^t + NOPAT_{T+1} × (1 − g ÷ RONIC) ÷ (WACC − g) ÷ (1 + WACC)^T; V0 = (EV − DL) × PL_ctrl ÷ (PL_ctrl + minoritários) ÷ N,
BR_AURA,rim,0.2,,True,38.0751,V0 = B0 + Σ_{t=1..12} (ROE_t − ke) × B_{t−1} ÷ (1 + ke)^t + perpetuidade,
BR_AURA,regressao_ev_receita,0.2,,True,74.5313,V0 = (EV/Receita_reg × receita − DL) × PL_ctrl ÷ (PL_ctrl + minoritários) ÷ N,
BR_AUREN,rim_real,0.4,,True,10.4064,V0 = B0 + Σ_{t=1..12} (ROE_t − ke) × B_{t−1} ÷ (1 + ke)^t + perpetuidade,
BR_AUREN,ddm_real,0.2,,False,,,"Indisponível: LPA positivo, payout ou ROE sustentável indisponível."
BR_AUREN,fcff_real,0.2,,False,,,Indisponível: valor do patrimônio não positivo (dissidência: conta na dispersão como zero).
BR_AUREN,regressao_pb_roe,0.2,,False,,,Indisponível: fundamentos do emissor incompletos para a regressão.
BR_AXIA,rim_real,0.4,,True,56.1621,V0 = B0 + Σ_{t=1..12} (ROE_t − ke) × B_{t−1} ÷ (1 + ke)^t + perpetuidade,
BR_AXIA,ddm_real,0.2,,True,37.6336,V0 = Σ_{t=1..5} DPS_1 × (1 + g1)^(t−1) ÷ (1 + ke)^t + DPS_6 ÷ ((ke − g) × (1 + ke)^5),
BR_AXIA,fcff_real,0.2,,True,30.844,EV = Σ FCFF_t ÷ (1 + WACC)^t + NOPAT_{T+1} × (1 − g ÷ RONIC) ÷ (WACC − g) ÷ (1 + WACC)^T; V0 = (EV − DL) × PL_ctrl ÷ (PL_ctrl + minoritários) ÷ N,
BR_AXIA,regressao_pb_roe,0.2,,True,65.958,V0 = P/VPA_reg × B0,
BR_AZZAS,fcff,0.5,,True,7.65009,EV = Σ FCFF_t ÷ (1 + WACC)^t + NOPAT_{T+1} × (1 − g ÷ RONIC) ÷ (WACC − g) ÷ (1 + WACC)^T; V0 = (EV − DL) × PL_ctrl ÷ (PL_ctrl + minoritários) ÷ N,
BR_AZZAS,rim,0.25,,True,30.8346,V0 = B0 + Σ_{t=1..12} (ROE_t − ke) × B_{t−1} ÷ (1 + ke)^t + perpetuidade,
BR_AZZAS,multiplo_justificado,0.25,,True,36.3285,V0 = LPA_1 × (1 − g ÷ ROE_sust) ÷ (ke − g) × (1 + H × (g_c − g) ÷ (1 + g)),
BR_B3,fcff,0.5,,False,,,Indisponível: fluxo de caixa da firma não se aplica a financeiras.
BR_B3,rim,0.25,,True,13.3476,V0 = B0 + Σ_{t=1..12} (ROE_t − ke) × B_{t−1} ÷ (1 + ke)^t + perpetuidade,
BR_B3,multiplo_justificado,0.25,,True,15.5706,V0 = LPA_1 × (1 − g ÷ ROE_sust) ÷ (ke − g) × (1 + H × (g_c − g) ÷ (1 + g)),
BR_BANRISUL,rim,0.5,,True,28.014,V0 = B0 + Σ_{t=1..12} (ROE_t − ke) × B_{t−1} ÷ (1 + ke)^t + perpetuidade,
BR_BANRISUL,pb_justificado,0.3,,True,27.5377,V0 = B0 × (ROE_sust − g) ÷ (ke − g),
BR_BANRISUL,regressao_pb_roe,0.2,,True,52.8574,V0 = P/VPA_reg × B0,
BR_BB,rim,0.5,,True,42.4482,V0 = B0 + Σ_{t=1..12} (ROE_t − ke) × B_{t−1} ÷ (1 + ke)^t + perpetuidade,
BR_BB,pb_justificado,0.3,,True,43.5549,V0 = B0 × (ROE_sust − g) ÷ (ke − g),
BR_BB,regressao_pb_roe,0.2,,True,31.0848,V0 = P/VPA_reg × B0,
BR_BBSEG,ddm,0.4,,True,56.7724,V0 = Σ_{t=1..5} DPS_1 × (1 + g1)^(t−1) ÷ (1 + ke)^t + DPS_6 ÷ ((ke − g) × (1 + ke)^5),
BR_BBSEG,rim,0.4,,True,19.0328,V0 = B0 + Σ_{t=1..12} (ROE_t − ke) × B_{t−1} ÷ (1 + ke)^t + perpetuidade,
BR_BBSEG,regressao_pl,0.2,,False,,,"Indisponível: regressão transversal indisponível (R² de 0,18 abaixo do mínimo de 0,25)."
BR_BEMOBI,fcff,0.5,,True,23.2046,EV = Σ FCFF_t ÷ (1 + WACC)^t + NOPAT_{T+1} × (1 − g ÷ RONIC) ÷ (WACC − g) ÷ (1 + WACC)^T; V0 = (EV − DL) × PL_ctrl ÷ (PL_ctrl + minoritários) ÷ N,
BR_BEMOBI,rim,0.25,,True,19.8998,V0 = B0 + Σ_{t=1..12} (ROE_t − ke) × B_{t−1} ÷ (1 + ke)^t + perpetuidade,
BR_BEMOBI,multiplo_justificado,0.25,,True,31.9936,V0 = LPA_1 × (1 − g ÷ ROE_sust) ÷ (ke − g) × (1 + H × (g_c − g) ÷ (1 + g)),
BR_BRADESCO,rim,0.5,,True,24.6058,V0 = B0 + Σ_{t=1..12} (ROE_t − ke) × B_{t−1} ÷ (1 + ke)^t + perpetuidade,
BR_BRADESCO,pb_justificado,0.3,,True,27.5272,V0 = B0 × (ROE_sust − g) ÷ (ke − g),
BR_BRADESCO,regressao_pb_roe,0.2,,True,30.0603,V0 = P/VPA_reg × B0,
BR_BRADESPAR,soma_partes,1.0,,True,18.0968,V0 = P0 × mediana(valor de mercado ÷ NAV) ÷ (valor de mercado ÷ NAV)_hoje × fator da casa,
BR_BRADSAUDE,ddm,0.4,,True,13.0134,V0 = Σ_{t=1..5} DPS_1 × (1 + g1)^(t−1) ÷ (1 + ke)^t + DPS_6 ÷ ((ke − g) × (1 + ke)^5),
BR_BRADSAUDE,rim,0.4,,True,14.759,V0 = B0 + Σ_{t=1..12} (ROE_t − ke) × B_{t−1} ÷ (1 + ke)^t + perpetuidade,
BR_BRADSAUDE,regressao_pl,0.2,,False,,,"Indisponível: regressão transversal indisponível (R² de 0,18 abaixo do mínimo de 0,25)."
BR_BRASKEM,fcff_normalizado,0.6,,False,,,Indisponível: valor do patrimônio não positivo (dissidência: conta na dispersão como zero).
BR_BRASKEM,rim,0.2,,False,,,Indisponível: patrimônio líquido negativo.
BR_BRASKEM,regressao_ev_receita,0.2,,True,10.2763,V0 = (EV/Receita_reg × receita − DL − minoritários) ÷ N,
BR_BRAVA,fcff_normalizado,0.6,,True,12.2798,EV = Σ FCFF_t ÷ (1 + WACC)^t + NOPAT_{T+1} × (1 − g ÷ RONIC) ÷ (WACC − g) ÷ (1 + WACC)^T; V0 = (EV − DL) × PL_ctrl ÷ (PL_ctrl + minoritários) ÷ N,
BR_BRAVA,rim,0.2,,True,30.5786,V0 = B0 + Σ_{t=1..12} (ROE_t − ke) × B_{t−1} ÷ (1 + ke)^t + perpetuidade,
BR_BRAVA,regressao_ev_receita,0.2,,True,31.059,V0 = (EV/Receita_reg × receita − DL) × PL_ctrl ÷ (PL_ctrl + minoritários) ÷ N,
BR_BTG,rim,0.5,,True,60.7314,V0 = B0 + Σ_{t=1..12} (ROE_t − ke) × B_{t−1} ÷ (1 + ke)^t + perpetuidade,
BR_BTG,pb_justificado,0.3,,True,53.133,V0 = B0 × (ROE_sust − g) ÷ (ke − g),
BR_BTG,regressao_pb_roe,0.2,,True,45.6779,V0 = P/VPA_reg × B0,
BR_CBA,fcff_normalizado,0.6,,True,2.24803,EV = Σ FCFF_t ÷ (1 + WACC)^t + NOPAT_{T+1} × (1 − g ÷ RONIC) ÷ (WACC − g) ÷ (1 + WACC)^T; V0 = (EV − DL) × PL_ctrl ÷ (PL_ctrl + minoritários) ÷ N,
BR_CBA,rim,0.2,,True,10.4866,V0 = B0 + Σ_{t=1..12} (ROE_t − ke) × B_{t−1} ÷ (1 + ke)^t + perpetuidade,
BR_CBA,regressao_ev_receita,0.2,,True,7.73624,V0 = (EV/Receita_reg × receita − DL) × PL_ctrl ÷ (PL_ctrl + minoritários) ÷ N,
BR_CEA,fcff,0.5,,True,19.8707,EV = Σ FCFF_t ÷ (1 + WACC)^t + NOPAT_{T+1} × (1 − g ÷ RONIC) ÷ (WACC − g) ÷ (1 + WACC)^T; V0 = (EV − DL) × PL_ctrl ÷ (PL_ctrl + minoritários) ÷ N,
BR_CEA,rim,0.25,,True,11.1884,V0 = B0 + Σ_{t=1..12} (ROE_t − ke) × B_{t−1} ÷ (1 + ke)^t + perpetuidade,
BR_CEA,multiplo_justificado,0.25,,True,15.873,V0 = LPA_1 × (1 − g ÷ ROE_sust) ÷ (ke − g) × (1 + H × (g_c − g) ÷ (1 + g)),
BR_CEMIG,rim_real,0.4,,True,14.7183,V0 = B0 + Σ_{t=1..12} (ROE_t − ke) × B_{t−1} ÷ (1 + ke)^t + perpetuidade,
BR_CEMIG,ddm_real,0.2,,True,11.8805,V0 = Σ_{t=1..5} DPS_1 × (1 + g1)^(t−1) ÷ (1 + ke)^t + DPS_6 ÷ ((ke − g) × (1 + ke)^5),
BR_CEMIG,fcff_real,0.2,,True,20.3225,EV = Σ FCFF_t ÷ (1 + WACC)^t + NOPAT_{T+1} × (1 − g ÷ RONIC) ÷ (WACC − g) ÷ (1 + WACC)^T; V0 = (EV − DL) × PL_ctrl ÷ (PL_ctrl + minoritários) ÷ N,
BR_CEMIG,regressao_pb_roe,0.2,,True,20.162,V0 = P/VPA_reg × B0,
BR_CMIN,fcff_normalizado,0.6,,True,7.59215,EV = Σ FCFF_t ÷ (1 + WACC)^t + NOPAT_{T+1} × (1 − g ÷ RONIC) ÷ (WACC − g) ÷ (1 + WACC)^T; V0 = (EV − DL) × PL_ctrl ÷ (PL_ctrl + minoritários) ÷ N,
BR_CMIN,rim,0.2,,True,3.07637,V0 = B0 + Σ_{t=1..12} (ROE_t − ke) × B_{t−1} ÷ (1 + ke)^t + perpetuidade,
BR_CMIN,regressao_ev_receita,0.2,,True,5.84243,V0 = (EV/Receita_reg × receita − DL) × PL_ctrl ÷ (PL_ctrl + minoritários) ÷ N,
BR_COGNA,fcff,0.5,,True,2.07789,EV = Σ FCFF_t ÷ (1 + WACC)^t + NOPAT_{T+1} × (1 − g ÷ RONIC) ÷ (WACC − g) ÷ (1 + WACC)^T; V0 = (EV − DL) × PL_ctrl ÷ (PL_ctrl + minoritários) ÷ N,
BR_COGNA,rim,0.25,,True,4.46021,V0 = B0 + Σ_{t=1..12} (ROE_t − ke) × B_{t−1} ÷ (1 + ke)^t + perpetuidade,
BR_COGNA,multiplo_justificado,0.25,,True,3.53494,V0 = LPA_1 × (1 − g ÷ ROE_sust) ÷ (ke − g) × (1 + H × (g_c − g) ÷ (1 + g)),
BR_COMPASS,rim_real,0.4,,True,22.2056,V0 = B0 + Σ_{t=1..12} (ROE_t − ke) × B_{t−1} ÷ (1 + ke)^t + perpetuidade,
BR_COMPASS,ddm_real,0.2,,True,36.6866,V0 = Σ_{t=1..5} DPS_1 × (1 + g1)^(t−1) ÷ (1 + ke)^t + DPS_6 ÷ ((ke − g) × (1 + ke)^5),
BR_COMPASS,fcff_real,0.2,,True,97.1405,EV = Σ FCFF_t ÷ (1 + WACC)^t + NOPAT_{T+1} × (1 − g ÷ RONIC) ÷ (WACC − g) ÷ (1 + WACC)^T; V0 = (EV − DL) × PL_ctrl ÷ (PL_ctrl + minoritários) ÷ N,
BR_COMPASS,regressao_pb_roe,0.2,,False,,,Indisponível: fundamentos do emissor incompletos para a regressão.
BR_COPASA,rim_real,0.4,,True,44.531,V0 = B0 + Σ_{t=1..12} (ROE_t − ke) × B_{t−1} ÷ (1 + ke)^t + perpetuidade,
BR_COPASA,ddm_real,0.2,,True,58.9643,V0 = Σ_{t=1..5} DPS_1 × (1 + g1)^(t−1) ÷ (1 + ke)^t + DPS_6 ÷ ((ke − g) × (1 + ke)^5),
BR_COPASA,fcff_real,0.2,,True,32.4817,EV = Σ FCFF_t ÷ (1 + WACC)^t + NOPAT_{T+1} × (1 − g ÷ RONIC) ÷ (WACC − g) ÷ (1 + WACC)^T; V0 = (EV − DL) × PL_ctrl ÷ (PL_ctrl + minoritários) ÷ N,
BR_COPASA,regressao_pb_roe,0.2,,True,40.8543,V0 = P/VPA_reg × B0,
BR_COPEL,rim_real,0.4,,True,12.2949,V0 = B0 + Σ_{t=1..12} (ROE_t − ke) × B_{t−1} ÷ (1 + ke)^t + perpetuidade,
BR_COPEL,ddm_real,0.2,,True,8.63596,V0 = Σ_{t=1..5} DPS_1 × (1 + g1)^(t−1) ÷ (1 + ke)^t + DPS_6 ÷ ((ke − g) × (1 + ke)^5),
BR_COPEL,fcff_real,0.2,,True,15.1275,EV = Σ FCFF_t ÷ (1 + WACC)^t + NOPAT_{T+1} × (1 − g ÷ RONIC) ÷ (WACC − g) ÷ (1 + WACC)^T; V0 = (EV − DL) × PL_ctrl ÷ (PL_ctrl + minoritários) ÷ N,
BR_COPEL,regressao_pb_roe,0.2,,True,15.4229,V0 = P/VPA_reg × B0,
BR_COSAN,soma_partes,1.0,,True,4.1045,V0 = NAV × (1 − desconto de reserva) ÷ N × fator da casa,
BR_CPFL,rim_real,0.4,,True,50.7125,V0 = B0 + Σ_{t=1..12} (ROE_t − ke) × B_{t−1} ÷ (1 + ke)^t + perpetuidade,
BR_CPFL,ddm_real,0.2,,True,51.5618,V0 = Σ_{t=1..5} DPS_1 × (1 + g1)^(t−1) ÷ (1 + ke)^t + DPS_6 ÷ ((ke − g) × (1 + ke)^5),
BR_CPFL,fcff_real,0.2,,True,106.25,EV = Σ FCFF_t ÷ (1 + WACC)^t + NOPAT_{T+1} × (1 − g ÷ RONIC) ÷ (WACC − g) ÷ (1 + WACC)^T; V0 = (EV − DL) × PL_ctrl ÷ (PL_ctrl + minoritários) ÷ N,
BR_CPFL,regressao_pb_roe,0.2,,True,48.4365,V0 = P/VPA_reg × B0,
BR_CSN,fcff_normalizado,0.6,,False,,,Indisponível: valor do patrimônio não positivo (dissidência: conta na dispersão como zero).
BR_CSN,rim,0.2,,True,6.98598,V0 = B0 + Σ_{t=1..12} (ROE_t − ke) × B_{t−1} ÷ (1 + ke)^t + perpetuidade,
BR_CSN,regressao_ev_receita,0.2,,False,,,Indisponível: valor do patrimônio não positivo (dissidência: conta na dispersão como zero).
BR_CURY,rim,0.6,,True,26.1609,V0 = B0 + Σ_{t=1..12} (ROE_t − ke) × B_{t−1} ÷ (1 + ke)^t + perpetuidade,
BR_CURY,regressao_pb_roe,0.4,,True,23.5065,V0 = P/VPA_reg × B0,
BR_CVC,fcff,0.5,,True,5.6689,EV = Σ FCFF_t ÷ (1 + WACC)^t + NOPAT_{T+1} × (1 − g ÷ RONIC) ÷ (WACC − g) ÷ (1 + WACC)^T; V0 = (EV − DL) × PL_ctrl ÷ (PL_ctrl + minoritários) ÷ N,
BR_CVC,rim,0.25,,True,0.581141,V0 = B0 + Σ_{t=1..12} (ROE_t − ke) × B_{t−1} ÷ (1 + ke)^t + perpetuidade,
BR_CVC,multiplo_justificado,0.25,,True,2.42605,V0 = LPA_1 × (1 − g ÷ ROE_sust) ÷ (ke − g) × (1 + H × (g_c − g) ÷ (1 + g)),
BR_CXSEG,ddm,0.4,,True,20.2329,V0 = Σ_{t=1..5} DPS_1 × (1 + g1)^(t−1) ÷ (1 + ke)^t + DPS_6 ÷ ((ke − g) × (1 + ke)^5),
BR_CXSEG,rim,0.4,,True,12.0107,V0 = B0 + Σ_{t=1..12} (ROE_t − ke) × B_{t−1} ÷ (1 + ke)^t + perpetuidade,
BR_CXSEG,regressao_pl,0.2,,False,,,"Indisponível: regressão transversal indisponível (R² de 0,18 abaixo do mínimo de 0,25)."
BR_CYRELA,rim,0.6,,True,51.2267,V0 = B0 + Σ_{t=1..12} (ROE_t − ke) × B_{t−1} ÷ (1 + ke)^t + perpetuidade,
BR_CYRELA,regressao_pb_roe,0.4,,True,53.6619,V0 = P/VPA_reg × B0,
BR_DIRECIONAL,rim,0.6,,True,11.4939,V0 = B0 + Σ_{t=1..12} (ROE_t − ke) × B_{t−1} ÷ (1 + ke)^t + perpetuidade,
BR_DIRECIONAL,regressao_pb_roe,0.4,,True,13.4693,V0 = P/VPA_reg × B0,
BR_ECORODOVIAS,fcff_vida_finita,0.7,,True,22.9504,EV = Σ FCFF_t ÷ (1 + WACC)^t + NOPAT_{T+1} × (1 − g ÷ RONIC) ÷ (WACC − g) ÷ (1 + WACC)^T; V0 = (EV − DL) × PL_ctrl ÷ (PL_ctrl + minoritários) ÷ N,
BR_ECORODOVIAS,rim,0.3,,True,6.11708,V0 = B0 + Σ_{t=1..12} (ROE_t − ke) × B_{t−1} ÷ (1 + ke)^t + perpetuidade,
BR_EMBRAER,fcff,0.5,,True,48.3269,EV = Σ FCFF_t ÷ (1 + WACC)^t + NOPAT_{T+1} × (1 − g ÷ RONIC) ÷ (WACC − g) ÷ (1 + WACC)^T; V0 = (EV − DL) × PL_ctrl ÷ (PL_ctrl + minoritários) ÷ N,
BR_EMBRAER,rim,0.25,,True,40.5462,V0 = B0 + Σ_{t=1..12} (ROE_t − ke) × B_{t−1} ÷ (1 + ke)^t + perpetuidade,
BR_EMBRAER,multiplo_justificado,0.25,,True,90.1741,V0 = LPA_1 × (1 − g ÷ ROE_sust) ÷ (ke − g) × (1 + H × (g_c − g) ÷ (1 + g)),
BR_ENERGISA,rim_real,0.4,,True,45.2894,V0 = B0 + Σ_{t=1..12} (ROE_t − ke) × B_{t−1} ÷ (1 + ke)^t + perpetuidade,
BR_ENERGISA,ddm_real,0.2,,True,13.9182,V0 = Σ_{t=1..5} DPS_1 × (1 + g1)^(t−1) ÷ (1 + ke)^t + DPS_6 ÷ ((ke − g) × (1 + ke)^5),
BR_ENERGISA,fcff_real,0.2,,True,82.4802,EV = Σ FCFF_t ÷ (1 + WACC)^t + NOPAT_{T+1} × (1 − g ÷ RONIC) ÷ (WACC − g) ÷ (1 + WACC)^T; V0 = (EV − DL) × PL_ctrl ÷ (PL_ctrl + minoritários) ÷ N,
BR_ENERGISA,regressao_pb_roe,0.2,,True,62.0313,V0 = P/VPA_reg × B0,
BR_ENEVA,rim_real,0.4,,True,13.2256,V0 = B0 + Σ_{t=1..12} (ROE_t − ke) × B_{t−1} ÷ (1 + ke)^t + perpetuidade,
BR_ENEVA,ddm_real,0.2,,False,,,"Indisponível: LPA positivo, payout ou ROE sustentável indisponível."
BR_ENEVA,fcff_real,0.2,,True,7.05118,EV = Σ FCFF_t ÷ (1 + WACC)^t + NOPAT_{T+1} × (1 − g ÷ RONIC) ÷ (WACC − g) ÷ (1 + WACC)^T; V0 = (EV − DL) × PL_ctrl ÷ (PL_ctrl + minoritários) ÷ N,
BR_ENEVA,regressao_pb_roe,0.2,,True,13.6377,V0 = P/VPA_reg × B0,
BR_ENGIE,rim_real,0.4,,True,25.5058,V0 = B0 + Σ_{t=1..12} (ROE_t − ke) × B_{t−1} ÷ (1 + ke)^t + perpetuidade,
BR_ENGIE,ddm_real,0.2,,True,31.7679,V0 = Σ_{t=1..5} DPS_1 × (1 + g1)^(t−1) ÷ (1 + ke)^t + DPS_6 ÷ ((ke − g) × (1 + ke)^5),
BR_ENGIE,fcff_real,0.2,,True,28.3317,EV = Σ FCFF_t ÷ (1 + WACC)^t + NOPAT_{T+1} × (1 − g ÷ RONIC) ÷ (WACC − g) ÷ (1 + WACC)^T; V0 = (EV − DL) × PL_ctrl ÷ (PL_ctrl + minoritários) ÷ N,
BR_ENGIE,regressao_pb_roe,0.2,,True,22.8405,V0 = P/VPA_reg × B0,
BR_EQUATORIAL,rim_real,0.4,,True,24.4716,V0 = B0 + Σ_{t=1..12} (ROE_t − ke) × B_{t−1} ÷ (1 + ke)^t + perpetuidade,
BR_EQUATORIAL,ddm_real,0.2,,True,6.47112,V0 = Σ_{t=1..5} DPS_1 × (1 + g1)^(t−1) ÷ (1 + ke)^t + DPS_6 ÷ ((ke − g) × (1 + ke)^5),
BR_EQUATORIAL,fcff_real,0.2,,True,32.7789,EV = Σ FCFF_t ÷ (1 + WACC)^t + NOPAT_{T+1} × (1 − g ÷ RONIC) ÷ (WACC − g) ÷ (1 + WACC)^T; V0 = (EV − DL) × PL_ctrl ÷ (PL_ctrl + minoritários) ÷ N,
BR_EQUATORIAL,regressao_pb_roe,0.2,,True,34.0078,V0 = P/VPA_reg × B0,
BR_ERO,fcff_normalizado,0.6,,True,21.5662,EV = Σ FCFF_t ÷ (1 + WACC)^t + NOPAT_{T+1} × (1 − g ÷ RONIC) ÷ (WACC − g) ÷ (1 + WACC)^T; V0 = (EV − DL) × PL_ctrl ÷ (PL_ctrl + minoritários) ÷ N,
BR_ERO,rim,0.2,,True,38.1674,V0 = B0 + Σ_{t=1..12} (ROE_t − ke) × B_{t−1} ÷ (1 + ke)^t + perpetuidade,
BR_ERO,regressao_ev_receita,0.2,,True,33.5236,V0 = (EV/Receita_reg × receita − DL) × PL_ctrl ÷ (PL_ctrl + minoritários) ÷ N,
BR_EZTEC,rim,0.6,,True,20.3001,V0 = B0 + Σ_{t=1..12} (ROE_t − ke) × B_{t−1} ÷ (1 + ke)^t + perpetuidade,
BR_EZTEC,regressao_pb_roe,0.4,,True,36.1656,V0 = P/VPA_reg × B0,
BR_FLEURY,fcff,0.5,,True,10.5421,EV = Σ FCFF_t ÷ (1 + WACC)^t + NOPAT_{T+1} × (1 − g ÷ RONIC) ÷ (WACC − g) ÷ (1 + WACC)^T; V0 = (EV − DL) × PL_ctrl ÷ (PL_ctrl + minoritários) ÷ N,
BR_FLEURY,rim,0.25,,True,13.4459,V0 = B0 + Σ_{t=1..12} (ROE_t − ke) × B_{t−1} ÷ (1 + ke)^t + perpetuidade,
BR_FLEURY,multiplo_justificado,0.25,,True,19.4844,V0 = LPA_1 × (1 − g ÷ ROE_sust) ÷ (ke − g) × (1 + H × (g_c − g) ÷ (1 + g)),
BR_GERDAU,fcff_normalizado,0.6,,True,26.1858,EV = Σ FCFF_t ÷ (1 + WACC)^t + NOPAT_{T+1} × (1 − g ÷ RONIC) ÷ (WACC − g) ÷ (1 + WACC)^T; V0 = (EV − DL) × PL_ctrl ÷ (PL_ctrl + minoritários) ÷ N,
BR_GERDAU,rim,0.2,,True,39.3008,V0 = B0 + Σ_{t=1..12} (ROE_t − ke) × B_{t−1} ÷ (1 + ke)^t + perpetuidade,
BR_GERDAU,regressao_ev_receita,0.2,,True,24.917,V0 = (EV/Receita_reg × receita − DL) × PL_ctrl ÷ (PL_ctrl + minoritários) ÷ N,
BR_GOAU,soma_partes,1.0,,True,12.3171,V0 = NAV × (1 − desconto de reserva) ÷ N × fator da casa,
BR_GPA,fcff,0.5,,False,,,Indisponível: valor do patrimônio não positivo (dissidência: conta na dispersão como zero).
BR_GPA,rim,0.25,,False,,,"Indisponível: LPA, payout ou ROE de convergência indisponível."
BR_GPA,multiplo_justificado,0.25,,False,,,Indisponível: LPA positivo ou ROE sustentável indisponível.
BR_GPS,fcff,0.5,,True,24.6173,EV = Σ FCFF_t ÷ (1 + WACC)^t + NOPAT_{T+1} × (1 − g ÷ RONIC) ÷ (WACC − g) ÷ (1 + WACC)^T; V0 = (EV − DL) × PL_ctrl ÷ (PL_ctrl + minoritários) ÷ N,
BR_GPS,rim,0.25,,True,13.9957,V0 = B0 + Σ_{t=1..12} (ROE_t − ke) × B_{t−1} ÷ (1 + ke)^t + perpetuidade,
BR_GPS,multiplo_justificado,0.25,,True,15.9049,V0 = LPA_1 × (1 − g ÷ ROE_sust) ÷ (ke − g) × (1 + H × (g_c − g) ÷ (1 + g)),
BR_GRENDENE,fcff,0.5,,True,2.03513,EV = Σ FCFF_t ÷ (1 + WACC)^t + NOPAT_{T+1} × (1 − g ÷ RONIC) ÷ (WACC − g) ÷ (1 + WACC)^T; V0 = (EV − DL) × PL_ctrl ÷ (PL_ctrl + minoritários) ÷ N,
BR_GRENDENE,rim,0.25,,True,4.99901,V0 = B0 + Σ_{t=1..12} (ROE_t − ke) × B_{t−1} ÷ (1 + ke)^t + perpetuidade,
BR_GRENDENE,multiplo_justificado,0.25,,True,6.56689,V0 = LPA_1 × (1 − g ÷ ROE_sust) ÷ (ke − g) × (1 + H × (g_c − g) ÷ (1 + g)),
BR_HAPVIDA,fcff,0.5,,False,,,Indisponível: indisponível: margem EBIT.
BR_HAPVIDA,rim,0.25,,True,65.4473,V0 = B0 + Σ_{t=1..12} (ROE_t − ke) × B_{t−1} ÷ (1 + ke)^t + perpetuidade,
BR_HAPVIDA,multiplo_justificado,0.25,,True,6.40564,V0 = LPA_1 × (1 − g ÷ ROE_sust) ÷ (ke − g) × (1 + H × (g_c − g) ÷ (1 + g)),
BR_HYPERA,fcff,0.5,,True,15.5168,EV = Σ FCFF_t ÷ (1 + WACC)^t + NOPAT_{T+1} × (1 − g ÷ RONIC) ÷ (WACC − g) ÷ (1 + WACC)^T; V0 = (EV − DL) × PL_ctrl ÷ (PL_ctrl + minoritários) ÷ N,
BR_HYPERA,rim,0.25,,True,27.1109,V0 = B0 + Σ_{t=1..12} (ROE_t − ke) × B_{t−1} ÷ (1 + ke)^t + perpetuidade,
BR_HYPERA,multiplo_justificado,0.25,,True,38.5719,V0 = LPA_1 × (1 − g ÷ ROE_sust) ÷ (ke − g) × (1 + H × (g_c − g) ÷ (1 + g)),
BR_IGUATEMI,rim,0.6,,True,16.0688,V0 = B0 + Σ_{t=1..12} (ROE_t − ke) × B_{t−1} ÷ (1 + ke)^t + perpetuidade,
BR_IGUATEMI,regressao_pb_roe,0.4,,True,21.0184,V0 = P/VPA_reg × B0,
BR_INTELBRAS,fcff,0.5,,True,12.6685,EV = Σ FCFF_t ÷ (1 + WACC)^t + NOPAT_{T+1} × (1 − g ÷ RONIC) ÷ (WACC − g) ÷ (1 + WACC)^T; V0 = (EV − DL) × PL_ctrl ÷ (PL_ctrl + minoritários) ÷ N,
BR_INTELBRAS,rim,0.25,,True,18.2129,V0 = B0 + Σ_{t=1..12} (ROE_t − ke) × B_{t−1} ÷ (1 + ke)^t + perpetuidade,
BR_INTELBRAS,multiplo_justificado,0.25,,True,21.6545,V0 = LPA_1 × (1 − g ÷ ROE_sust) ÷ (ke − g) × (1 + H × (g_c − g) ÷ (1 + g)),
BR_INTER,rim,0.5,,True,7.80297,V0 = B0 + Σ_{t=1..12} (ROE_t − ke) × B_{t−1} ÷ (1 + ke)^t + perpetuidade,
BR_INTER,pb_justificado,0.3,,True,8.34895,V0 = B0 × (ROE_sust − g) ÷ (ke − g),
BR_INTER,regressao_pb_roe,0.2,,True,7.17825,V0 = P/VPA_reg × B0,
BR_IRB,ddm,0.4,,False,,,"Indisponível: LPA positivo, payout ou ROE sustentável indisponível."
BR_IRB,rim,0.4,,True,102.831,V0 = B0 + Σ_{t=1..12} (ROE_t − ke) × B_{t−1} ÷ (1 + ke)^t + perpetuidade,
BR_IRB,regressao_pl,0.2,,False,,,"Indisponível: regressão transversal indisponível (R² de 0,18 abaixo do mínimo de 0,25)."
BR_ISAENERGIA,rim_real,0.4,,True,38.4741,V0 = B0 + Σ_{t=1..12} (ROE_t − ke) × B_{t−1} ÷ (1 + ke)^t + perpetuidade,
BR_ISAENERGIA,ddm_real,0.2,,True,18.4548,V0 = Σ_{t=1..5} DPS_1 × (1 + g1)^(t−1) ÷ (1 + ke)^t + DPS_6 ÷ ((ke − g) × (1 + ke)^5),
BR_ISAENERGIA,fcff_real,0.2,,True,71.0034,EV = Σ FCFF_t ÷ (1 + WACC)^t + NOPAT_{T+1} × (1 − g ÷ RONIC) ÷ (WACC − g) ÷ (1 + WACC)^T; V0 = (EV − DL) × PL_ctrl ÷ (PL_ctrl + minoritários) ÷ N,
BR_ISAENERGIA,regressao_pb_roe,0.2,,False,,,Indisponível: fundamentos do emissor incompletos para a regressão.
BR_ITAU,rim,0.5,,True,43.5081,V0 = B0 + Σ_{t=1..12} (ROE_t − ke) × B_{t−1} ÷ (1 + ke)^t + perpetuidade,
BR_ITAU,pb_justificado,0.3,,True,47.8543,V0 = B0 × (ROE_sust − g) ÷ (ke − g),
BR_ITAU,regressao_pb_roe,0.2,,True,48.1474,V0 = P/VPA_reg × B0,
BR_ITAUSA,soma_partes,1.0,,True,14.0174,V0 = P0 × mediana(valor de mercado ÷ NAV) ÷ (valor de mercado ÷ NAV)_hoje × fator da casa,
BR_JBS,fcff,0.5,,True,46.9267,EV = Σ FCFF_t ÷ (1 + WACC)^t + NOPAT_{T+1} × (1 − g ÷ RONIC) ÷ (WACC − g) ÷ (1 + WACC)^T; V0 = (EV − DL) × PL_ctrl ÷ (PL_ctrl + minoritários) ÷ N,
BR_JBS,rim,0.25,,True,70.8057,V0 = B0 + Σ_{t=1..12} (ROE_t − ke) × B_{t−1} ÷ (1 + ke)^t + perpetuidade,
BR_JBS,multiplo_justificado,0.25,,True,199.717,V0 = LPA_1 × (1 − g ÷ ROE_sust) ÷ (ke − g) × (1 + H × (g_c − g) ÷ (1 + g)),
BR_JHSF,rim,0.6,,True,23.1827,V0 = B0 + Σ_{t=1..12} (ROE_t − ke) × B_{t−1} ÷ (1 + ke)^t + perpetuidade,
BR_JHSF,regressao_pb_roe,0.4,,True,24.8165,V0 = P/VPA_reg × B0,
BR_KLABIN,fcff_normalizado,0.6,,True,1.14531,EV = Σ FCFF_t ÷ (1 + WACC)^t + NOPAT_{T+1} × (1 − g ÷ RONIC) ÷ (WACC − g) ÷ (1 + WACC)^T; V0 = (EV − DL) × PL_ctrl ÷ (PL_ctrl + minoritários) ÷ N,
BR_KLABIN,rim,0.2,,True,12.5302,V0 = B0 + Σ_{t=1..12} (ROE_t − ke) × B_{t−1} ÷ (1 + ke)^t + perpetuidade,
BR_KLABIN,regressao_ev_receita,0.2,,True,2.35473,V0 = (EV/Receita_reg × receita − DL) × PL_ctrl ÷ (PL_ctrl + minoritários) ÷ N,
BR_LOCALIZA,fcff,0.5,,True,33.7756,EV = Σ FCFF_t ÷ (1 + WACC)^t + NOPAT_{T+1} × (1 − g ÷ RONIC) ÷ (WACC − g) ÷ (1 + WACC)^T; V0 = (EV − DL) × PL_ctrl ÷ (PL_ctrl + minoritários) ÷ N,
BR_LOCALIZA,rim,0.25,,True,31.8093,V0 = B0 + Σ_{t=1..12} (ROE_t − ke) × B_{t−1} ÷ (1 + ke)^t + perpetuidade,
BR_LOCALIZA,multiplo_justificado,0.25,,True,45.9598,V0 = LPA_1 × (1 − g ÷ ROE_sust) ÷ (ke − g) × (1 + H × (g_c − g) ÷ (1 + g)),
BR_LOCAWEB,fcff,0.5,,False,,,Indisponível: valor do patrimônio não positivo (dissidência: conta na dispersão como zero).
BR_LOCAWEB,rim,0.25,,True,4.21312,V0 = B0 + Σ_{t=1..12} (ROE_t − ke) × B_{t−1} ÷ (1 + ke)^t + perpetuidade,
BR_LOCAWEB,multiplo_justificado,0.25,,True,2.51556,V0 = LPA_1 × (1 − g ÷ ROE_sust) ÷ (ke − g) × (1 + H × (g_c − g) ÷ (1 + g)),
BR_LOGCP,rim,0.6,,True,56.215,V0 = B0 + Σ_{t=1..12} (ROE_t − ke) × B_{t−1} ÷ (1 + ke)^t + perpetuidade,
BR_LOGCP,regressao_pb_roe,0.4,,True,62.1516,V0 = P/VPA_reg × B0,
BR_MAGALU,fcff,0.5,,True,6.88442,EV = Σ FCFF_t ÷ (1 + WACC)^t + NOPAT_{T+1} × (1 − g ÷ RONIC) ÷ (WACC − g) ÷ (1 + WACC)^T; V0 = (EV − DL) × PL_ctrl ÷ (PL_ctrl + minoritários) ÷ N,
BR_MAGALU,rim,0.25,,True,9.51577,V0 = B0 + Σ_{t=1..12} (ROE_t − ke) × B_{t−1} ÷ (1 + ke)^t + perpetuidade,
BR_MAGALU,multiplo_justificado,0.25,,True,6.30919,V0 = LPA_1 × (1 − g ÷ ROE_sust) ÷ (ke − g) × (1 + H × (g_c − g) ÷ (1 + g)),
BR_MARCOPOLO,fcff,0.5,,True,8.37265,EV = Σ FCFF_t ÷ (1 + WACC)^t + NOPAT_{T+1} × (1 − g ÷ RONIC) ÷ (WACC − g) ÷ (1 + WACC)^T; V0 = (EV − DL) × PL_ctrl ÷ (PL_ctrl + minoritários) ÷ N,
BR_MARCOPOLO,rim,0.25,,True,6.38911,V0 = B0 + Σ_{t=1..12} (ROE_t − ke) × B_{t−1} ÷ (1 + ke)^t + perpetuidade,
BR_MARCOPOLO,multiplo_justificado,0.25,,True,10.5354,V0 = LPA_1 × (1 − g ÷ ROE_sust) ÷ (ke − g) × (1 + H × (g_c − g) ÷ (1 + g)),
BR_MATEUS,fcff,0.5,,True,4.87719,EV = Σ FCFF_t ÷ (1 + WACC)^t + NOPAT_{T+1} × (1 − g ÷ RONIC) ÷ (WACC − g) ÷ (1 + WACC)^T; V0 = (EV − DL) × PL_ctrl ÷ (PL_ctrl + minoritários) ÷ N,
BR_MATEUS,rim,0.25,,True,8.43025,V0 = B0 + Σ_{t=1..12} (ROE_t − ke) × B_{t−1} ÷ (1 + ke)^t + perpetuidade,
BR_MATEUS,multiplo_justificado,0.25,,True,12.948,V0 = LPA_1 × (1 − g ÷ ROE_sust) ÷ (ke − g) × (1 + H × (g_c − g) ÷ (1 + g)),
BR_MBRF,fcff,0.5,,False,,,Indisponível: valor do patrimônio não positivo (dissidência: conta na dispersão como zero).
BR_MBRF,rim,0.25,,True,12.3831,V0 = B0 + Σ_{t=1..12} (ROE_t − ke) × B_{t−1} ÷ (1 + ke)^t + perpetuidade,
BR_MBRF,multiplo_justificado,0.25,,True,31.3583,V0 = LPA_1 × (1 − g ÷ ROE_sust) ÷ (ke − g) × (1 + H × (g_c − g) ÷ (1 + g)),
BR_MDIAS,fcff,0.5,,True,12.4202,EV = Σ FCFF_t ÷ (1 + WACC)^t + NOPAT_{T+1} × (1 − g ÷ RONIC) ÷ (WACC − g) ÷ (1 + WACC)^T; V0 = (EV − DL) × PL_ctrl ÷ (PL_ctrl + minoritários) ÷ N,
BR_MDIAS,rim,0.25,,True,24.1393,V0 = B0 + Σ_{t=1..12} (ROE_t − ke) × B_{t−1} ÷ (1 + ke)^t + perpetuidade,
BR_MDIAS,multiplo_justificado,0.25,,True,28.1374,V0 = LPA_1 × (1 − g ÷ ROE_sust) ÷ (ke − g) × (1 + H × (g_c − g) ÷ (1 + g)),
BR_MILLS,fcff,0.5,,True,31.767,EV = Σ FCFF_t ÷ (1 + WACC)^t + NOPAT_{T+1} × (1 − g ÷ RONIC) ÷ (WACC − g) ÷ (1 + WACC)^T; V0 = (EV − DL) × PL_ctrl ÷ (PL_ctrl + minoritários) ÷ N,
BR_MILLS,rim,0.25,,True,16.1055,V0 = B0 + Σ_{t=1..12} (ROE_t − ke) × B_{t−1} ÷ (1 + ke)^t + perpetuidade,
BR_MILLS,multiplo_justificado,0.25,,True,27.6077,V0 = LPA_1 × (1 − g ÷ ROE_sust) ÷ (ke − g) × (1 + H × (g_c − g) ÷ (1 + g)),
BR_MINERVA,fcff,0.5,,True,24.6195,EV = Σ FCFF_t ÷ (1 + WACC)^t + NOPAT_{T+1} × (1 − g ÷ RONIC) ÷ (WACC − g) ÷ (1 + WACC)^T; V0 = (EV − DL) × PL_ctrl ÷ (PL_ctrl + minoritários) ÷ N,
BR_MINERVA,rim,0.25,,True,3.35946,V0 = B0 + Σ_{t=1..12} (ROE_t − ke) × B_{t−1} ÷ (1 + ke)^t + perpetuidade,
BR_MINERVA,multiplo_justificado,0.25,,True,6.64754,V0 = LPA_1 × (1 − g ÷ ROE_sust) ÷ (ke − g) × (1 + H × (g_c − g) ÷ (1 + g)),
BR_MOTIVA,fcff_vida_finita,0.7,,True,13.2,EV = Σ FCFF_t ÷ (1 + WACC)^t + NOPAT_{T+1} × (1 − g ÷ RONIC) ÷ (WACC − g) ÷ (1 + WACC)^T; V0 = (EV − DL) × PL_ctrl ÷ (PL_ctrl + minoritários) ÷ N,
BR_MOTIVA,rim,0.3,,True,11.0584,V0 = B0 + Σ_{t=1..12} (ROE_t − ke) × B_{t−1} ÷ (1 + ke)^t + perpetuidade,
BR_MOURADUBEUX,rim,0.6,,True,48.3117,V0 = B0 + Σ_{t=1..12} (ROE_t − ke) × B_{t−1} ÷ (1 + ke)^t + perpetuidade,
BR_MOURADUBEUX,regressao_pb_roe,0.4,,True,51.4909,V0 = P/VPA_reg × B0,
BR_MOVIDA,fcff,0.5,,True,60.8067,EV = Σ FCFF_t ÷ (1 + WACC)^t + NOPAT_{T+1} × (1 − g ÷ RONIC) ÷ (WACC − g) ÷ (1 + WACC)^T; V0 = (EV − DL) × PL_ctrl ÷ (PL_ctrl + minoritários) ÷ N,
BR_MOVIDA,rim,0.25,,True,13.8965,V0 = B0 + Σ_{t=1..12} (ROE_t − ke) × B_{t−1} ÷ (1 + ke)^t + perpetuidade,
BR_MOVIDA,multiplo_justificado,0.25,,True,27.2548,V0 = LPA_1 × (1 − g ÷ ROE_sust) ÷ (ke − g) × (1 + H × (g_c − g) ÷ (1 + g)),
BR_MRV,rim,0.6,,True,3.44616,V0 = B0 + Σ_{t=1..12} (ROE_t − ke) × B_{t−1} ÷ (1 + ke)^t + perpetuidade,
BR_MRV,regressao_pb_roe,0.4,,True,4.93153,V0 = P/VPA_reg × B0,
BR_MULTIPLAN,rim,0.6,,True,20.4166,V0 = B0 + Σ_{t=1..12} (ROE_t − ke) × B_{t−1} ÷ (1 + ke)^t + perpetuidade,
BR_MULTIPLAN,regressao_pb_roe,0.4,,True,26.5753,V0 = P/VPA_reg × B0,
BR_NATURA,fcff,0.5,,True,0.754103,EV = Σ FCFF_t ÷ (1 + WACC)^t + NOPAT_{T+1} × (1 − g ÷ RONIC) ÷ (WACC − g) ÷ (1 + WACC)^T; V0 = (EV − DL) × PL_ctrl ÷ (PL_ctrl + minoritários) ÷ N,
BR_NATURA,rim,0.25,,True,12.5058,V0 = B0 + Σ_{t=1..12} (ROE_t − ke) × B_{t−1} ÷ (1 + ke)^t + perpetuidade,
BR_NATURA,multiplo_justificado,0.25,,True,18.7419,V0 = LPA_1 × (1 − g ÷ ROE_sust) ÷ (ke − g) × (1 + H × (g_c − g) ÷ (1 + g)),
BR_NU,rim,0.5,,True,7.54679,V0 = B0 + Σ_{t=1..12} (ROE_t − ke) × B_{t−1} ÷ (1 + ke)^t + perpetuidade,
BR_NU,pb_justificado,0.3,,True,8.89417,V0 = B0 × (ROE_sust − g) ÷ (ke − g),
BR_NU,regressao_pb_roe,0.2,,False,,,Indisponível: fundamentos do emissor incompletos para a regressão.
BR_ONCOCLINICAS,fcff,0.5,,False,,,Indisponível: valor do patrimônio não positivo (dissidência: conta na dispersão como zero).
BR_ONCOCLINICAS,rim,0.25,,False,,,"Indisponível: LPA, payout ou ROE de convergência indisponível."
BR_ONCOCLINICAS,multiplo_justificado,0.25,,False,,,Indisponível: LPA positivo ou ROE sustentável indisponível.
BR_ORIZON,fcff,0.5,,True,4.11241,EV = Σ FCFF_t ÷ (1 + WACC)^t + NOPAT_{T+1} × (1 − g ÷ RONIC) ÷ (WACC − g) ÷ (1 + WACC)^T; V0 = (EV − DL) × PL_ctrl ÷ (PL_ctrl + minoritários) ÷ N,
BR_ORIZON,rim,0.25,,True,10.1629,V0 = B0 + Σ_{t=1..12} (ROE_t − ke) × B_{t−1} ÷ (1 + ke)^t + perpetuidade,
BR_ORIZON,multiplo_justificado,0.25,,True,16.365,V0 = LPA_1 × (1 − g ÷ ROE_sust) ÷ (ke − g) × (1 + H × (g_c − g) ÷ (1 + g)),
BR_PAGS,rim,0.5,,True,18.3696,V0 = B0 + Σ_{t=1..12} (ROE_t − ke) × B_{t−1} ÷ (1 + ke)^t + perpetuidade,
BR_PAGS,pb_justificado,0.3,,True,18.5126,V0 = B0 × (ROE_sust − g) ÷ (ke − g),
BR_PAGS,regressao_pb_roe,0.2,,True,18.7787,V0 = P/VPA_reg × B0,
BR_PAGUEMENOS,fcff,0.5,,True,6.02357,EV = Σ FCFF_t ÷ (1 + WACC)^t + NOPAT_{T+1} × (1 − g ÷ RONIC) ÷ (WACC − g) ÷ (1 + WACC)^T; V0 = (EV − DL) × PL_ctrl ÷ (PL_ctrl + minoritários) ÷ N,
BR_PAGUEMENOS,rim,0.25,,True,5.77561,V0 = B0 + Σ_{t=1..12} (ROE_t − ke) × B_{t−1} ÷ (1 + ke)^t + perpetuidade,
BR_PAGUEMENOS,multiplo_justificado,0.25,,True,10.4281,V0 = LPA_1 × (1 − g ÷ ROE_sust) ÷ (ke − g) × (1 + H × (g_c − g) ÷ (1 + g)),
BR_PATRIA,fcff,0.5,,False,,,Indisponível: fluxo de caixa da firma não se aplica a financeiras.
BR_PATRIA,rim,0.25,,True,10.9811,V0 = B0 + Σ_{t=1..12} (ROE_t − ke) × B_{t−1} ÷ (1 + ke)^t + perpetuidade,
BR_PATRIA,multiplo_justificado,0.25,,True,19.0419,V0 = LPA_1 × (1 − g ÷ ROE_sust) ÷ (ke − g) × (1 + H × (g_c − g) ÷ (1 + g)),
BR_PETROBRAS,fcff_normalizado,0.6,,True,114.204,EV = Σ FCFF_t ÷ (1 + WACC)^t + NOPAT_{T+1} × (1 − g ÷ RONIC) ÷ (WACC − g) ÷ (1 + WACC)^T; V0 = (EV − DL) × PL_ctrl ÷ (PL_ctrl + minoritários) ÷ N,
BR_PETROBRAS,rim,0.2,,True,85.0767,V0 = B0 + Σ_{t=1..12} (ROE_t − ke) × B_{t−1} ÷ (1 + ke)^t + perpetuidade,
BR_PETROBRAS,regressao_ev_receita,0.2,,True,114.747,V0 = (EV/Receita_reg × receita − DL) × PL_ctrl ÷ (PL_ctrl + minoritários) ÷ N,
BR_PETZCOBASI,fcff,0.5,,True,1.54324,EV = Σ FCFF_t ÷ (1 + WACC)^t + NOPAT_{T+1} × (1 − g ÷ RONIC) ÷ (WACC − g) ÷ (1 + WACC)^T; V0 = (EV − DL) × PL_ctrl ÷ (PL_ctrl + minoritários) ÷ N,
BR_PETZCOBASI,rim,0.25,,True,2.45669,V0 = B0 + Σ_{t=1..12} (ROE_t − ke) × B_{t−1} ÷ (1 + ke)^t + perpetuidade,
BR_PETZCOBASI,multiplo_justificado,0.25,,True,3.06095,V0 = LPA_1 × (1 − g ÷ ROE_sust) ÷ (ke − g) × (1 + H × (g_c − g) ÷ (1 + g)),
BR_PICPAY,rim,0.5,,True,21.737,V0 = B0 + Σ_{t=1..12} (ROE_t − ke) × B_{t−1} ÷ (1 + ke)^t + perpetuidade,
BR_PICPAY,pb_justificado,0.3,,True,27.2673,V0 = B0 × (ROE_sust − g) ÷ (ke − g),
BR_PICPAY,regressao_pb_roe,0.2,,False,,,Indisponível: fundamentos do emissor incompletos para a regressão.
BR_PINE,rim,0.5,,True,18.5327,V0 = B0 + Σ_{t=1..12} (ROE_t − ke) × B_{t−1} ÷ (1 + ke)^t + perpetuidade,
BR_PINE,pb_justificado,0.3,,True,18.6709,V0 = B0 × (ROE_sust − g) ÷ (ke − g),
BR_PINE,regressao_pb_roe,0.2,,True,20.2629,V0 = P/VPA_reg × B0,
BR_PLANO,rim,0.6,,True,21.4871,V0 = B0 + Σ_{t=1..12} (ROE_t − ke) × B_{t−1} ÷ (1 + ke)^t + perpetuidade,
BR_PLANO,regressao_pb_roe,0.4,,True,13.3274,V0 = P/VPA_reg × B0,
BR_PORTO,ddm,0.4,,True,47.5946,V0 = Σ_{t=1..5} DPS_1 × (1 + g1)^(t−1) ÷ (1 + ke)^t + DPS_6 ÷ ((ke − g) × (1 + ke)^5),
BR_PORTO,rim,0.4,,True,52.9193,V0 = B0 + Σ_{t=1..12} (ROE_t − ke) × B_{t−1} ÷ (1 + ke)^t + perpetuidade,
BR_PORTO,regressao_pl,0.2,,False,,,"Indisponível: regressão transversal indisponível (R² de 0,18 abaixo do mínimo de 0,25)."
BR_PRIO,fcff_normalizado,0.6,,True,68.2775,EV = Σ FCFF_t ÷ (1 + WACC)^t + NOPAT_{T+1} × (1 − g ÷ RONIC) ÷ (WACC − g) ÷ (1 + WACC)^T; V0 = (EV − DL) × PL_ctrl ÷ (PL_ctrl + minoritários) ÷ N,
BR_PRIO,rim,0.2,,True,99.2569,V0 = B0 + Σ_{t=1..12} (ROE_t − ke) × B_{t−1} ÷ (1 + ke)^t + perpetuidade,
BR_PRIO,regressao_ev_receita,0.2,,True,60.51,V0 = (EV/Receita_reg × receita − DL) × PL_ctrl ÷ (PL_ctrl + minoritários) ÷ N,
BR_RAIADROGASIL,fcff,0.5,,True,7.33467,EV = Σ FCFF_t ÷ (1 + WACC)^t + NOPAT_{T+1} × (1 − g ÷ RONIC) ÷ (WACC − g) ÷ (1 + WACC)^T; V0 = (EV − DL) × PL_ctrl ÷ (PL_ctrl + minoritários) ÷ N,
BR_RAIADROGASIL,rim,0.25,,True,11.7253,V0 = B0 + Σ_{t=1..12} (ROE_t − ke) × B_{t−1} ÷ (1 + ke)^t + perpetuidade,
BR_RAIADROGASIL,multiplo_justificado,0.25,,True,25.0639,V0 = LPA_1 × (1 − g ÷ ROE_sust) ÷ (ke − g) × (1 + H × (g_c − g) ÷ (1 + g)),
BR_RANDON,fcff,0.5,,False,,,Indisponível: valor do patrimônio não positivo (dissidência: conta na dispersão como zero).
BR_RANDON,rim,0.25,,True,8.5704,V0 = B0 + Σ_{t=1..12} (ROE_t − ke) × B_{t−1} ÷ (1 + ke)^t + perpetuidade,
BR_RANDON,multiplo_justificado,0.25,,True,9.2282,V0 = LPA_1 × (1 − g ÷ ROE_sust) ÷ (ke − g) × (1 + H × (g_c − g) ÷ (1 + g)),
BR_RECV,fcff_normalizado,0.6,,True,12.8463,EV = Σ FCFF_t ÷ (1 + WACC)^t + NOPAT_{T+1} × (1 − g ÷ RONIC) ÷ (WACC − g) ÷ (1 + WACC)^T; V0 = (EV − DL) × PL_ctrl ÷ (PL_ctrl + minoritários) ÷ N,
BR_RECV,rim,0.2,,True,18.9635,V0 = B0 + Σ_{t=1..12} (ROE_t − ke) × B_{t−1} ÷ (1 + ke)^t + perpetuidade,
BR_RECV,regressao_ev_receita,0.2,,True,14.8521,V0 = (EV/Receita_reg × receita − DL) × PL_ctrl ÷ (PL_ctrl + minoritários) ÷ N,
BR_REDEDOR,fcff,0.5,,True,48.6283,EV = Σ FCFF_t ÷ (1 + WACC)^t + NOPAT_{T+1} × (1 − g ÷ RONIC) ÷ (WACC − g) ÷ (1 + WACC)^T; V0 = (EV − DL) × PL_ctrl ÷ (PL_ctrl + minoritários) ÷ N,
BR_REDEDOR,rim,0.25,,True,16.6111,V0 = B0 + Σ_{t=1..12} (ROE_t − ke) × B_{t−1} ÷ (1 + ke)^t + perpetuidade,
BR_REDEDOR,multiplo_justificado,0.25,,True,40.6497,V0 = LPA_1 × (1 − g ÷ ROE_sust) ÷ (ke − g) × (1 + H × (g_c − g) ÷ (1 + g)),
BR_RENNER,fcff,0.5,,True,10.594,EV = Σ FCFF_t ÷ (1 + WACC)^t + NOPAT_{T+1} × (1 − g ÷ RONIC) ÷ (WACC − g) ÷ (1 + WACC)^T; V0 = (EV − DL) × PL_ctrl ÷ (PL_ctrl + minoritários) ÷ N,
BR_RENNER,rim,0.25,,True,12.3716,V0 = B0 + Σ_{t=1..12} (ROE_t − ke) × B_{t−1} ÷ (1 + ke)^t + perpetuidade,
BR_RENNER,multiplo_justificado,0.25,,True,15.1645,V0 = LPA_1 × (1 − g ÷ ROE_sust) ÷ (ke − g) × (1 + H × (g_c − g) ÷ (1 + g)),
BR_RIACHUELO,fcff,0.5,,True,50.4077,EV = Σ FCFF_t ÷ (1 + WACC)^t + NOPAT_{T+1} × (1 − g ÷ RONIC) ÷ (WACC − g) ÷ (1 + WACC)^T; V0 = (EV − DL) × PL_ctrl ÷ (PL_ctrl + minoritários) ÷ N,
BR_RIACHUELO,rim,0.25,,True,9.5567,V0 = B0 + Σ_{t=1..12} (ROE_t − ke) × B_{t−1} ÷ (1 + ke)^t + perpetuidade,
BR_RIACHUELO,multiplo_justificado,0.25,,True,13.9089,V0 = LPA_1 × (1 − g ÷ ROE_sust) ÷ (ke − g) × (1 + H × (g_c − g) ÷ (1 + g)),
BR_RUMO,fcff_vida_finita,0.7,,True,0.386315,EV = Σ FCFF_t ÷ (1 + WACC)^t + NOPAT_{T+1} × (1 − g ÷ RONIC) ÷ (WACC − g) ÷ (1 + WACC)^T; V0 = (EV − DL) × PL_ctrl ÷ (PL_ctrl + minoritários) ÷ N,
BR_RUMO,rim,0.3,,True,9.05651,V0 = B0 + Σ_{t=1..12} (ROE_t − ke) × B_{t−1} ÷ (1 + ke)^t + perpetuidade,
BR_SABESP,rim_real,0.4,,True,27.1704,V0 = B0 + Σ_{t=1..12} (ROE_t − ke) × B_{t−1} ÷ (1 + ke)^t + perpetuidade,
BR_SABESP,ddm_real,0.2,,True,11.6224,V0 = Σ_{t=1..5} DPS_1 × (1 + g1)^(t−1) ÷ (1 + ke)^t + DPS_6 ÷ ((ke − g) × (1 + ke)^5),
BR_SABESP,fcff_real,0.2,,True,47.1391,EV = Σ FCFF_t ÷ (1 + WACC)^t + NOPAT_{T+1} × (1 − g ÷ RONIC) ÷ (WACC − g) ÷ (1 + WACC)^T; V0 = (EV − DL) × PL_ctrl ÷ (PL_ctrl + minoritários) ÷ N,
BR_SABESP,regressao_pb_roe,0.2,,True,24.3145,V0 = P/VPA_reg × B0,
BR_SANEPAR,rim_real,0.4,,True,30.0976,V0 = B0 + Σ_{t=1..12} (ROE_t − ke) × B_{t−1} ÷ (1 + ke)^t + perpetuidade,
BR_SANEPAR,ddm_real,0.2,,True,23.4598,V0 = Σ_{t=1..5} DPS_1 × (1 + g1)^(t−1) ÷ (1 + ke)^t + DPS_6 ÷ ((ke − g) × (1 + ke)^5),
BR_SANEPAR,fcff_real,0.2,,True,74.6084,EV = Σ FCFF_t ÷ (1 + WACC)^t + NOPAT_{T+1} × (1 − g ÷ RONIC) ÷ (WACC − g) ÷ (1 + WACC)^T; V0 = (EV − DL) × PL_ctrl ÷ (PL_ctrl + minoritários) ÷ N,
BR_SANEPAR,regressao_pb_roe,0.2,,True,51.4259,V0 = P/VPA_reg × B0,
BR_SANTANDER,rim,0.5,,True,38.4733,V0 = B0 + Σ_{t=1..12} (ROE_t − ke) × B_{t−1} ÷ (1 + ke)^t + perpetuidade,
BR_SANTANDER,pb_justificado,0.3,,True,39.2546,V0 = B0 × (ROE_sust − g) ÷ (ke − g),
BR_SANTANDER,regressao_pb_roe,0.2,,True,50.9315,V0 = P/VPA_reg × B0,
BR_SAOMARTINHO,fcff_normalizado,0.6,,True,28.9106,EV = Σ FCFF_t ÷ (1 + WACC)^t + NOPAT_{T+1} × (1 − g ÷ RONIC) ÷ (WACC − g) ÷ (1 + WACC)^T; V0 = (EV − DL) × PL_ctrl ÷ (PL_ctrl + minoritários) ÷ N,
BR_SAOMARTINHO,rim,0.2,,True,26.4116,V0 = B0 + Σ_{t=1..12} (ROE_t − ke) × B_{t−1} ÷ (1 + ke)^t + perpetuidade,
BR_SAOMARTINHO,regressao_ev_receita,0.2,,True,16.0719,V0 = (EV/Receita_reg × receita − DL) × PL_ctrl ÷ (PL_ctrl + minoritários) ÷ N,
BR_SBF,fcff,0.5,,True,8.54181,EV = Σ FCFF_t ÷ (1 + WACC)^t + NOPAT_{T+1} × (1 − g ÷ RONIC) ÷ (WACC − g) ÷ (1 + WACC)^T; V0 = (EV − DL) × PL_ctrl ÷ (PL_ctrl + minoritários) ÷ N,
BR_SBF,rim,0.25,,True,12.2504,V0 = B0 + Σ_{t=1..12} (ROE_t − ke) × B_{t−1} ÷ (1 + ke)^t + perpetuidade,
BR_SBF,multiplo_justificado,0.25,,True,17.6013,V0 = LPA_1 × (1 − g ÷ ROE_sust) ÷ (ke − g) × (1 + H × (g_c − g) ÷ (1 + g)),
BR_SER,fcff,0.5,,True,24.4255,EV = Σ FCFF_t ÷ (1 + WACC)^t + NOPAT_{T+1} × (1 − g ÷ RONIC) ÷ (WACC − g) ÷ (1 + WACC)^T; V0 = (EV − DL) × PL_ctrl ÷ (PL_ctrl + minoritários) ÷ N,
BR_SER,rim,0.25,,True,11.7939,V0 = B0 + Σ_{t=1..12} (ROE_t − ke) × B_{t−1} ÷ (1 + ke)^t + perpetuidade,
BR_SER,multiplo_justificado,0.25,,True,26.6429,V0 = LPA_1 × (1 − g ÷ ROE_sust) ÷ (ke − g) × (1 + H × (g_c − g) ÷ (1 + g)),
BR_SIGMALITH,fcff_normalizado,0.6,,False,,,Indisponível: valor do patrimônio não positivo (dissidência: conta na dispersão como zero).
BR_SIGMALITH,rim,0.2,,True,11.3593,V0 = B0 + Σ_{t=1..12} (ROE_t − ke) × B_{t−1} ÷ (1 + ke)^t + perpetuidade,
BR_SIGMALITH,regressao_ev_receita,0.2,,True,0.870128,V0 = (EV/Receita_reg × receita − DL) × PL_ctrl ÷ (PL_ctrl + minoritários) ÷ N,
BR_SIMPAR,soma_partes,1.0,,True,10.2465,V0 = NAV × (1 − desconto de reserva) ÷ N × fator da casa,
BR_SLC,fcff_normalizado,0.6,,True,6.04413,EV = Σ FCFF_t ÷ (1 + WACC)^t + NOPAT_{T+1} × (1 − g ÷ RONIC) ÷ (WACC − g) ÷ (1 + WACC)^T; V0 = (EV − DL) × PL_ctrl ÷ (PL_ctrl + minoritários) ÷ N,
BR_SLC,rim,0.2,,True,14.869,V0 = B0 + Σ_{t=1..12} (ROE_t − ke) × B_{t−1} ÷ (1 + ke)^t + perpetuidade,
BR_SLC,regressao_ev_receita,0.2,,True,6.11933,V0 = (EV/Receita_reg × receita − DL) × PL_ctrl ÷ (PL_ctrl + minoritários) ÷ N,
BR_SMARTFIT,fcff,0.5,,True,12.3465,EV = Σ FCFF_t ÷ (1 + WACC)^t + NOPAT_{T+1} × (1 − g ÷ RONIC) ÷ (WACC − g) ÷ (1 + WACC)^T; V0 = (EV − DL) × PL_ctrl ÷ (PL_ctrl + minoritários) ÷ N,
BR_SMARTFIT,rim,0.25,,True,10.6212,V0 = B0 + Σ_{t=1..12} (ROE_t − ke) × B_{t−1} ÷ (1 + ke)^t + perpetuidade,
BR_SMARTFIT,multiplo_justificado,0.25,,True,29.2926,V0 = LPA_1 × (1 − g ÷ ROE_sust) ÷ (ke − g) × (1 + H × (g_c − g) ÷ (1 + g)),
BR_STONE,rim,0.5,,True,15.7404,V0 = B0 + Σ_{t=1..12} (ROE_t − ke) × B_{t−1} ÷ (1 + ke)^t + perpetuidade,
BR_STONE,pb_justificado,0.3,,True,19.2464,V0 = B0 × (ROE_sust − g) ÷ (ke − g),
BR_STONE,regressao_pb_roe,0.2,,False,,,Indisponível: fundamentos do emissor incompletos para a regressão.
BR_SUZANO,fcff_normalizado,0.6,,True,46.7517,EV = Σ FCFF_t ÷ (1 + WACC)^t + NOPAT_{T+1} × (1 − g ÷ RONIC) ÷ (WACC − g) ÷ (1 + WACC)^T; V0 = (EV − DL) × PL_ctrl ÷ (PL_ctrl + minoritários) ÷ N,
BR_SUZANO,rim,0.2,,True,74.8953,V0 = B0 + Σ_{t=1..12} (ROE_t − ke) × B_{t−1} ÷ (1 + ke)^t + perpetuidade,
BR_SUZANO,regressao_ev_receita,0.2,,True,33.4754,V0 = (EV/Receita_reg × receita − DL) × PL_ctrl ÷ (PL_ctrl + minoritários) ÷ N,
BR_TAESA,rim_real,0.4,,True,45.8986,V0 = B0 + Σ_{t=1..12} (ROE_t − ke) × B_{t−1} ÷ (1 + ke)^t + perpetuidade,
BR_TAESA,ddm_real,0.2,,True,53.1112,V0 = Σ_{t=1..5} DPS_1 × (1 + g1)^(t−1) ÷ (1 + ke)^t + DPS_6 ÷ ((ke − g) × (1 + ke)^5),
BR_TAESA,fcff_real,0.2,,True,79.0781,EV = Σ FCFF_t ÷ (1 + WACC)^t + NOPAT_{T+1} × (1 − g ÷ RONIC) ÷ (WACC − g) ÷ (1 + WACC)^T; V0 = (EV − DL) × PL_ctrl ÷ (PL_ctrl + minoritários) ÷ N,
BR_TAESA,regressao_pb_roe,0.2,,True,50.547,V0 = P/VPA_reg × B0,
BR_TENDA,rim,0.6,,True,33.2808,V0 = B0 + Σ_{t=1..12} (ROE_t − ke) × B_{t−1} ÷ (1 + ke)^t + perpetuidade,
BR_TENDA,regressao_pb_roe,0.4,,True,36.4734,V0 = P/VPA_reg × B0,
BR_TIM,fcff,0.5,,False,,,Indisponível: indisponível: margem EBIT.
BR_TIM,rim,0.25,,True,13.2837,V0 = B0 + Σ_{t=1..12} (ROE_t − ke) × B_{t−1} ÷ (1 + ke)^t + perpetuidade,
BR_TIM,multiplo_justificado,0.25,,True,27.5875,V0 = LPA_1 × (1 − g ÷ ROE_sust) ÷ (ke − g) × (1 + H × (g_c − g) ÷ (1 + g)),
BR_TOTVS,fcff,0.5,,True,9.84955,EV = Σ FCFF_t ÷ (1 + WACC)^t + NOPAT_{T+1} × (1 − g ÷ RONIC) ÷ (WACC − g) ÷ (1 + WACC)^T; V0 = (EV − DL) × PL_ctrl ÷ (PL_ctrl + minoritários) ÷ N,
BR_TOTVS,rim,0.25,,True,16.1121,V0 = B0 + Σ_{t=1..12} (ROE_t − ke) × B_{t−1} ÷ (1 + ke)^t + perpetuidade,
BR_TOTVS,multiplo_justificado,0.25,,True,22.5337,V0 = LPA_1 × (1 − g ÷ ROE_sust) ÷ (ke − g) × (1 + H × (g_c − g) ÷ (1 + g)),
BR_TUPY,fcff,0.5,,False,,,Indisponível: valor do patrimônio não positivo (dissidência: conta na dispersão como zero).
BR_TUPY,rim,0.25,,True,23.0916,V0 = B0 + Σ_{t=1..12} (ROE_t − ke) × B_{t−1} ÷ (1 + ke)^t + perpetuidade,
BR_TUPY,multiplo_justificado,0.25,,True,41.3503,V0 = LPA_1 × (1 − g ÷ ROE_sust) ÷ (ke − g) × (1 + H × (g_c − g) ÷ (1 + g)),
BR_ULTRAPAR,fcff,0.5,,True,47.5866,EV = Σ FCFF_t ÷ (1 + WACC)^t + NOPAT_{T+1} × (1 − g ÷ RONIC) ÷ (WACC − g) ÷ (1 + WACC)^T; V0 = (EV − DL) × PL_ctrl ÷ (PL_ctrl + minoritários) ÷ N,
BR_ULTRAPAR,rim,0.25,,True,27.6447,V0 = B0 + Σ_{t=1..12} (ROE_t − ke) × B_{t−1} ÷ (1 + ke)^t + perpetuidade,
BR_ULTRAPAR,multiplo_justificado,0.25,,True,36.091,V0 = LPA_1 × (1 − g ÷ ROE_sust) ÷ (ke − g) × (1 + H × (g_c − g) ÷ (1 + g)),
BR_UNIPAR,fcff_normalizado,0.6,,True,33.2438,EV = Σ FCFF_t ÷ (1 + WACC)^t + NOPAT_{T+1} × (1 − g ÷ RONIC) ÷ (WACC − g) ÷ (1 + WACC)^T; V0 = (EV − DL) × PL_ctrl ÷ (PL_ctrl + minoritários) ÷ N,
BR_UNIPAR,rim,0.2,,True,27.0509,V0 = B0 + Σ_{t=1..12} (ROE_t − ke) × B_{t−1} ÷ (1 + ke)^t + perpetuidade,
BR_UNIPAR,regressao_ev_receita,0.2,,True,34.4163,V0 = (EV/Receita_reg × receita − DL) × PL_ctrl ÷ (PL_ctrl + minoritários) ÷ N,
BR_USIMINAS,fcff_normalizado,0.6,,True,2.78893,EV = Σ FCFF_t ÷ (1 + WACC)^t + NOPAT_{T+1} × (1 − g ÷ RONIC) ÷ (WACC − g) ÷ (1 + WACC)^T; V0 = (EV − DL) × PL_ctrl ÷ (PL_ctrl + minoritários) ÷ N,
BR_USIMINAS,rim,0.2,,True,20.9339,V0 = B0 + Σ_{t=1..12} (ROE_t − ke) × B_{t−1} ÷ (1 + ke)^t + perpetuidade,
BR_USIMINAS,regressao_ev_receita,0.2,,True,8.46352,V0 = (EV/Receita_reg × receita − DL) × PL_ctrl ÷ (PL_ctrl + minoritários) ÷ N,
BR_VALE,fcff_normalizado,0.6,,True,62.4414,EV = Σ FCFF_t ÷ (1 + WACC)^t + NOPAT_{T+1} × (1 − g ÷ RONIC) ÷ (WACC − g) ÷ (1 + WACC)^T; V0 = (EV − DL) × PL_ctrl ÷ (PL_ctrl + minoritários) ÷ N,
BR_VALE,rim,0.2,,True,70.6875,V0 = B0 + Σ_{t=1..12} (ROE_t − ke) × B_{t−1} ÷ (1 + ke)^t + perpetuidade,
BR_VALE,regressao_ev_receita,0.2,,True,49.4213,V0 = (EV/Receita_reg × receita − DL) × PL_ctrl ÷ (PL_ctrl + minoritários) ÷ N,
BR_VAMOS,fcff,0.5,,True,14.9953,EV = Σ FCFF_t ÷ (1 + WACC)^t + NOPAT_{T+1} × (1 − g ÷ RONIC) ÷ (WACC − g) ÷ (1 + WACC)^T; V0 = (EV − DL) × PL_ctrl ÷ (PL_ctrl + minoritários) ÷ N,
BR_VAMOS,rim,0.25,,True,4.77052,V0 = B0 + Σ_{t=1..12} (ROE_t − ke) × B_{t−1} ÷ (1 + ke)^t + perpetuidade,
BR_VAMOS,multiplo_justificado,0.25,,True,8.33306,V0 = LPA_1 × (1 − g ÷ ROE_sust) ÷ (ke − g) × (1 + H × (g_c − g) ÷ (1 + g)),
BR_VIBRA,fcff,0.5,,True,50.4546,EV = Σ FCFF_t ÷ (1 + WACC)^t + NOPAT_{T+1} × (1 − g ÷ RONIC) ÷ (WACC − g) ÷ (1 + WACC)^T; V0 = (EV − DL) × PL_ctrl ÷ (PL_ctrl + minoritários) ÷ N,
BR_VIBRA,rim,0.25,,True,36.674,V0 = B0 + Σ_{t=1..12} (ROE_t − ke) × B_{t−1} ÷ (1 + ke)^t + perpetuidade,
BR_VIBRA,multiplo_justificado,0.25,,True,42.6815,V0 = LPA_1 × (1 − g ÷ ROE_sust) ÷ (ke − g) × (1 + H × (g_c − g) ÷ (1 + g)),
BR_VIVARA,fcff,0.5,,True,19.7298,EV = Σ FCFF_t ÷ (1 + WACC)^t + NOPAT_{T+1} × (1 − g ÷ RONIC) ÷ (WACC − g) ÷ (1 + WACC)^T; V0 = (EV − DL) × PL_ctrl ÷ (PL_ctrl + minoritários) ÷ N,
BR_VIVARA,rim,0.25,,True,27.4563,V0 = B0 + Σ_{t=1..12} (ROE_t − ke) × B_{t−1} ÷ (1 + ke)^t + perpetuidade,
BR_VIVARA,multiplo_justificado,0.25,,True,44.5134,V0 = LPA_1 × (1 − g ÷ ROE_sust) ÷ (ke − g) × (1 + H × (g_c − g) ÷ (1 + g)),
BR_VIVO,fcff,0.5,,True,19.1529,EV = Σ FCFF_t ÷ (1 + WACC)^t + NOPAT_{T+1} × (1 − g ÷ RONIC) ÷ (WACC − g) ÷ (1 + WACC)^T; V0 = (EV − DL) × PL_ctrl ÷ (PL_ctrl + minoritários) ÷ N,
BR_VIVO,rim,0.25,,True,24.2717,V0 = B0 + Σ_{t=1..12} (ROE_t − ke) × B_{t−1} ÷ (1 + ke)^t + perpetuidade,
BR_VIVO,multiplo_justificado,0.25,,True,43.4123,V0 = LPA_1 × (1 − g ÷ ROE_sust) ÷ (ke − g) × (1 + H × (g_c − g) ÷ (1 + g)),
BR_VTEX,fcff,0.5,,True,2.76033,EV = Σ FCFF_t ÷ (1 + WACC)^t + NOPAT_{T+1} × (1 − g ÷ RONIC) ÷ (WACC − g) ÷ (1 + WACC)^T; V0 = (EV − DL) × PL_ctrl ÷ (PL_ctrl + minoritários) ÷ N,
BR_VTEX,rim,0.25,,True,1.85538,V0 = B0 + Σ_{t=1..12} (ROE_t − ke) × B_{t−1} ÷ (1 + ke)^t + perpetuidade,
BR_VTEX,multiplo_justificado,0.25,,True,3.64386,V0 = LPA_1 × (1 − g ÷ ROE_sust) ÷ (ke − g) × (1 + H × (g_c − g) ÷ (1 + g)),
BR_VULCABRAS,fcff,0.5,,True,14.4699,EV = Σ FCFF_t ÷ (1 + WACC)^t + NOPAT_{T+1} × (1 − g ÷ RONIC) ÷ (WACC − g) ÷ (1 + WACC)^T; V0 = (EV − DL) × PL_ctrl ÷ (PL_ctrl + minoritários) ÷ N,
BR_VULCABRAS,rim,0.25,,True,14.7276,V0 = B0 + Σ_{t=1..12} (ROE_t − ke) × B_{t−1} ÷ (1 + ke)^t + perpetuidade,
BR_VULCABRAS,multiplo_justificado,0.25,,True,29.115,V0 = LPA_1 × (1 − g ÷ ROE_sust) ÷ (ke − g) × (1 + H × (g_c − g) ÷ (1 + g)),
BR_WEG,fcff,0.5,,True,27.761,EV = Σ FCFF_t ÷ (1 + WACC)^t + NOPAT_{T+1} × (1 − g ÷ RONIC) ÷ (WACC − g) ÷ (1 + WACC)^T; V0 = (EV − DL) × PL_ctrl ÷ (PL_ctrl + minoritários) ÷ N,
BR_WEG,rim,0.25,,True,14.9943,V0 = B0 + Σ_{t=1..12} (ROE_t − ke) × B_{t−1} ÷ (1 + ke)^t + perpetuidade,
BR_WEG,multiplo_justificado,0.25,,True,38.2627,V0 = LPA_1 × (1 − g ÷ ROE_sust) ÷ (ke − g) × (1 + H × (g_c − g) ÷ (1 + g)),
BR_XP,rim,0.5,,True,30.3434,V0 = B0 + Σ_{t=1..12} (ROE_t − ke) × B_{t−1} ÷ (1 + ke)^t + perpetuidade,
BR_XP,pb_justificado,0.3,,True,23.0337,V0 = B0 × (ROE_sust − g) ÷ (ke − g),
BR_XP,regressao_pb_roe,0.2,,True,18.6044,V0 = P/VPA_reg × B0,
BR_YDUQS,fcff,0.5,,True,5.77203,EV = Σ FCFF_t ÷ (1 + WACC)^t + NOPAT_{T+1} × (1 − g ÷ RONIC) ÷ (WACC − g) ÷ (1 + WACC)^T; V0 = (EV − DL) × PL_ctrl ÷ (PL_ctrl + minoritários) ÷ N,
BR_YDUQS,rim,0.25,,True,12.4028,V0 = B0 + Σ_{t=1..12} (ROE_t − ke) × B_{t−1} ÷ (1 + ke)^t + perpetuidade,
BR_YDUQS,multiplo_justificado,0.25,,True,29.2994,V0 = LPA_1 × (1 − g ÷ ROE_sust) ÷ (ke − g) × (1 + H × (g_c − g) ÷ (1 + g)),
CL_ANDINA,fcff,0.5,,True,6174.28,EV = Σ FCFF_t ÷ (1 + WACC)^t + NOPAT_{T+1} × (1 − g ÷ RONIC) ÷ (WACC − g) ÷ (1 + WACC)^T; V0 = (EV − DL) × PL_ctrl ÷ (PL_ctrl + minoritários) ÷ N,
CL_ANDINA,rim,0.25,,True,3214.7,V0 = B0 + Σ_{t=1..12} (ROE_t − ke) × B_{t−1} ÷ (1 + ke)^t + perpetuidade,
CL_ANDINA,multiplo_justificado,0.25,,True,6377.84,V0 = LPA_1 × (1 − g ÷ ROE_sust) ÷ (ke − g) × (1 + H × (g_c − g) ÷ (1 + g)),
CL_BCHILE,rim,0.5,,True,147.759,V0 = B0 + Σ_{t=1..12} (ROE_t − ke) × B_{t−1} ÷ (1 + ke)^t + perpetuidade,
CL_BCHILE,pb_justificado,0.3,,True,175.851,V0 = B0 × (ROE_sust − g) ÷ (ke − g),
CL_BCHILE,regressao_pb_roe,0.2,,True,157.631,V0 = P/VPA_reg × B0,
CL_BCI,rim,0.5,,True,60990.4,V0 = B0 + Σ_{t=1..12} (ROE_t − ke) × B_{t−1} ÷ (1 + ke)^t + perpetuidade,
CL_BCI,pb_justificado,0.3,,True,64701.9,V0 = B0 × (ROE_sust − g) ÷ (ke − g),
CL_BCI,regressao_pb_roe,0.2,,True,72055.1,V0 = P/VPA_reg × B0,
CL_BSAC,rim,0.5,,True,70.6905,V0 = B0 + Σ_{t=1..12} (ROE_t − ke) × B_{t−1} ÷ (1 + ke)^t + perpetuidade,
CL_BSAC,pb_justificado,0.3,,True,81.6899,V0 = B0 × (ROE_sust − g) ÷ (ke − g),
CL_BSAC,regressao_pb_roe,0.2,,True,74.2943,V0 = P/VPA_reg × B0,
CL_CENCOMALLS,rim,0.6,,True,1703.35,V0 = B0 + Σ_{t=1..12} (ROE_t − ke) × B_{t−1} ÷ (1 + ke)^t + perpetuidade,
CL_CENCOMALLS,regressao_pb_roe,0.4,,True,2799.95,V0 = P/VPA_reg × B0,
CL_CENCOSUD,fcff,0.5,,True,268.328,EV = Σ FCFF_t ÷ (1 + WACC)^t + NOPAT_{T+1} × (1 − g ÷ RONIC) ÷ (WACC − g) ÷ (1 + WACC)^T; V0 = (EV − DL) × PL_ctrl ÷ (PL_ctrl + minoritários) ÷ N,
CL_CENCOSUD,rim,0.25,,True,1647.17,V0 = B0 + Σ_{t=1..12} (ROE_t − ke) × B_{t−1} ÷ (1 + ke)^t + perpetuidade,
CL_CENCOSUD,multiplo_justificado,0.25,,True,2326.94,V0 = LPA_1 × (1 − g ÷ ROE_sust) ÷ (ke − g) × (1 + H × (g_c − g) ÷ (1 + g)),
CL_CMPC,fcff_normalizado,0.6,,False,,,Indisponível: valor do patrimônio não positivo (dissidência: conta na dispersão como zero).
CL_CMPC,rim,0.2,,True,3227.52,V0 = B0 + Σ_{t=1..12} (ROE_t − ke) × B_{t−1} ÷ (1 + ke)^t + perpetuidade,
CL_CMPC,regressao_ev_receita,0.2,,False,,,Indisponível: fundamentos do emissor incompletos para a regressão.
CL_COLBUN,rim_real,0.4,,True,221.565,V0 = B0 + Σ_{t=1..12} (ROE_t − ke) × B_{t−1} ÷ (1 + ke)^t + perpetuidade,
CL_COLBUN,ddm_real,0.2,,True,197.565,V0 = Σ_{t=1..5} DPS_1 × (1 + g1)^(t−1) ÷ (1 + ke)^t + DPS_6 ÷ ((ke − g) × (1 + ke)^5),
CL_COLBUN,fcff_real,0.2,,True,142.027,EV = Σ FCFF_t ÷ (1 + WACC)^t + NOPAT_{T+1} × (1 − g ÷ RONIC) ÷ (WACC − g) ÷ (1 + WACC)^T; V0 = (EV − DL) × PL_ctrl ÷ (PL_ctrl + minoritários) ÷ N,
CL_COLBUN,regressao_pb_roe,0.2,,True,204.149,V0 = P/VPA_reg × B0,
CL_COPEC,fcff,0.5,,True,450.043,EV = Σ FCFF_t ÷ (1 + WACC)^t + NOPAT_{T+1} × (1 − g ÷ RONIC) ÷ (WACC − g) ÷ (1 + WACC)^T; V0 = (EV − DL) × PL_ctrl ÷ (PL_ctrl + minoritários) ÷ N,
CL_COPEC,rim,0.25,,True,9621.78,V0 = B0 + Σ_{t=1..12} (ROE_t − ke) × B_{t−1} ÷ (1 + ke)^t + perpetuidade,
CL_COPEC,multiplo_justificado,0.25,,True,4233.21,V0 = LPA_1 × (1 − g ÷ ROE_sust) ÷ (ke − g) × (1 + H × (g_c − g) ÷ (1 + g)),
CL_ECL,rim_real,0.4,,True,2852.4,V0 = B0 + Σ_{t=1..12} (ROE_t − ke) × B_{t−1} ÷ (1 + ke)^t + perpetuidade,
CL_ECL,ddm_real,0.2,,True,875.281,V0 = Σ_{t=1..5} DPS_1 × (1 + g1)^(t−1) ÷ (1 + ke)^t + DPS_6 ÷ ((ke − g) × (1 + ke)^5),
CL_ECL,fcff_real,0.2,,True,3164.09,EV = Σ FCFF_t ÷ (1 + WACC)^t + NOPAT_{T+1} × (1 − g ÷ RONIC) ÷ (WACC − g) ÷ (1 + WACC)^T; V0 = (EV − DL) × PL_ctrl ÷ (PL_ctrl + minoritários) ÷ N,
CL_ECL,regressao_pb_roe,0.2,,True,2462.98,V0 = P/VPA_reg × B0,
CL_EISA,fcff,0.5,,True,434.166,EV = Σ FCFF_t ÷ (1 + WACC)^t + NOPAT_{T+1} × (1 − g ÷ RONIC) ÷ (WACC − g) ÷ (1 + WACC)^T; V0 = (EV − DL) × PL_ctrl ÷ (PL_ctrl + minoritários) ÷ N,
CL_EISA,rim,0.25,,True,413.563,V0 = B0 + Σ_{t=1..12} (ROE_t − ke) × B_{t−1} ÷ (1 + ke)^t + perpetuidade,
CL_EISA,multiplo_justificado,0.25,,True,455.089,V0 = LPA_1 × (1 − g ÷ ROE_sust) ÷ (ke − g) × (1 + H × (g_c − g) ÷ (1 + g)),
CL_ENELAM,rim_real,0.4,,True,212.405,V0 = B0 + Σ_{t=1..12} (ROE_t − ke) × B_{t−1} ÷ (1 + ke)^t + perpetuidade,
CL_ENELAM,ddm_real,0.2,,True,98.0249,V0 = Σ_{t=1..5} DPS_1 × (1 + g1)^(t−1) ÷ (1 + ke)^t + DPS_6 ÷ ((ke − g) × (1 + ke)^5),
CL_ENELAM,fcff_real,0.2,,True,140.95,EV = Σ FCFF_t ÷ (1 + WACC)^t + NOPAT_{T+1} × (1 − g ÷ RONIC) ÷ (WACC − g) ÷ (1 + WACC)^T; V0 = (EV − DL) × PL_ctrl ÷ (PL_ctrl + minoritários) ÷ N,
CL_ENELAM,regressao_pb_roe,0.2,,True,207.159,V0 = P/VPA_reg × B0,
CL_ENELCHILE,rim_real,0.4,,True,5.16073,V0 = B0 + Σ_{t=1..12} (ROE_t − ke) × B_{t−1} ÷ (1 + ke)^t + perpetuidade,
CL_ENELCHILE,ddm_real,0.2,,True,4.77593,V0 = Σ_{t=1..5} DPS_1 × (1 + g1)^(t−1) ÷ (1 + ke)^t + DPS_6 ÷ ((ke − g) × (1 + ke)^5),
CL_ENELCHILE,fcff_real,0.2,,True,8.34883,EV = Σ FCFF_t ÷ (1 + WACC)^t + NOPAT_{T+1} × (1 − g ÷ RONIC) ÷ (WACC − g) ÷ (1 + WACC)^T; V0 = (EV − DL) × PL_ctrl ÷ (PL_ctrl + minoritários) ÷ N,
CL_ENELCHILE,regressao_pb_roe,0.2,,True,5.42727,V0 = P/VPA_reg × B0,
CL_FALABELLA,fcff,0.5,,True,6085.65,EV = Σ FCFF_t ÷ (1 + WACC)^t + NOPAT_{T+1} × (1 − g ÷ RONIC) ÷ (WACC − g) ÷ (1 + WACC)^T; V0 = (EV − DL) × PL_ctrl ÷ (PL_ctrl + minoritários) ÷ N,
CL_FALABELLA,rim,0.25,,True,2578.5,V0 = B0 + Σ_{t=1..12} (ROE_t − ke) × B_{t−1} ÷ (1 + ke)^t + perpetuidade,
CL_FALABELLA,multiplo_justificado,0.25,,True,4147.21,V0 = LPA_1 × (1 − g ÷ ROE_sust) ÷ (ke − g) × (1 + H × (g_c − g) ÷ (1 + g)),
CL_ITAU,rim,0.5,,True,25216.7,V0 = B0 + Σ_{t=1..12} (ROE_t − ke) × B_{t−1} ÷ (1 + ke)^t + perpetuidade,
CL_ITAU,pb_justificado,0.3,,True,26676.5,V0 = B0 × (ROE_sust − g) ÷ (ke − g),
CL_ITAU,regressao_pb_roe,0.2,,True,32063.4,V0 = P/VPA_reg × B0,
CL_LATAM,fcff,0.5,,True,144.435,EV = Σ FCFF_t ÷ (1 + WACC)^t + NOPAT_{T+1} × (1 − g ÷ RONIC) ÷ (WACC − g) ÷ (1 + WACC)^T; V0 = (EV − DL − minoritários) ÷ N,
CL_LATAM,rim,0.25,,True,37.0186,V0 = B0 + Σ_{t=1..12} (ROE_t − ke) × B_{t−1} ÷ (1 + ke)^t + perpetuidade,
CL_LATAM,multiplo_justificado,0.25,,True,183.909,V0 = LPA_1 × (1 − g ÷ ROE_sust) ÷ (ke − g) × (1 + H × (g_c − g) ÷ (1 + g)),
CL_MALLPLAZA,rim,0.6,,True,2176.05,V0 = B0 + Σ_{t=1..12} (ROE_t − ke) × B_{t−1} ÷ (1 + ke)^t + perpetuidade,
CL_MALLPLAZA,regressao_pb_roe,0.4,,True,4522.46,V0 = P/VPA_reg × B0,
CL_PARAUCO,rim,0.6,,True,2022.22,V0 = B0 + Σ_{t=1..12} (ROE_t − ke) × B_{t−1} ÷ (1 + ke)^t + perpetuidade,
CL_PARAUCO,regressao_pb_roe,0.4,,True,2836.83,V0 = P/VPA_reg × B0,
CL_SQM,fcff_normalizado,0.6,,True,67.4345,EV = Σ FCFF_t ÷ (1 + WACC)^t + NOPAT_{T+1} × (1 − g ÷ RONIC) ÷ (WACC − g) ÷ (1 + WACC)^T; V0 = (EV − DL) × PL_ctrl ÷ (PL_ctrl + minoritários) ÷ N,
CL_SQM,rim,0.2,,True,56.0644,V0 = B0 + Σ_{t=1..12} (ROE_t − ke) × B_{t−1} ÷ (1 + ke)^t + perpetuidade,
CL_SQM,regressao_ev_receita,0.2,,False,,,Indisponível: fundamentos do emissor incompletos para a regressão.
CO_CEMARGOS,fcff,0.5,,True,8142.48,EV = Σ FCFF_t ÷ (1 + WACC)^t + NOPAT_{T+1} × (1 − g ÷ RONIC) ÷ (WACC − g) ÷ (1 + WACC)^T; V0 = (EV − DL) × PL_ctrl ÷ (PL_ctrl + minoritários) ÷ N,
CO_CEMARGOS,rim,0.25,,True,9090.7,V0 = B0 + Σ_{t=1..12} (ROE_t − ke) × B_{t−1} ÷ (1 + ke)^t + perpetuidade,
CO_CEMARGOS,multiplo_justificado,0.25,,True,5325.32,V0 = LPA_1 × (1 − g ÷ ROE_sust) ÷ (ke − g) × (1 + H × (g_c − g) ÷ (1 + g)),
CO_CIBEST,rim,0.5,,True,67503.5,V0 = B0 + Σ_{t=1..12} (ROE_t − ke) × B_{t−1} ÷ (1 + ke)^t + perpetuidade,
CO_CIBEST,pb_justificado,0.3,,True,103318.0,V0 = B0 × (ROE_sust − g) ÷ (ke − g),
CO_CIBEST,regressao_pb_roe,0.2,,True,52936.9,V0 = P/VPA_reg × B0,
CO_ECOPETROL,fcff_normalizado,0.6,,True,4461.21,EV = Σ FCFF_t ÷ (1 + WACC)^t + NOPAT_{T+1} × (1 − g ÷ RONIC) ÷ (WACC − g) ÷ (1 + WACC)^T; V0 = (EV − DL) × PL_ctrl ÷ (PL_ctrl + minoritários) ÷ N,
CO_ECOPETROL,rim,0.2,,True,3192.69,V0 = B0 + Σ_{t=1..12} (ROE_t − ke) × B_{t−1} ÷ (1 + ke)^t + perpetuidade,
CO_ECOPETROL,regressao_ev_receita,0.2,,True,3997.31,V0 = (EV/Receita_reg × receita − DL) × PL_ctrl ÷ (PL_ctrl + minoritários) ÷ N,
CO_GEOPARK,fcff_normalizado,0.6,,True,64.7171,EV = Σ FCFF_t ÷ (1 + WACC)^t + NOPAT_{T+1} × (1 − g ÷ RONIC) ÷ (WACC − g) ÷ (1 + WACC)^T; V0 = (EV − DL) × PL_ctrl ÷ (PL_ctrl + minoritários) ÷ N,
CO_GEOPARK,rim,0.2,,True,18.1892,V0 = B0 + Σ_{t=1..12} (ROE_t − ke) × B_{t−1} ÷ (1 + ke)^t + perpetuidade,
CO_GEOPARK,regressao_ev_receita,0.2,,True,23.357,V0 = (EV/Receita_reg × receita − DL) × PL_ctrl ÷ (PL_ctrl + minoritários) ÷ N,
CO_GRANTIERRA,fcff_normalizado,0.6,,True,15.4442,EV = Σ FCFF_t ÷ (1 + WACC)^t + NOPAT_{T+1} × (1 − g ÷ RONIC) ÷ (WACC − g) ÷ (1 + WACC)^T; V0 = (EV − DL) × PL_ctrl ÷ (PL_ctrl + minoritários) ÷ N,
CO_GRANTIERRA,rim,0.2,,True,4.50769,V0 = B0 + Σ_{t=1..12} (ROE_t − ke) × B_{t−1} ÷ (1 + ke)^t + perpetuidade,
CO_GRANTIERRA,regressao_ev_receita,0.2,,True,1.02203,V0 = (EV/Receita_reg × receita − DL) × PL_ctrl ÷ (PL_ctrl + minoritários) ÷ N,
CO_GRUPOARGOS,soma_partes,1.0,,True,8576.36,V0 = P0 × mediana(valor de mercado ÷ NAV) ÷ (valor de mercado ÷ NAV)_hoje × fator da casa,
CO_ISA,rim_real,0.4,,True,26709.6,V0 = B0 + Σ_{t=1..12} (ROE_t − ke) × B_{t−1} ÷ (1 + ke)^t + perpetuidade,
CO_ISA,ddm_real,0.2,,True,27098.4,V0 = Σ_{t=1..5} DPS_1 × (1 + g1)^(t−1) ÷ (1 + ke)^t + DPS_6 ÷ ((ke − g) × (1 + ke)^5),
CO_ISA,fcff_real,0.2,,True,48476.9,EV = Σ FCFF_t ÷ (1 + WACC)^t + NOPAT_{T+1} × (1 − g ÷ RONIC) ÷ (WACC − g) ÷ (1 + WACC)^T; V0 = (EV − DL) × PL_ctrl ÷ (PL_ctrl + minoritários) ÷ N,
CO_ISA,regressao_pb_roe,0.2,,True,23164.7,V0 = P/VPA_reg × B0,
CO_SURA,soma_partes,1.0,,True,53115.2,V0 = P0 × mediana(valor de mercado ÷ NAV) ÷ (valor de mercado ÷ NAV)_hoje × fator da casa,
CO_TECNOGLASS,fcff,0.5,,True,45.9578,EV = Σ FCFF_t ÷ (1 + WACC)^t + NOPAT_{T+1} × (1 − g ÷ RONIC) ÷ (WACC − g) ÷ (1 + WACC)^T; V0 = (EV − DL) × PL_ctrl ÷ (PL_ctrl + minoritários) ÷ N,
CO_TECNOGLASS,rim,0.25,,True,44.8499,V0 = B0 + Σ_{t=1..12} (ROE_t − ke) × B_{t−1} ÷ (1 + ke)^t + perpetuidade,
CO_TECNOGLASS,multiplo_justificado,0.25,,True,72.671,V0 = LPA_1 × (1 − g ÷ ROE_sust) ÷ (ke − g) × (1 + H × (g_c − g) ÷ (1 + g)),
LA_ARCOS,fcff,0.5,,True,6.59344,EV = Σ FCFF_t ÷ (1 + WACC)^t + NOPAT_{T+1} × (1 − g ÷ RONIC) ÷ (WACC − g) ÷ (1 + WACC)^T; V0 = (EV − DL) × PL_ctrl ÷ (PL_ctrl + minoritários) ÷ N,
LA_ARCOS,rim,0.25,,True,6.17241,V0 = B0 + Σ_{t=1..12} (ROE_t − ke) × B_{t−1} ÷ (1 + ke)^t + perpetuidade,
LA_ARCOS,multiplo_justificado,0.25,,True,7.59182,V0 = LPA_1 × (1 − g ÷ ROE_sust) ÷ (ke − g) × (1 + H × (g_c − g) ÷ (1 + g)),
LA_BLADEX,rim,0.5,,True,75.4441,V0 = B0 + Σ_{t=1..12} (ROE_t − ke) × B_{t−1} ÷ (1 + ke)^t + perpetuidade,
LA_BLADEX,pb_justificado,0.3,,True,76.8805,V0 = B0 × (ROE_sust − g) ÷ (ke − g),
LA_BLADEX,regressao_pb_roe,0.2,,True,72.6288,V0 = P/VPA_reg × B0,
LA_COPA,fcff,0.5,,True,224.02,EV = Σ FCFF_t ÷ (1 + WACC)^t + NOPAT_{T+1} × (1 − g ÷ RONIC) ÷ (WACC − g) ÷ (1 + WACC)^T; V0 = (EV − DL) × PL_ctrl ÷ (PL_ctrl + minoritários) ÷ N,
LA_COPA,rim,0.25,,True,234.611,V0 = B0 + Σ_{t=1..12} (ROE_t − ke) × B_{t−1} ÷ (1 + ke)^t + perpetuidade,
LA_COPA,multiplo_justificado,0.25,,True,311.533,V0 = LPA_1 × (1 − g ÷ ROE_sust) ÷ (ke − g) × (1 + H × (g_c − g) ÷ (1 + g)),
LA_DLOCAL,fcff,0.5,,False,,,"Indisponível: indisponível: dívida líquida, WACC."
LA_DLOCAL,rim,0.25,,True,12.4574,V0 = B0 + Σ_{t=1..12} (ROE_t − ke) × B_{t−1} ÷ (1 + ke)^t + perpetuidade,
LA_DLOCAL,multiplo_justificado,0.25,,True,20.5,V0 = LPA_1 × (1 − g ÷ ROE_sust) ÷ (ke − g) × (1 + H × (g_c − g) ÷ (1 + g)),
LA_FORTUNA,fcff_normalizado,0.6,,True,6.81167,EV = Σ FCFF_t ÷ (1 + WACC)^t + NOPAT_{T+1} × (1 − g ÷ RONIC) ÷ (WACC − g) ÷ (1 + WACC)^T; V0 = (EV − DL) × PL_ctrl ÷ (PL_ctrl + minoritários) ÷ N,
LA_FORTUNA,rim,0.2,,True,11.9791,V0 = B0 + Σ_{t=1..12} (ROE_t − ke) × B_{t−1} ÷ (1 + ke)^t + perpetuidade,
LA_FORTUNA,regressao_ev_receita,0.2,,True,15.2072,V0 = (EV/Receita_reg × receita − DL) × PL_ctrl ÷ (PL_ctrl + minoritários) ÷ N,
LA_LILA,fcff,0.5,,False,,,Indisponível: valor do patrimônio não positivo (dissidência: conta na dispersão como zero).
LA_LILA,rim,0.25,,True,0.515093,V0 = B0 + Σ_{t=1..12} (ROE_t − ke) × B_{t−1} ÷ (1 + ke)^t + perpetuidade,
LA_LILA,multiplo_justificado,0.25,,False,,,Indisponível: LPA positivo ou ROE sustentável indisponível.
LA_MELI,fcff,0.5,,True,578.953,EV = Σ FCFF_t ÷ (1 + WACC)^t + NOPAT_{T+1} × (1 − g ÷ RONIC) ÷ (WACC − g) ÷ (1 + WACC)^T; V0 = (EV − DL) × PL_ctrl ÷ (PL_ctrl + minoritários) ÷ N,
LA_MELI,rim,0.25,,True,410.38,V0 = B0 + Σ_{t=1..12} (ROE_t − ke) × B_{t−1} ÷ (1 + ke)^t + perpetuidade,
LA_MELI,multiplo_justificado,0.25,,True,1180.83,V0 = LPA_1 × (1 − g ÷ ROE_sust) ÷ (ke − g) × (1 + H × (g_c − g) ÷ (1 + g)),
LA_MILLICOM,fcff,0.5,,True,26.7265,EV = Σ FCFF_t ÷ (1 + WACC)^t + NOPAT_{T+1} × (1 − g ÷ RONIC) ÷ (WACC − g) ÷ (1 + WACC)^T; V0 = (EV − DL) × PL_ctrl ÷ (PL_ctrl + minoritários) ÷ N,
LA_MILLICOM,rim,0.25,,True,28.3467,V0 = B0 + Σ_{t=1..12} (ROE_t − ke) × B_{t−1} ÷ (1 + ke)^t + perpetuidade,
LA_MILLICOM,multiplo_justificado,0.25,,True,134.264,V0 = LPA_1 × (1 − g ÷ ROE_sust) ÷ (ke − g) × (1 + H × (g_c − g) ÷ (1 + g)),
LA_PAAS,fcff_normalizado,0.6,,True,13.6907,EV = Σ FCFF_t ÷ (1 + WACC)^t + NOPAT_{T+1} × (1 − g ÷ RONIC) ÷ (WACC − g) ÷ (1 + WACC)^T; V0 = (EV − DL) × PL_ctrl ÷ (PL_ctrl + minoritários) ÷ N,
LA_PAAS,rim,0.2,,True,32.7526,V0 = B0 + Σ_{t=1..12} (ROE_t − ke) × B_{t−1} ÷ (1 + ke)^t + perpetuidade,
LA_PAAS,regressao_ev_receita,0.2,,True,40.4133,V0 = (EV/Receita_reg × receita − DL) × PL_ctrl ÷ (PL_ctrl + minoritários) ÷ N,
MX_AC,fcff,0.5,,True,157.126,EV = Σ FCFF_t ÷ (1 + WACC)^t + NOPAT_{T+1} × (1 − g ÷ RONIC) ÷ (WACC − g) ÷ (1 + WACC)^T; V0 = (EV − DL) × PL_ctrl ÷ (PL_ctrl + minoritários) ÷ N,
MX_AC,rim,0.25,,True,109.336,V0 = B0 + Σ_{t=1..12} (ROE_t − ke) × B_{t−1} ÷ (1 + ke)^t + perpetuidade,
MX_AC,multiplo_justificado,0.25,,True,127.247,V0 = LPA_1 × (1 − g ÷ ROE_sust) ÷ (ke − g) × (1 + H × (g_c − g) ÷ (1 + g)),
MX_AEROMEXICO,fcff,0.5,,True,36.3007,EV = Σ FCFF_t ÷ (1 + WACC)^t + NOPAT_{T+1} × (1 − g ÷ RONIC) ÷ (WACC − g) ÷ (1 + WACC)^T; V0 = (EV − DL − minoritários) ÷ N,
MX_AEROMEXICO,rim,0.25,,False,,,Indisponível: patrimônio líquido negativo.
MX_AEROMEXICO,multiplo_justificado,0.25,,False,,,Indisponível: LPA positivo ou ROE sustentável indisponível.
MX_ALPEK,fcff_normalizado,0.6,,True,3.8053,EV = Σ FCFF_t ÷ (1 + WACC)^t + NOPAT_{T+1} × (1 − g ÷ RONIC) ÷ (WACC − g) ÷ (1 + WACC)^T; V0 = (EV − DL) × PL_ctrl ÷ (PL_ctrl + minoritários) ÷ N,
MX_ALPEK,rim,0.2,,True,14.347,V0 = B0 + Σ_{t=1..12} (ROE_t − ke) × B_{t−1} ÷ (1 + ke)^t + perpetuidade,
MX_ALPEK,regressao_ev_receita,0.2,,True,32.1049,V0 = (EV/Receita_reg × receita − DL) × PL_ctrl ÷ (PL_ctrl + minoritários) ÷ N,
MX_ALSEA,fcff,0.5,,True,33.9479,EV = Σ FCFF_t ÷ (1 + WACC)^t + NOPAT_{T+1} × (1 − g ÷ RONIC) ÷ (WACC − g) ÷ (1 + WACC)^T; V0 = (EV − DL) × PL_ctrl ÷ (PL_ctrl + minoritários) ÷ N,
MX_ALSEA,rim,0.25,,True,25.6626,V0 = B0 + Σ_{t=1..12} (ROE_t − ke) × B_{t−1} ÷ (1 + ke)^t + perpetuidade,
MX_ALSEA,multiplo_justificado,0.25,,True,58.5856,V0 = LPA_1 × (1 − g ÷ ROE_sust) ÷ (ke − g) × (1 + H × (g_c − g) ÷ (1 + g)),
MX_AMX,fcff,0.5,,True,22.5934,EV = Σ FCFF_t ÷ (1 + WACC)^t + NOPAT_{T+1} × (1 − g ÷ RONIC) ÷ (WACC − g) ÷ (1 + WACC)^T; V0 = (EV − DL) × PL_ctrl ÷ (PL_ctrl + minoritários) ÷ N,
MX_AMX,rim,0.25,,True,13.4728,V0 = B0 + Σ_{t=1..12} (ROE_t − ke) × B_{t−1} ÷ (1 + ke)^t + perpetuidade,
MX_AMX,multiplo_justificado,0.25,,True,29.0143,V0 = LPA_1 × (1 − g ÷ ROE_sust) ÷ (ke − g) × (1 + H × (g_c − g) ÷ (1 + g)),
MX_ASUR,fcff_vida_finita,0.7,,True,276.198,EV = Σ FCFF_t ÷ (1 + WACC)^t + NOPAT_{T+1} × (1 − g ÷ RONIC) ÷ (WACC − g) ÷ (1 + WACC)^T; V0 = (EV − DL) × PL_ctrl ÷ (PL_ctrl + minoritários) ÷ N,
MX_ASUR,rim,0.3,,True,418.905,V0 = B0 + Σ_{t=1..12} (ROE_t − ke) × B_{t−1} ÷ (1 + ke)^t + perpetuidade,
MX_BAJIO,rim,0.5,,True,82.7183,V0 = B0 + Σ_{t=1..12} (ROE_t − ke) × B_{t−1} ÷ (1 + ke)^t + perpetuidade,
MX_BAJIO,pb_justificado,0.3,,True,92.2576,V0 = B0 × (ROE_sust − g) ÷ (ke − g),
MX_BAJIO,regressao_pb_roe,0.2,,True,68.4572,V0 = P/VPA_reg × B0,
MX_BANORTE,rim,0.5,,True,228.581,V0 = B0 + Σ_{t=1..12} (ROE_t − ke) × B_{t−1} ÷ (1 + ke)^t + perpetuidade,
MX_BANORTE,pb_justificado,0.3,,True,262.413,V0 = B0 × (ROE_sust − g) ÷ (ke − g),
MX_BANORTE,regressao_pb_roe,0.2,,True,239.74,V0 = P/VPA_reg × B0,
MX_BIMBO,fcff,0.5,,True,68.2601,EV = Σ FCFF_t ÷ (1 + WACC)^t + NOPAT_{T+1} × (1 − g ÷ RONIC) ÷ (WACC − g) ÷ (1 + WACC)^T; V0 = (EV − DL) × PL_ctrl ÷ (PL_ctrl + minoritários) ÷ N,
MX_BIMBO,rim,0.25,,True,39.8506,V0 = B0 + Σ_{t=1..12} (ROE_t − ke) × B_{t−1} ÷ (1 + ke)^t + perpetuidade,
MX_BIMBO,multiplo_justificado,0.25,,True,46.6654,V0 = LPA_1 × (1 − g ÷ ROE_sust) ÷ (ke − g) × (1 + H × (g_c − g) ÷ (1 + g)),
MX_BMV,fcff,0.5,,False,,,Indisponível: fluxo de caixa da firma não se aplica a financeiras.
MX_BMV,rim,0.25,,True,33.5439,V0 = B0 + Σ_{t=1..12} (ROE_t − ke) × B_{t−1} ÷ (1 + ke)^t + perpetuidade,
MX_BMV,multiplo_justificado,0.25,,True,43.5282,V0 = LPA_1 × (1 − g ÷ ROE_sust) ÷ (ke − g) × (1 + H × (g_c − g) ÷ (1 + g)),
MX_CARSO,fcff,0.5,,True,38.4364,EV = Σ FCFF_t ÷ (1 + WACC)^t + NOPAT_{T+1} × (1 − g ÷ RONIC) ÷ (WACC − g) ÷ (1 + WACC)^T; V0 = (EV − DL) × PL_ctrl ÷ (PL_ctrl + minoritários) ÷ N,
MX_CARSO,rim,0.25,,True,38.2548,V0 = B0 + Σ_{t=1..12} (ROE_t − ke) × B_{t−1} ÷ (1 + ke)^t + perpetuidade,
MX_CARSO,multiplo_justificado,0.25,,True,23.9971,V0 = LPA_1 × (1 − g ÷ ROE_sust) ÷ (ke − g) × (1 + H × (g_c − g) ÷ (1 + g)),
MX_CEMEX,fcff,0.5,,True,9.74399,EV = Σ FCFF_t ÷ (1 + WACC)^t + NOPAT_{T+1} × (1 − g ÷ RONIC) ÷ (WACC − g) ÷ (1 + WACC)^T; V0 = (EV − DL) × PL_ctrl ÷ (PL_ctrl + minoritários) ÷ N,
MX_CEMEX,rim,0.25,,True,7.93296,V0 = B0 + Σ_{t=1..12} (ROE_t − ke) × B_{t−1} ÷ (1 + ke)^t + perpetuidade,
MX_CEMEX,multiplo_justificado,0.25,,True,9.8644,V0 = LPA_1 × (1 − g ÷ ROE_sust) ÷ (ke − g) × (1 + H × (g_c − g) ÷ (1 + g)),
MX_CHEDRAUI,fcff,0.5,,True,81.3791,EV = Σ FCFF_t ÷ (1 + WACC)^t + NOPAT_{T+1} × (1 − g ÷ RONIC) ÷ (WACC − g) ÷ (1 + WACC)^T; V0 = (EV − DL) × PL_ctrl ÷ (PL_ctrl + minoritários) ÷ N,
MX_CHEDRAUI,rim,0.25,,True,75.3145,V0 = B0 + Σ_{t=1..12} (ROE_t − ke) × B_{t−1} ÷ (1 + ke)^t + perpetuidade,
MX_CHEDRAUI,multiplo_justificado,0.25,,True,109.091,V0 = LPA_1 × (1 − g ÷ ROE_sust) ÷ (ke − g) × (1 + H × (g_c − g) ÷ (1 + g)),
MX_ENDEAVOUR,fcff_normalizado,0.6,,True,1.95179,EV = Σ FCFF_t ÷ (1 + WACC)^t + NOPAT_{T+1} × (1 − g ÷ RONIC) ÷ (WACC − g) ÷ (1 + WACC)^T; V0 = (EV − DL) × PL_ctrl ÷ (PL_ctrl + minoritários) ÷ N,
MX_ENDEAVOUR,rim,0.2,,True,7.81598,V0 = B0 + Σ_{t=1..12} (ROE_t − ke) × B_{t−1} ÷ (1 + ke)^t + perpetuidade,
MX_ENDEAVOUR,regressao_ev_receita,0.2,,True,6.88635,V0 = (EV/Receita_reg × receita − DL) × PL_ctrl ÷ (PL_ctrl + minoritários) ÷ N,
MX_FEMSA,fcff,0.5,,True,83.9963,EV = Σ FCFF_t ÷ (1 + WACC)^t + NOPAT_{T+1} × (1 − g ÷ RONIC) ÷ (WACC − g) ÷ (1 + WACC)^T; V0 = (EV − DL) × PL_ctrl ÷ (PL_ctrl + minoritários) ÷ N,
MX_FEMSA,rim,0.25,,True,68.7446,V0 = B0 + Σ_{t=1..12} (ROE_t − ke) × B_{t−1} ÷ (1 + ke)^t + perpetuidade,
MX_FEMSA,multiplo_justificado,0.25,,True,89.846,V0 = LPA_1 × (1 − g ÷ ROE_sust) ÷ (ke − g) × (1 + H × (g_c − g) ÷ (1 + g)),
MX_FIBRAPL,rim,0.6,,True,63.0562,V0 = B0 + Σ_{t=1..12} (ROE_t − ke) × B_{t−1} ÷ (1 + ke)^t + perpetuidade,
MX_FIBRAPL,regressao_pb_roe,0.4,,True,141.243,V0 = P/VPA_reg × B0,
MX_FIRSTMAJ,fcff_normalizado,0.6,,True,2.79116,EV = Σ FCFF_t ÷ (1 + WACC)^t + NOPAT_{T+1} × (1 − g ÷ RONIC) ÷ (WACC − g) ÷ (1 + WACC)^T; V0 = (EV − DL) × PL_ctrl ÷ (PL_ctrl + minoritários) ÷ N,
MX_FIRSTMAJ,rim,0.2,,True,9.12183,V0 = B0 + Σ_{t=1..12} (ROE_t − ke) × B_{t−1} ÷ (1 + ke)^t + perpetuidade,
MX_FIRSTMAJ,regressao_ev_receita,0.2,,True,12.6748,V0 = (EV/Receita_reg × receita − DL) × PL_ctrl ÷ (PL_ctrl + minoritários) ÷ N,
MX_FMTY,rim,0.6,,True,17.2738,V0 = B0 + Σ_{t=1..12} (ROE_t − ke) × B_{t−1} ÷ (1 + ke)^t + perpetuidade,
MX_FMTY,regressao_pb_roe,0.4,,True,60.4251,V0 = P/VPA_reg × B0,
MX_FUNO,rim,0.6,,True,31.5308,V0 = B0 + Σ_{t=1..12} (ROE_t − ke) × B_{t−1} ÷ (1 + ke)^t + perpetuidade,
MX_FUNO,regressao_pb_roe,0.4,,True,111.976,V0 = P/VPA_reg × B0,
MX_GAP,fcff_vida_finita,0.7,,True,121.049,EV = Σ FCFF_t ÷ (1 + WACC)^t + NOPAT_{T+1} × (1 − g ÷ RONIC) ÷ (WACC − g) ÷ (1 + WACC)^T; V0 = (EV − DL) × PL_ctrl ÷ (PL_ctrl + minoritários) ÷ N,
MX_GAP,rim,0.3,,True,205.7,V0 = B0 + Σ_{t=1..12} (ROE_t − ke) × B_{t−1} ÷ (1 + ke)^t + perpetuidade,
MX_GCC,fcff,0.5,,True,168.913,EV = Σ FCFF_t ÷ (1 + WACC)^t + NOPAT_{T+1} × (1 − g ÷ RONIC) ÷ (WACC − g) ÷ (1 + WACC)^T; V0 = (EV − DL) × PL_ctrl ÷ (PL_ctrl + minoritários) ÷ N,
MX_GCC,rim,0.25,,True,165.697,V0 = B0 + Σ_{t=1..12} (ROE_t − ke) × B_{t−1} ÷ (1 + ke)^t + perpetuidade,
MX_GCC,multiplo_justificado,0.25,,True,199.097,V0 = LPA_1 × (1 − g ÷ ROE_sust) ÷ (ke − g) × (1 + H × (g_c − g) ÷ (1 + g)),
MX_GENOMMA,fcff,0.5,,True,29.4297,EV = Σ FCFF_t ÷ (1 + WACC)^t + NOPAT_{T+1} × (1 − g ÷ RONIC) ÷ (WACC − g) ÷ (1 + WACC)^T; V0 = (EV − DL) × PL_ctrl ÷ (PL_ctrl + minoritários) ÷ N,
MX_GENOMMA,rim,0.25,,True,16.4241,V0 = B0 + Σ_{t=1..12} (ROE_t − ke) × B_{t−1} ÷ (1 + ke)^t + perpetuidade,
MX_GENOMMA,multiplo_justificado,0.25,,True,17.7401,V0 = LPA_1 × (1 − g ÷ ROE_sust) ÷ (ke − g) × (1 + H × (g_c − g) ÷ (1 + g)),
MX_GENTERA,rim,0.5,,True,71.9904,V0 = B0 + Σ_{t=1..12} (ROE_t − ke) × B_{t−1} ÷ (1 + ke)^t + perpetuidade,
MX_GENTERA,pb_justificado,0.3,,True,64.9726,V0 = B0 × (ROE_sust − g) ÷ (ke − g),
MX_GENTERA,regressao_pb_roe,0.2,,True,41.296,V0 = P/VPA_reg × B0,
MX_GMEXICO,fcff_normalizado,0.6,,True,156.048,EV = Σ FCFF_t ÷ (1 + WACC)^t + NOPAT_{T+1} × (1 − g ÷ RONIC) ÷ (WACC − g) ÷ (1 + WACC)^T; V0 = (EV − DL) × PL_ctrl ÷ (PL_ctrl + minoritários) ÷ N,
MX_GMEXICO,rim,0.2,,True,120.323,V0 = B0 + Σ_{t=1..12} (ROE_t − ke) × B_{t−1} ÷ (1 + ke)^t + perpetuidade,
MX_GMEXICO,regressao_ev_receita,0.2,,True,202.923,V0 = (EV/Receita_reg × receita − DL) × PL_ctrl ÷ (PL_ctrl + minoritários) ÷ N,
MX_GRUMA,fcff,0.5,,True,436.988,EV = Σ FCFF_t ÷ (1 + WACC)^t + NOPAT_{T+1} × (1 − g ÷ RONIC) ÷ (WACC − g) ÷ (1 + WACC)^T; V0 = (EV − DL) × PL_ctrl ÷ (PL_ctrl + minoritários) ÷ N,
MX_GRUMA,rim,0.25,,True,333.356,V0 = B0 + Σ_{t=1..12} (ROE_t − ke) × B_{t−1} ÷ (1 + ke)^t + perpetuidade,
MX_GRUMA,multiplo_justificado,0.25,,True,359.777,V0 = LPA_1 × (1 − g ÷ ROE_sust) ÷ (ke − g) × (1 + H × (g_c − g) ÷ (1 + g)),
MX_INBURSA,rim,0.5,,True,56.791,V0 = B0 + Σ_{t=1..12} (ROE_t − ke) × B_{t−1} ÷ (1 + ke)^t + perpetuidade,
MX_INBURSA,pb_justificado,0.3,,True,55.2343,V0 = B0 × (ROE_sust − g) ÷ (ke − g),
MX_INBURSA,regressao_pb_roe,0.2,,True,37.7691,V0 = P/VPA_reg × B0,
MX_KIMBER,fcff,0.5,,True,46.9409,EV = Σ FCFF_t ÷ (1 + WACC)^t + NOPAT_{T+1} × (1 − g ÷ RONIC) ÷ (WACC − g) ÷ (1 + WACC)^T; V0 = (EV − DL) × PL_ctrl ÷ (PL_ctrl + minoritários) ÷ N,
MX_KIMBER,rim,0.25,,True,28.3652,V0 = B0 + Σ_{t=1..12} (ROE_t − ke) × B_{t−1} ÷ (1 + ke)^t + perpetuidade,
MX_KIMBER,multiplo_justificado,0.25,,True,38.0744,V0 = LPA_1 × (1 − g ÷ ROE_sust) ÷ (ke − g) × (1 + H × (g_c − g) ÷ (1 + g)),
MX_KOF,fcff,0.5,,True,147.892,EV = Σ FCFF_t ÷ (1 + WACC)^t + NOPAT_{T+1} × (1 − g ÷ RONIC) ÷ (WACC − g) ÷ (1 + WACC)^T; V0 = (EV − DL) × PL_ctrl ÷ (PL_ctrl + minoritários) ÷ N,
MX_KOF,rim,0.25,,True,123.054,V0 = B0 + Σ_{t=1..12} (ROE_t − ke) × B_{t−1} ÷ (1 + ke)^t + perpetuidade,
MX_KOF,multiplo_justificado,0.25,,True,176.823,V0 = LPA_1 × (1 − g ÷ ROE_sust) ÷ (ke − g) × (1 + H × (g_c − g) ÷ (1 + g)),
MX_MEGACABLE,fcff,0.5,,True,88.3549,EV = Σ FCFF_t ÷ (1 + WACC)^t + NOPAT_{T+1} × (1 − g ÷ RONIC) ÷ (WACC − g) ÷ (1 + WACC)^T; V0 = (EV − DL) × PL_ctrl ÷ (PL_ctrl + minoritários) ÷ N,
MX_MEGACABLE,rim,0.25,,True,47.2473,V0 = B0 + Σ_{t=1..12} (ROE_t − ke) × B_{t−1} ÷ (1 + ke)^t + perpetuidade,
MX_MEGACABLE,multiplo_justificado,0.25,,True,28.8059,V0 = LPA_1 × (1 − g ÷ ROE_sust) ÷ (ke − g) × (1 + H × (g_c − g) ÷ (1 + g)),
MX_OMA,fcff_vida_finita,0.7,,True,176.035,EV = Σ FCFF_t ÷ (1 + WACC)^t + NOPAT_{T+1} × (1 − g ÷ RONIC) ÷ (WACC − g) ÷ (1 + WACC)^T; V0 = (EV − DL) × PL_ctrl ÷ (PL_ctrl + minoritários) ÷ N,
MX_OMA,rim,0.3,,True,159.739,V0 = B0 + Σ_{t=1..12} (ROE_t − ke) × B_{t−1} ÷ (1 + ke)^t + perpetuidade,
MX_ORBIA,fcff,0.5,,False,,,Indisponível: valor do patrimônio não positivo (dissidência: conta na dispersão como zero).
MX_ORBIA,rim,0.25,,True,13.7568,V0 = B0 + Σ_{t=1..12} (ROE_t − ke) × B_{t−1} ÷ (1 + ke)^t + perpetuidade,
MX_ORBIA,multiplo_justificado,0.25,,True,8.15134,V0 = LPA_1 × (1 − g ÷ ROE_sust) ÷ (ke − g) × (1 + H × (g_c − g) ÷ (1 + g)),
MX_PENOLES,fcff_normalizado,0.6,,True,660.889,EV = Σ FCFF_t ÷ (1 + WACC)^t + NOPAT_{T+1} × (1 − g ÷ RONIC) ÷ (WACC − g) ÷ (1 + WACC)^T; V0 = (EV − DL) × PL_ctrl ÷ (PL_ctrl + minoritários) ÷ N,
MX_PENOLES,rim,0.2,,True,686.624,V0 = B0 + Σ_{t=1..12} (ROE_t − ke) × B_{t−1} ÷ (1 + ke)^t + perpetuidade,
MX_PENOLES,regressao_ev_receita,0.2,,True,1524.76,V0 = (EV/Receita_reg × receita − DL) × PL_ctrl ÷ (PL_ctrl + minoritários) ÷ N,
MX_PINFRA,fcff_vida_finita,0.7,,True,370.797,EV = Σ FCFF_t ÷ (1 + WACC)^t + NOPAT_{T+1} × (1 − g ÷ RONIC) ÷ (WACC − g) ÷ (1 + WACC)^T; V0 = (EV − DL) × PL_ctrl ÷ (PL_ctrl + minoritários) ÷ N,
MX_PINFRA,rim,0.3,,True,318.545,V0 = B0 + Σ_{t=1..12} (ROE_t − ke) × B_{t−1} ÷ (1 + ke)^t + perpetuidade,
MX_QUALITAS,ddm,0.4,,True,204.91,V0 = Σ_{t=1..5} DPS_1 × (1 + g1)^(t−1) ÷ (1 + ke)^t + DPS_6 ÷ ((ke − g) × (1 + ke)^5),
MX_QUALITAS,rim,0.4,,True,135.179,V0 = B0 + Σ_{t=1..12} (ROE_t − ke) × B_{t−1} ÷ (1 + ke)^t + perpetuidade,
MX_QUALITAS,regressao_pl,0.2,,False,,,"Indisponível: regressão transversal indisponível (R² de 0,18 abaixo do mínimo de 0,25)."
MX_REGIONAL,rim,0.5,,True,237.808,V0 = B0 + Σ_{t=1..12} (ROE_t − ke) × B_{t−1} ÷ (1 + ke)^t + perpetuidade,
MX_REGIONAL,pb_justificado,0.3,,True,246.28,V0 = B0 × (ROE_sust − g) ÷ (ke − g),
MX_REGIONAL,regressao_pb_roe,0.2,,True,210.336,V0 = P/VPA_reg × B0,
MX_SIGMA,fcff,0.5,,True,12.2007,EV = Σ FCFF_t ÷ (1 + WACC)^t + NOPAT_{T+1} × (1 − g ÷ RONIC) ÷ (WACC − g) ÷ (1 + WACC)^T; V0 = (EV − DL) × PL_ctrl ÷ (PL_ctrl + minoritários) ÷ N,
MX_SIGMA,rim,0.25,,True,8.00574,V0 = B0 + Σ_{t=1..12} (ROE_t − ke) × B_{t−1} ÷ (1 + ke)^t + perpetuidade,
MX_SIGMA,multiplo_justificado,0.25,,True,18.6228,V0 = LPA_1 × (1 − g ÷ ROE_sust) ÷ (ke − g) × (1 + H × (g_c − g) ÷ (1 + g)),
MX_TELEVISA,fcff,0.5,,False,,,Indisponível: valor do patrimônio não positivo (dissidência: conta na dispersão como zero).
MX_TELEVISA,rim,0.25,,True,15.1979,V0 = B0 + Σ_{t=1..12} (ROE_t − ke) × B_{t−1} ÷ (1 + ke)^t + perpetuidade,
MX_TELEVISA,multiplo_justificado,0.25,,True,0.581266,V0 = LPA_1 × (1 − g ÷ ROE_sust) ÷ (ke − g) × (1 + H × (g_c − g) ÷ (1 + g)),
MX_TERNIUM,fcff_normalizado,0.6,,True,39.4317,EV = Σ FCFF_t ÷ (1 + WACC)^t + NOPAT_{T+1} × (1 − g ÷ RONIC) ÷ (WACC − g) ÷ (1 + WACC)^T; V0 = (EV − DL) × PL_ctrl ÷ (PL_ctrl + minoritários) ÷ N,
MX_TERNIUM,rim,0.2,,True,80.7808,V0 = B0 + Σ_{t=1..12} (ROE_t − ke) × B_{t−1} ÷ (1 + ke)^t + perpetuidade,
MX_TERNIUM,regressao_ev_receita,0.2,,True,72.8356,V0 = (EV/Receita_reg × receita − DL) × PL_ctrl ÷ (PL_ctrl + minoritários) ÷ N,
MX_VESTA,rim,0.6,,True,20.0172,V0 = B0 + Σ_{t=1..12} (ROE_t − ke) × B_{t−1} ÷ (1 + ke)^t + perpetuidade,
MX_VESTA,regressao_pb_roe,0.4,,True,70.4965,V0 = P/VPA_reg × B0,
MX_VISTA,fcff_normalizado,0.6,,True,42.081,EV = Σ FCFF_t ÷ (1 + WACC)^t + NOPAT_{T+1} × (1 − g ÷ RONIC) ÷ (WACC − g) ÷ (1 + WACC)^T; V0 = (EV − DL) × PL_ctrl ÷ (PL_ctrl + minoritários) ÷ N,
MX_VISTA,rim,0.2,,True,89.8637,V0 = B0 + Σ_{t=1..12} (ROE_t − ke) × B_{t−1} ÷ (1 + ke)^t + perpetuidade,
MX_VISTA,regressao_ev_receita,0.2,,True,83.8834,V0 = (EV/Receita_reg × receita − DL) × PL_ctrl ÷ (PL_ctrl + minoritários) ÷ N,
MX_VOLARIS,fcff,0.5,,False,,,Indisponível: valor do patrimônio não positivo (dissidência: conta na dispersão como zero).
MX_VOLARIS,rim,0.25,,False,,,"Indisponível: LPA, payout ou ROE de convergência indisponível."
MX_VOLARIS,multiplo_justificado,0.25,,False,,,Indisponível: LPA positivo ou ROE sustentável indisponível.
MX_WALMEX,fcff,0.5,,True,37.9371,EV = Σ FCFF_t ÷ (1 + WACC)^t + NOPAT_{T+1} × (1 − g ÷ RONIC) ÷ (WACC − g) ÷ (1 + WACC)^T; V0 = (EV − DL) × PL_ctrl ÷ (PL_ctrl + minoritários) ÷ N,
MX_WALMEX,rim,0.25,,True,32.6079,V0 = B0 + Σ_{t=1..12} (ROE_t − ke) × B_{t−1} ÷ (1 + ke)^t + perpetuidade,
MX_WALMEX,multiplo_justificado,0.25,,True,38.8197,V0 = LPA_1 × (1 − g ÷ ROE_sust) ÷ (ke − g) × (1 + H × (g_c − g) ÷ (1 + g)),
PE_BVN,fcff_normalizado,0.6,,True,9.37842,EV = Σ FCFF_t ÷ (1 + WACC)^t + NOPAT_{T+1} × (1 − g ÷ RONIC) ÷ (WACC − g) ÷ (1 + WACC)^T; V0 = (EV − DL) × PL_ctrl ÷ (PL_ctrl + minoritários) ÷ N,
PE_BVN,rim,0.2,,True,34.9938,V0 = B0 + Σ_{t=1..12} (ROE_t − ke) × B_{t−1} ÷ (1 + ke)^t + perpetuidade,
PE_BVN,regressao_ev_receita,0.2,,False,,,Indisponível: fundamentos do emissor incompletos para a regressão.
PE_CREDICORP,rim,0.5,,True,417.319,V0 = B0 + Σ_{t=1..12} (ROE_t − ke) × B_{t−1} ÷ (1 + ke)^t + perpetuidade,
PE_CREDICORP,pb_justificado,0.3,,True,422.018,V0 = B0 × (ROE_sust − g) ÷ (ke − g),
PE_CREDICORP,regressao_pb_roe,0.2,,True,328.325,V0 = P/VPA_reg × B0,
PE_HUDBAY,fcff_normalizado,0.6,,True,10.077,EV = Σ FCFF_t ÷ (1 + WACC)^t + NOPAT_{T+1} × (1 − g ÷ RONIC) ÷ (WACC − g) ÷ (1 + WACC)^T; V0 = (EV − DL) × PL_ctrl ÷ (PL_ctrl + minoritários) ÷ N,
PE_HUDBAY,rim,0.2,,True,19.7398,V0 = B0 + Σ_{t=1..12} (ROE_t − ke) × B_{t−1} ÷ (1 + ke)^t + perpetuidade,
PE_HUDBAY,regressao_ev_receita,0.2,,True,17.4963,V0 = (EV/Receita_reg × receita − DL) × PL_ctrl ÷ (PL_ctrl + minoritários) ÷ N,
PE_IFS,rim,0.5,,True,84.8087,V0 = B0 + Σ_{t=1..12} (ROE_t − ke) × B_{t−1} ÷ (1 + ke)^t + perpetuidade,
PE_IFS,pb_justificado,0.3,,True,80.6444,V0 = B0 × (ROE_sust − g) ÷ (ke − g),
PE_IFS,regressao_pb_roe,0.2,,True,63.903,V0 = P/VPA_reg × B0,
PE_NEXA,fcff_normalizado,0.6,,True,28.6462,EV = Σ FCFF_t ÷ (1 + WACC)^t + NOPAT_{T+1} × (1 − g ÷ RONIC) ÷ (WACC − g) ÷ (1 + WACC)^T; V0 = (EV − DL) × PL_ctrl ÷ (PL_ctrl + minoritários) ÷ N,
PE_NEXA,rim,0.2,,True,19.9599,V0 = B0 + Σ_{t=1..12} (ROE_t − ke) × B_{t−1} ÷ (1 + ke)^t + perpetuidade,
PE_NEXA,regressao_ev_receita,0.2,,True,40.8764,V0 = (EV/Receita_reg × receita − DL) × PL_ctrl ÷ (PL_ctrl + minoritários) ÷ N,
PE_SCCO,fcff_normalizado,0.6,,False,,,"Indisponível: indisponível: dívida líquida, WACC."
PE_SCCO,rim,0.2,,True,82.3778,V0 = B0 + Σ_{t=1..12} (ROE_t − ke) × B_{t−1} ÷ (1 + ke)^t + perpetuidade,
PE_SCCO,regressao_ev_receita,0.2,,False,,,Indisponível: fundamentos do emissor incompletos para a regressão.
