etf,imputado,issuer_id,motivo,nome,peso,retorno,texto,ticker_bruto,moeda_linha_filho,moeda_consenso_original,moeda_demonstrativos_declarada,eps_fy1,eps_fy2,coerencia_economica,dy_liquido,fx,u
ETF_ARGT,True,LA_MELI,alvo da casa com confiança C: retorno top-down,MERCADOLIBRE INC,0.224451,-0.0490479,"{""peso"": ""22,45%"", ""retorno"": ""−4,9%"", ""u"": null}",MELI,USD,USD,USD,38.2807,55.543,não inferida pela contagem ou pelo país,,,
ETF_ARGT,True,AR_YPF,emissor em revisão ou sem preço-alvo,YPF S.A.-SPONSORED ADR,0.101595,-0.0490479,"{""peso"": ""10,16%"", ""retorno"": ""−4,9%"", ""u"": null}",YPF,USD,USD,ARS,6.67562,5.48506,não inferida pela contagem ou pelo país,,,
ETF_ARGT,True,MX_VISTA,alvo da casa com confiança C: retorno top-down,VISTA ENERGY SAB DE CV,0.0676963,-0.0490479,"{""peso"": ""6,77%"", ""retorno"": ""−4,9%"", ""u"": null}",VIST,USD,MXN,USD,8.82317,9.91492,não inferida pela contagem ou pelo país,,,
ETF_ARGT,True,AR_GALICIA,emissor em revisão ou sem preço-alvo,GRUPO FINANCIERO GALICIA-ADR,0.0561629,-0.0490479,"{""peso"": ""5,62%"", ""retorno"": ""−4,9%"", ""u"": null}",GGAL,USD,USD,ARS,4.71124,6.92966,não inferida pela contagem ou pelo país,,,
ETF_ARGT,True,AR_PAMPA,alvo da casa com confiança C: retorno top-down,PAMPA ENERGIA SA-SPON ADR,0.0474376,-0.0490479,"{""peso"": ""4,74%"", ""retorno"": ""−4,9%"", ""u"": null}",PAM,USD,USD,USD,10.6179,11.7364,não inferida pela contagem ou pelo país,,,
ETF_ARGT,True,AR_MACRO,alvo da casa com confiança C: retorno top-down,BANCO MACRO SA-ADR,0.0420219,-0.0490479,"{""peso"": ""4,20%"", ""retorno"": ""−4,9%"", ""u"": null}",BMA,USD,ARS,ARS,7.79293,10.0762,não inferida pela contagem ou pelo país,,,
ETF_ARGT,False,LA_FORTUNA,,FORTUNA MINING CORP,0.039314,0.0627094,"{""peso"": ""3,93%"", ""retorno"": ""+6,3%"", ""u"": ""+3,8%""}",FVI CN,USD,USD,USD,1.38806,1.71602,não inferida pela contagem ou pelo país,0.0247298,0.0,0.0379795
ETF_ARGT,True,AR_TGS,alvo da casa com confiança C: retorno top-down,TRANSPORTADOR GAS-ADR SP B,0.0384114,-0.0490479,"{""peso"": ""3,84%"", ""retorno"": ""−4,9%"", ""u"": null}",TGS,USD,USD,ARS,2.69999,2.61769,não inferida pela contagem ou pelo país,,,
ETF_ARGT,True,,posição sem mapeamento,SSR MINING INC,0.0377094,-0.0490479,"{""peso"": ""3,77%"", ""retorno"": ""−4,9%"", ""u"": null}",SSRM CN,,,,,,não inferida pela contagem ou pelo país,,,
ETF_ARGT,False,CL_ANDINA,,EMBOTELLADORA ANDINA SA,0.0354027,0.195271,"{""peso"": ""3,54%"", ""retorno"": ""+19,5%"", ""u"": ""+16,9%""}",ANDINAB CI,CLP,CLP,CLP,319.201,344.044,não inferida pela contagem ou pelo país,0.0339419,-0.00660002,0.16927
ETF_ARGT,True,AR_CEPU,alvo da casa com confiança C: retorno top-down,CENTRAL PUERTO-SPONSORED ADR,0.0335974,-0.0490479,"{""peso"": ""3,36%"", ""retorno"": ""−4,9%"", ""u"": null}",CEPU,USD,USD,ARS,1.98613,1.67903,não inferida pela contagem ou pelo país,,,
ETF_ARGT,True,AR_TEO,alvo da casa com confiança C: retorno top-down,TELECOM ARGENTINA SA-SP ADR,0.0316919,-0.0490479,"{""peso"": ""3,17%"", ""retorno"": ""−4,9%"", ""u"": null}",TEO,USD,USD,ARS,1.75331,0.91265,não inferida pela contagem ou pelo país,,,
ETF_ARGT,False,LA_ARCOS,,ARCOS DORADOS HOLDINGS INC-A,0.0310902,-0.0278599,"{""peso"": ""3,11%"", ""retorno"": ""−2,8%"", ""u"": ""−5,3%""}",ARCO,USD,USD,USD,0.79616,0.86394,não inferida pela contagem ou pelo país,0.0255902,0.0,-0.0534502
ETF_ARGT,True,CL_CENCOSUD,alvo da casa com confiança C: retorno top-down,CENCOSUD SA,0.0310902,-0.0490479,"{""peso"": ""3,11%"", ""retorno"": ""−4,9%"", ""u"": null}",CENCOSUD CI,CLP,CLP,CLP,148.273,179.001,não inferida pela contagem ou pelo país,,,
ETF_ARGT,True,AR_BBVA,alvo da casa com confiança C: retorno top-down,BBVA ARGENTINA SA-ADR,0.0302878,-0.0490479,"{""peso"": ""3,03%"", ""retorno"": ""−4,9%"", ""u"": null}",BBAR,USD,USD,ARS,0.476,0.735,não inferida pela contagem ou pelo país,,,
ETF_ARGT,True,AR_CAAP,emissor em revisão ou sem preço-alvo,CORP AMERICA AIRPORTS SA,0.025173,-0.0490479,"{""peso"": ""2,52%"", ""retorno"": ""−4,9%"", ""u"": null}",CAAP,USD,USD,USD,1.91608,2.26507,não inferida pela contagem ou pelo país,,,
ETF_ARGT,True,AR_LAR,emissor em revisão ou sem preço-alvo,LITHIUM ARGENTINA AG,0.0222646,-0.0490479,"{""peso"": ""2,23%"", ""retorno"": ""−4,9%"", ""u"": null}",LAR,USD,USD,USD,0.2504,0.34235,não inferida pela contagem ou pelo país,,,
ETF_ARGT,True,,posição sem mapeamento,CIA CERVECERIAS UNIDAS SA,0.0195567,-0.0490479,"{""peso"": ""1,96%"", ""retorno"": ""−4,9%"", ""u"": null}",CCU CI,,,,,,não inferida pela contagem ou pelo país,,,
ETF_ARGT,True,AR_CRESUD,alvo da casa com confiança C: retorno top-down,CRESUD S.A.-SPONS ADR,0.0162471,-0.0490479,"{""peso"": ""1,62%"", ""retorno"": ""−4,9%"", ""u"": null}",CRESY,USD,USD,ARS,0.133,0.162,não inferida pela contagem ou pelo país,,,
ETF_ARGT,True,AR_IRSA,alvo da casa com confiança C: retorno top-down,IRSA -SP ADR,0.0161468,-0.0490479,"{""peso"": ""1,61%"", ""retorno"": ""−4,9%"", ""u"": null}",IRS,USD,USD,ARS,0.121,0.259,não inferida pela contagem ou pelo país,,,
ETF_ARGT,True,AR_LOMA,emissor em revisão ou sem preço-alvo,LOMA NEGRA CIA IND-SPON ADR,0.0151439,-0.0490479,"{""peso"": ""1,51%"", ""retorno"": ""−4,9%"", ""u"": null}",LOMA,USD,USD,ARS,0.6066,0.76958,não inferida pela contagem ou pelo país,,,
ETF_ARGT,True,,posição sem mapeamento,EMP DISTRIB Y COMERC NOR-ADR,0.0135393,-0.0490479,"{""peso"": ""1,35%"", ""retorno"": ""−4,9%"", ""u"": null}",EDN,,,,,,não inferida pela contagem ou pelo país,,,
ETF_ARGT,True,AR_SUPERVIELLE,emissor em revisão ou sem preço-alvo,GRUPO SUPERVIELLE SA-SP ADR,0.0127369,-0.0490479,"{""peso"": ""1,27%"", ""retorno"": ""−4,9%"", ""u"": null}",SUPV,USD,USD,ARS,0.6064,1.22702,não inferida pela contagem ou pelo país,,,
ETF_ARGT,True,AR_ADECOAGRO,alvo da casa com confiança C: retorno top-down,ADECOAGRO SA,0.0107311,-0.0490479,"{""peso"": ""1,07%"", ""retorno"": ""−4,9%"", ""u"": null}",AGRO,USD,USD,USD,1.72522,1.39101,não inferida pela contagem ou pelo país,,,
ETF_ARGT,True,,posição sem mapeamento,BIOCERES CROP SOLUTIONS CORP,0.000501454,-0.0490479,"{""peso"": ""0,05%"", ""retorno"": ""−4,9%"", ""u"": null}",BIOX,,,,,,não inferida pela contagem ou pelo país,,,
ETF_BOVA11,False,BR_ALLOS,,ALLOS,0.00569,-0.0572178,"{""peso"": ""0,57%"", ""retorno"": ""−5,7%"", ""u"": ""−10,5%""}",ALOS3,BRL,BRL,BRL,1.80195,1.94094,não inferida pela contagem ou pelo país,0.0473218,0.0,-0.10454
ETF_BOVA11,False,BR_AMBEV,,AMBEV S/A,0.02278,-0.0193761,"{""peso"": ""2,28%"", ""retorno"": ""−1,9%"", ""u"": ""−6,8%""}",ABEV3,BRL,BRL,BRL,1.04641,1.12489,não inferida pela contagem ou pelo país,0.0485241,0.0,-0.0679002
ETF_BOVA11,False,BR_ASSAI,,ASSAI,0.00585,0.11855,"{""peso"": ""0,58%"", ""retorno"": ""+11,9%"", ""u"": ""+11,2%""}",ASAI3,BRL,BRL,BRL,0.66537,0.9583,não inferida pela contagem ou pelo país,0.00625809,0.0,0.112292
ETF_BOVA11,True,BR_AUREN,alvo da casa com confiança C: retorno top-down,AUREN,0.0017,0.108568,"{""peso"": ""0,17%"", ""retorno"": ""+10,9%"", ""u"": null}",AURE3,BRL,BRL,BRL,-1.25,-0.145,não inferida pela contagem ou pelo país,,,
ETF_BOVA11,True,BR_AXIA,alvo da casa com confiança C: retorno top-down,AXIA ENERGIA,0.047,0.108568,"{""peso"": ""4,70%"", ""retorno"": ""+10,9%"", ""u"": null}",AXIA3,BRL,BRL,BRL,3.885,5.95978,não inferida pela contagem ou pelo país,,,
ETF_BOVA11,False,BR_AZZAS,,AZZAS 2154,0.00105,-0.0151877,"{""peso"": ""0,10%"", ""retorno"": ""−1,5%"", ""u"": ""−9,8%""}",AZZA3,BRL,BRL,BRL,2.65676,3.46715,não inferida pela contagem ou pelo país,0.0829979,0.0,-0.0981856
ETF_BOVA11,False,BR_B3,,B3,0.03921,-0.276079,"{""peso"": ""3,92%"", ""retorno"": ""−27,6%"", ""u"": ""−29,9%""}",B3SA3,BRL,BRL,BRL,1.20165,1.30324,não inferida pela contagem ou pelo país,0.0226214,0.0,-0.2987
ETF_BOVA11,False,BR_BBSEG,,BBSEGURIDADE,0.00856,0.0463745,"{""peso"": ""0,86%"", ""retorno"": ""+4,6%"", ""u"": ""−3,7%""}",BBSE3,BRL,BRL,BRL,4.41498,4.38376,não inferida pela contagem ou pelo país,0.0835488,0.0,-0.0371743
ETF_BOVA11,False,BR_BRADESCO,,BRADESCO,0.01015,0.347505,"{""peso"": ""1,01%"", ""retorno"": ""+34,8%"", ""u"": ""+25,7%""}",BBDC3,BRL,BRL,BRL,2.64375,2.92283,não inferida pela contagem ou pelo país,0.0903304,0.0,0.257175
ETF_BOVA11,False,BR_BRADESCO,,BRADESCO,0.04033,0.347505,"{""peso"": ""4,03%"", ""retorno"": ""+34,8%"", ""u"": ""+25,7%""}",BBDC4,BRL,BRL,BRL,2.64375,2.92283,não inferida pela contagem ou pelo país,0.0903304,0.0,0.257175
ETF_BOVA11,True,BR_BRADESPAR,alvo da casa com confiança C: retorno top-down,BRADESPAR,0.00185,0.108568,"{""peso"": ""0,18%"", ""retorno"": ""+10,9%"", ""u"": null}",BRAP4,BRL,BRL,BRL,3.72528,7.48134,não inferida pela contagem ou pelo país,,,
ETF_BOVA11,False,BR_BB,,BRASIL,0.02429,0.871592,"{""peso"": ""2,43%"", ""retorno"": ""+87,2%"", ""u"": ""+80,1%""}",BBAS3,BRL,BRL,BRL,2.97711,4.29933,não inferida pela contagem ou pelo país,0.0704113,0.0,0.801181
ETF_BOVA11,False,BR_BRAVA,,BRAVA,0.00185,0.116123,"{""peso"": ""0,18%"", ""retorno"": ""+11,6%"", ""u"": ""+0,7%""}",BRAV3,BRL,BRL,BRL,1.9645,2.53433,não inferida pela contagem ou pelo país,0.108671,0.0,0.00745194
ETF_BOVA11,False,BR_BTG,,BTGP BANCO,0.03257,-0.190815,"{""peso"": ""3,26%"", ""retorno"": ""−19,1%"", ""u"": ""−21,2%""}",BPAC11,BRL,BRL,BRL,5.32189,6.07132,não inferida pela contagem ou pelo país,0.021363,0.0,-0.212178
ETF_BOVA11,False,BR_CXSEG,,CAIXA SEGURI,0.00433,-0.146848,"{""peso"": ""0,43%"", ""retorno"": ""−14,7%"", ""u"": ""−20,9%""}",CXSE3,BRL,BRL,BRL,1.56886,1.71641,não inferida pela contagem ou pelo país,0.0619638,0.0,-0.208812
ETF_BOVA11,False,BR_CEA,,CEA MODAS,0.00089,0.50359,"{""peso"": ""0,09%"", ""retorno"": ""+50,4%"", ""u"": ""+50,4%""}",CEAB3,BRL,BRL,BRL,1.66461,1.84457,não inferida pela contagem ou pelo país,0.0,0.0,0.50359
ETF_BOVA11,False,BR_CEMIG,,CEMIG,0.00758,0.520565,"{""peso"": ""0,76%"", ""retorno"": ""+52,1%"", ""u"": ""+47,3%""}",CMIG4,BRL,BRL,BRL,1.20746,1.16578,não inferida pela contagem ou pelo país,0.0476096,0.0,0.472956
ETF_BOVA11,False,BR_COGNA,,COGNA ON,0.00188,0.168648,"{""peso"": ""0,19%"", ""retorno"": ""+16,9%"", ""u"": ""+12,8%""}",COGN3,BRL,BRL,BRL,0.40927,0.48724,não inferida pela contagem ou pelo país,0.0404253,0.0,0.128223
ETF_BOVA11,False,BR_COPASA,,COPASA,0.00812,-0.226563,"{""peso"": ""0,81%"", ""retorno"": ""−22,7%"", ""u"": ""−27,3%""}",CSMG3,BRL,BRL,BRL,3.34114,4.35224,não inferida pela contagem ou pelo país,0.0468757,0.0,-0.273439
ETF_BOVA11,False,BR_COPEL,,COPEL,0.01784,-0.194504,"{""peso"": ""1,78%"", ""retorno"": ""−19,5%"", ""u"": ""−21,6%""}",CPLE3,BRL,BRL,BRL,0.90983,1.06248,não inferida pela contagem ou pelo país,0.0215946,0.0,-0.216099
ETF_BOVA11,True,BR_COSAN,alvo da casa com confiança C: retorno top-down,COSAN,0.00395,0.108568,"{""peso"": ""0,40%"", ""retorno"": ""+10,9%"", ""u"": null}",CSAN3,BRL,BRL,BRL,-0.025,0.595,não inferida pela contagem ou pelo país,,,
ETF_BOVA11,False,BR_CPFL,,CPFL ENERGIA,0.00325,0.353995,"{""peso"": ""0,33%"", ""retorno"": ""+35,4%"", ""u"": ""+30,7%""}",CPFE3,BRL,BRL,BRL,4.30941,4.0042,não inferida pela contagem ou pelo país,0.0466851,0.0,0.30731
ETF_BOVA11,False,BR_CMIN,,CSNMINERACAO,0.00269,0.42513,"{""peso"": ""0,27%"", ""retorno"": ""+42,5%"", ""u"": ""+35,4%""}",CMIN3,BRL,BRL,BRL,0.21485,0.44674,não inferida pela contagem ou pelo país,0.0711196,0.0,0.354011
ETF_BOVA11,False,BR_CURY,,CURY S/A,0.00172,-0.149688,"{""peso"": ""0,17%"", ""retorno"": ""−15,0%"", ""u"": ""−24,9%""}",CURY3,BRL,BRL,BRL,3.97207,4.67762,não inferida pela contagem ou pelo país,0.0991914,0.0,-0.248879
ETF_BOVA11,False,BR_CYRELA,,CYRELA REALT,0.00303,0.75152,"{""peso"": ""0,30%"", ""retorno"": ""+75,2%"", ""u"": ""+69,8%""}",CYRE3,BRL,BRL,BRL,4.27317,5.19945,não inferida pela contagem ou pelo país,0.0531053,0.0,0.698415
ETF_BOVA11,False,BR_DIRECIONAL,,DIRECIONAL,0.00129,0.160316,"{""peso"": ""0,13%"", ""retorno"": ""+16,0%"", ""u"": ""+6,8%""}",DIRR3,BRL,BRL,BRL,1.828,2.22667,não inferida pela contagem ou pelo país,0.0922042,0.0,0.0681121
ETF_BOVA11,False,BR_EMBRAER,,EMBRAER,0.02324,-0.29855,"{""peso"": ""2,32%"", ""retorno"": ""−29,9%"", ""u"": ""−30,3%""}",EMBJ3,BRL,USD,BRL,4.00987,4.95017,não inferida pela contagem ou pelo país,0.00405387,0.0,-0.302604
ETF_BOVA11,False,BR_ENERGISA,,ENERGISA,0.00797,-0.1511,"{""peso"": ""0,80%"", ""retorno"": ""−15,1%"", ""u"": ""−16,2%""}",ENGI11,BRL,BRL,BRL,1.945,2.19632,não inferida pela contagem ou pelo país,0.01071,0.0,-0.16181
ETF_BOVA11,True,BR_ENEVA,alvo da casa com confiança C: retorno top-down,ENEVA,0.0201,0.108568,"{""peso"": ""2,01%"", ""retorno"": ""+10,9%"", ""u"": null}",ENEV3,BRL,BRL,BRL,0.355,0.89155,não inferida pela contagem ou pelo país,,,
ETF_BOVA11,True,BR_ENGIE,alvo da casa com confiança C: retorno top-down,ENGIE BRASIL,0.00485,0.108568,"{""peso"": ""0,48%"", ""retorno"": ""+10,9%"", ""u"": null}",EGIE3,BRL,BRL,BRL,2.37088,2.56792,não inferida pela contagem ou pelo país,,,
ETF_BOVA11,False,BR_EQUATORIAL,,EQUATORIAL,0.02082,-0.447504,"{""peso"": ""2,08%"", ""retorno"": ""−44,8%"", ""u"": ""−45,4%""}",EQTL3,BRL,BRL,BRL,1.245,1.65,não inferida pela contagem ou pelo país,0.00600614,0.0,-0.45351
ETF_BOVA11,False,BR_FLEURY,,FLEURY,0.00391,-0.416125,"{""peso"": ""0,39%"", ""retorno"": ""−41,6%"", ""u"": ""−45,1%""}",FLRY3,BRL,BRL,BRL,1.45305,1.66797,não inferida pela contagem ou pelo país,0.0348557,0.0,-0.450981
ETF_BOVA11,False,BR_GERDAU,,GERDAU,0.01102,0.254048,"{""peso"": ""1,10%"", ""retorno"": ""+25,4%"", ""u"": ""+21,9%""}",GGBR4,BRL,BRL,BRL,2.71635,2.87377,não inferida pela contagem ou pelo país,0.0353527,0.0,0.218695
ETF_BOVA11,True,BR_GOAU,alvo da casa com confiança C: retorno top-down,GERDAU MET,0.00334,0.108568,"{""peso"": ""0,33%"", ""retorno"": ""+10,9%"", ""u"": null}",GOAU4,BRL,BRL,BRL,1.46,1.27,não inferida pela contagem ou pelo país,,,
ETF_BOVA11,True,BR_HAPVIDA,emissor em revisão ou sem preço-alvo,HAPVIDA,0.00086,0.108568,"{""peso"": ""0,09%"", ""retorno"": ""+10,9%"", ""u"": null}",HAPV3,BRL,BRL,BRL,0.5935,1.10118,não inferida pela contagem ou pelo país,,,
ETF_BOVA11,False,BR_HYPERA,,HYPERA,0.00277,-0.0125337,"{""peso"": ""0,28%"", ""retorno"": ""−1,3%"", ""u"": ""−5,6%""}",HYPE3,BRL,BRL,BRL,2.72261,3.20111,não inferida pela contagem ou pelo país,0.0437381,0.0,-0.0562718
ETF_BOVA11,True,BR_IGUATEMI,alvo da casa com confiança C: retorno top-down,IGUATEMI S.A,0.00242,0.108568,"{""peso"": ""0,24%"", ""retorno"": ""+10,9%"", ""u"": null}",IGTI11,BRL,BRL,BRL,1.8067,2.17933,não inferida pela contagem ou pelo país,,,
ETF_BOVA11,True,BR_ISAENERGIA,alvo da casa com confiança C: retorno top-down,ISA ENERGIA,0.0047,0.108568,"{""peso"": ""0,47%"", ""retorno"": ""+10,9%"", ""u"": null}",ISAE4,BRL,BRL,BRL,2.25333,3.0347,não inferida pela contagem ou pelo país,,,
ETF_BOVA11,False,BR_ITAUSA,,ITAUSA,0.0343,-0.0238823,"{""peso"": ""3,43%"", ""retorno"": ""−2,4%"", ""u"": ""−8,5%""}",ITSA4,BRL,BRL,BRL,1.73,1.895,não inferida pela contagem ou pelo país,0.0606598,0.0,-0.0845421
ETF_BOVA11,False,BR_ITAU,,ITAUUNIBANCO,0.09337,0.0380324,"{""peso"": ""9,34%"", ""retorno"": ""+3,8%"", ""u"": ""−2,4%""}",ITUB4,BRL,BRL,BRL,4.6015,5.0542,não inferida pela contagem ou pelo país,0.0616591,0.0,-0.0236267
ETF_BOVA11,True,BR_KLABIN,emissor em revisão ou sem preço-alvo,KLABIN S/A,0.00505,0.108568,"{""peso"": ""0,51%"", ""retorno"": ""+10,9%"", ""u"": null}",KLBN11,BRL,BRL,BRL,1.35477,1.71349,não inferida pela contagem ou pelo país,,,
ETF_BOVA11,False,BR_LOCALIZA,,LOCALIZA,0.01693,-0.199031,"{""peso"": ""1,69%"", ""retorno"": ""−19,9%"", ""u"": ""−24,5%""}",RENT3,BRL,BRL,BRL,3.99182,4.4193,não inferida pela contagem ou pelo país,0.0463,0.0,-0.245332
ETF_BOVA11,False,BR_RENNER,,LOJAS RENNER,0.00463,0.0120049,"{""peso"": ""0,46%"", ""retorno"": ""+1,2%"", ""u"": ""−4,4%""}",LREN3,BRL,BRL,BRL,1.58018,1.68418,não inferida pela contagem ou pelo país,0.0558956,0.0,-0.0438907
ETF_BOVA11,True,BR_MAGALU,alvo da casa com confiança C: retorno top-down,MAGAZ LUIZA,0.00125,0.108568,"{""peso"": ""0,12%"", ""retorno"": ""+10,9%"", ""u"": null}",MGLU3,BRL,BRL,BRL,0.625,0.81006,não inferida pela contagem ou pelo país,,,
ETF_BOVA11,False,BR_MARCOPOLO,,MARCOPOLO,0.00119,0.972799,"{""peso"": ""0,12%"", ""retorno"": ""+97,3%"", ""u"": ""+80,2%""}",POMO4,BRL,BRL,BRL,0.88883,0.94753,não inferida pela contagem ou pelo país,0.170798,0.0,0.802
ETF_BOVA11,True,BR_MBRF,alvo da casa com confiança C: retorno top-down,MARFRIG,0.00454,0.108568,"{""peso"": ""0,45%"", ""retorno"": ""+10,9%"", ""u"": null}",MBRF3,BRL,BRL,BRL,0.64388,1.62,não inferida pela contagem ou pelo país,,,
ETF_BOVA11,True,BR_MINERVA,emissor em revisão ou sem preço-alvo,MINERVA,0.00069,0.108568,"{""peso"": ""0,07%"", ""retorno"": ""+10,9%"", ""u"": null}",BEEF3,BRL,BRL,BRL,0.53798,0.60676,não inferida pela contagem ou pelo país,,,
ETF_BOVA11,False,BR_MOTIVA,,MOTIVA SA,0.00681,-0.284365,"{""peso"": ""0,68%"", ""retorno"": ""−28,4%"", ""u"": ""−29,6%""}",MOTV3,BRL,BRL,BRL,1.36163,1.49088,não inferida pela contagem ou pelo país,0.0112423,0.0,-0.295608
ETF_BOVA11,False,BR_MRV,,MRV,0.00083,-0.284592,"{""peso"": ""0,08%"", ""retorno"": ""−28,5%"", ""u"": ""−28,5%""}",MRVE3,BRL,BRL,BRL,1.46,1.71,não inferida pela contagem ou pelo país,0.0,0.0,-0.284592
ETF_BOVA11,False,BR_MULTIPLAN,,MULTIPLAN,0.00415,-0.310559,"{""peso"": ""0,41%"", ""retorno"": ""−31,1%"", ""u"": ""−33,4%""}",MULT3,BRL,BRL,BRL,2.61042,2.61018,não inferida pela contagem ou pelo país,0.0232238,0.0,-0.333783
ETF_BOVA11,True,BR_NATURA,alvo da casa com confiança C: retorno top-down,NATURA,0.00235,0.108568,"{""peso"": ""0,24%"", ""retorno"": ""+10,9%"", ""u"": null}",NATU3,BRL,BRL,BRL,0.37243,0.94444,não inferida pela contagem ou pelo país,,,
ETF_BOVA11,True,BR_PETROBRAS,alvo da casa com confiança C: retorno top-down,PETROBRAS,0.05022,0.108568,"{""peso"": ""5,02%"", ""retorno"": ""+10,9%"", ""u"": null}",PETR3,BRL,BRL,BRL,12.415,9.47965,não inferida pela contagem ou pelo país,,,
ETF_BOVA11,True,BR_PETROBRAS,alvo da casa com confiança C: retorno top-down,PETROBRAS,0.08231,0.108568,"{""peso"": ""8,23%"", ""retorno"": ""+10,9%"", ""u"": null}",PETR4,BRL,BRL,BRL,12.415,9.47965,não inferida pela contagem ou pelo país,,,
ETF_BOVA11,False,BR_PORTO,,PORTO SEGURO,0.00325,0.0657477,"{""peso"": ""0,33%"", ""retorno"": ""+6,6%"", ""u"": ""+2,0%""}",PSSA3,BRL,BRL,BRL,5.74454,6.19331,não inferida pela contagem ou pelo país,0.0461901,0.0,0.0195576
ETF_BOVA11,False,BR_PRIO,,PRIO,0.01622,0.304687,"{""peso"": ""1,62%"", ""retorno"": ""+30,5%"", ""u"": ""+30,5%""}",PRIO3,BRL,BRL,BRL,10.4993,9.90838,não inferida pela contagem ou pelo país,0.0,0.0,0.304687
ETF_BOVA11,True,BR_RAIADROGASIL,alvo da casa com confiança C: retorno top-down,RAIADROGASIL,0.00968,0.108568,"{""peso"": ""0,97%"", ""retorno"": ""+10,9%"", ""u"": null}",RADL3,BRL,BRL,BRL,0.9084,1.16295,não inferida pela contagem ou pelo país,,,
ETF_BOVA11,False,BR_REDEDOR,,REDE D OR,0.01595,-0.0279374,"{""peso"": ""1,59%"", ""retorno"": ""−2,8%"", ""u"": ""−8,0%""}",RDOR3,BRL,BRL,BRL,2.20432,2.68439,não inferida pela contagem ou pelo país,0.0521589,0.0,-0.0800963
ETF_BOVA11,True,BR_RUMO,emissor em revisão ou sem preço-alvo,RUMO S.A.,0.00891,0.108568,"{""peso"": ""0,89%"", ""retorno"": ""+10,9%"", ""u"": null}",RAIL3,BRL,BRL,BRL,1.06706,1.349,não inferida pela contagem ou pelo país,,,
ETF_BOVA11,True,BR_SABESP,alvo da casa com confiança C: retorno top-down,SABESP,0.03914,0.108568,"{""peso"": ""3,91%"", ""retorno"": ""+10,9%"", ""u"": null}",SBSP3,BRL,BRL,BRL,1.76735,2.41285,não inferida pela contagem ou pelo país,,,
ETF_BOVA11,False,BR_SANTANDER,,SANTANDER BR,0.00368,0.562746,"{""peso"": ""0,37%"", ""retorno"": ""+56,3%"", ""u"": ""+50,7%""}",SANB11,BRL,BRL,BRL,3.69162,4.37459,não inferida pela contagem ou pelo país,0.0555483,0.0,0.507198
ETF_BOVA11,True,BR_CSN,alvo da casa com confiança C: retorno top-down,SID NACIONAL,0.00159,0.108568,"{""peso"": ""0,16%"", ""retorno"": ""+10,9%"", ""u"": null}",CSNA3,BRL,BRL,BRL,-1.12084,-0.39799,não inferida pela contagem ou pelo país,,,
ETF_BOVA11,True,BR_SMARTFIT,alvo da casa com confiança C: retorno top-down,SMART FIT,0.00417,0.108568,"{""peso"": ""0,42%"", ""retorno"": ""+10,9%"", ""u"": null}",SMFT3,BRL,BRL,BRL,1.50223,2.0103,não inferida pela contagem ou pelo país,,,
ETF_BOVA11,True,BR_SUZANO,alvo da casa com confiança C: retorno top-down,SUZANO S.A.,0.0088,0.108568,"{""peso"": ""0,88%"", ""retorno"": ""+10,9%"", ""u"": null}",SUZB3,BRL,BRL,BRL,7.59333,7.27584,não inferida pela contagem ou pelo país,,,
ETF_BOVA11,False,BR_TAESA,,TAESA,0.00331,0.352234,"{""peso"": ""0,33%"", ""retorno"": ""+35,2%"", ""u"": ""+29,2%""}",TAEE11,BRL,BRL,BRL,3.01667,4.18635,não inferida pela contagem ou pelo país,0.0600391,0.0,0.292195
ETF_BOVA11,False,BR_VIVO,,TELEF BRASIL,0.00769,-0.0819306,"{""peso"": ""0,77%"", ""retorno"": ""−8,2%"", ""u"": ""−11,7%""}",VIVT3,BRL,BRL,BRL,2.42537,3.06275,não inferida pela contagem ou pelo país,0.0351755,0.0,-0.117106
ETF_BOVA11,False,BR_TENDA,,TENDA,0.00119,0.259991,"{""peso"": ""0,12%"", ""retorno"": ""+26,0%"", ""u"": ""+20,3%""}",TEND3,BRL,BRL,BRL,5.3539,6.82204,não inferida pela contagem ou pelo país,0.0568987,0.0,0.203092
ETF_BOVA11,False,BR_TIM,,TIM,0.00511,0.18207,"{""peso"": ""0,51%"", ""retorno"": ""+18,2%"", ""u"": ""+15,4%""}",TIMS3,BRL,BRL,BRL,1.83186,2.11212,não inferida pela contagem ou pelo país,0.0281837,0.0,0.153886
ETF_BOVA11,True,BR_TOTVS,alvo da casa com confiança C: retorno top-down,TOTVS,0.00688,0.108568,"{""peso"": ""0,69%"", ""retorno"": ""+10,9%"", ""u"": null}",TOTS3,BRL,BRL,BRL,1.793,2.10052,não inferida pela contagem ou pelo país,,,
ETF_BOVA11,False,BR_ULTRAPAR,,ULTRAPAR,0.01435,0.140199,"{""peso"": ""1,44%"", ""retorno"": ""+14,0%"", ""u"": ""+10,2%""}",UGPA3,BRL,BRL,BRL,4.44198,3.06412,não inferida pela contagem ou pelo país,0.038327,0.0,0.101872
ETF_BOVA11,True,BR_USIMINAS,alvo da casa com confiança C: retorno top-down,USIMINAS,0.00132,0.108568,"{""peso"": ""0,13%"", ""retorno"": ""+10,9%"", ""u"": null}",USIM5,BRL,BRL,BRL,1.45215,1.32833,não inferida pela contagem ou pelo país,,,
ETF_BOVA11,False,BR_VALE,,VALE,0.08997,-0.00307546,"{""peso"": ""9,00%"", ""retorno"": ""−0,3%"", ""u"": ""−12,6%""}",VALE3,BRL,USD,BRL,9.00597,9.4933,não inferida pela contagem ou pelo país,0.12279,0.0,-0.125866
ETF_BOVA11,True,BR_VAMOS,emissor em revisão ou sem preço-alvo,VAMOS,0.0011,0.108568,"{""peso"": ""0,11%"", ""retorno"": ""+10,9%"", ""u"": null}",VAMO3,BRL,BRL,BRL,0.40058,0.60747,não inferida pela contagem ou pelo país,,,
ETF_BOVA11,False,BR_VIBRA,,VIBRA,0.01561,0.336905,"{""peso"": ""1,56%"", ""retorno"": ""+33,7%"", ""u"": ""+31,5%""}",VBBR3,BRL,BRL,BRL,6.15723,3.44219,não inferida pela contagem ou pelo país,0.022193,0.0,0.314712
ETF_BOVA11,False,BR_VIVARA,,VIVARA S.A.,0.0012,0.106084,"{""peso"": ""0,12%"", ""retorno"": ""+10,6%"", ""u"": ""+4,7%""}",VIVA3,BRL,BRL,BRL,2.65597,3.12265,não inferida pela contagem ou pelo país,0.0591005,0.0,0.0469832
ETF_BOVA11,False,BR_WEG,,WEG,0.0257,-0.416493,"{""peso"": ""2,57%"", ""retorno"": ""−41,6%"", ""u"": ""−43,4%""}",WEGE3,BRL,BRL,BRL,1.5254,1.82752,não inferida pela contagem ou pelo país,0.0176659,0.0,-0.434159
ETF_BOVA11,True,BR_YDUQS,alvo da casa com confiança C: retorno top-down,YDUQS PART,0.00111,0.108568,"{""peso"": ""0,11%"", ""retorno"": ""+10,9%"", ""u"": null}",YDUQ3,BRL,BRL,BRL,1.7071,2.20102,não inferida pela contagem ou pelo país,,,
ETF_COLO,False,CO_CIBEST,,GRUPO CIBEST SA,0.155964,0.0641292,"{""peso"": ""15,60%"", ""retorno"": ""+6,4%"", ""u"": ""−1,6%""}",PFCIBEST CB,COP,USD,COP,8641.95,9372.77,não inferida pela contagem ou pelo país,0.0968438,-0.0151078,-0.0163913
ETF_COLO,True,CO_ECOPETROL,alvo da casa com confiança C: retorno top-down,ECOPETROL SA,0.0757713,0.108691,"{""peso"": ""7,58%"", ""retorno"": ""+10,9%"", ""u"": null}",ECOPETL CB,COP,USD,COP,383.861,305.095,não inferida pela contagem ou pelo país,,,
ETF_COLO,False,CO_ISA,,INTERCONEXION ELECTRICA SA,0.0756708,0.147825,"{""peso"": ""7,57%"", ""retorno"": ""+14,8%"", ""u"": ""+13,0%""}",ISA CB,COP,COP,COP,2519.32,2404.08,não inferida pela contagem ou pelo país,0.0349756,-0.0151078,0.130457
ETF_COLO,False,CO_CIBEST,,GRUPO CIBEST SA,0.066325,0.0641292,"{""peso"": ""6,63%"", ""retorno"": ""+6,4%"", ""u"": ""−1,6%""}",CIBEST CB,COP,USD,COP,8641.95,9372.77,não inferida pela contagem ou pelo país,0.0968438,-0.0151078,-0.0163913
ETF_COLO,True,,posição sem mapeamento,GRUPO ENERGIA BOGOTA SA ESP,0.0464275,0.108691,"{""peso"": ""4,64%"", ""retorno"": ""+10,9%"", ""u"": null}",GEB CB,,,,,,não inferida pela contagem ou pelo país,,,
ETF_COLO,True,,posição sem mapeamento,DAVIVIENDA GROUP SA,0.0456236,0.108691,"{""peso"": ""4,56%"", ""retorno"": ""+10,9%"", ""u"": null}",PFDAVIGR CB,,,,,,não inferida pela contagem ou pelo país,,,
ETF_COLO,False,CO_CEMARGOS,,CEMENTOS ARGOS SA,0.0443172,-0.257592,"{""peso"": ""4,43%"", ""retorno"": ""−25,8%"", ""u"": ""−26,1%""}",CEMARGOS CB,COP,COP,COP,472.174,562.96,não inferida pela contagem ou pelo país,0.0143322,-0.0151078,-0.260536
ETF_COLO,False,CO_SURA,,GRUPO DE INVERSIONES SURA,0.0405989,-0.0181207,"{""peso"": ""4,06%"", ""retorno"": ""−1,8%"", ""u"": ""−2,8%""}",PFGRUPSU CB,COP,COP,COP,7860.83,8002.35,não inferida pela contagem ou pelo país,0.0250053,-0.0151078,-0.0280644
ETF_COLO,False,CO_SURA,,GRUPO DE INV SURAMERICANA,0.0382876,-0.0181207,"{""peso"": ""3,83%"", ""retorno"": ""−1,8%"", ""u"": ""−2,8%""}",GRUPOSUR CB,COP,COP,COP,7860.83,8002.35,não inferida pela contagem ou pelo país,0.0250053,-0.0151078,-0.0280644
ETF_COLO,True,,posição sem mapeamento,PFAVAL,0.0354738,0.108691,"{""peso"": ""3,55%"", ""retorno"": ""+10,9%"", ""u"": null}",PFAVAL CB,,,,,,não inferida pela contagem ou pelo país,,,
ETF_COLO,False,CO_TECNOGLASS,,TECNOGLASS HOLDINGS INC,0.0303487,0.530299,"{""peso"": ""3,03%"", ""retorno"": ""+53,0%"", ""u"": ""+51,6%""}",TGLS,USD,USD,USD,2.574,3.404,não inferida pela contagem ou pelo país,0.0144558,0.0,0.515843
ETF_COLO,True,,posição sem mapeamento,MINEROS SA,0.0299467,0.108691,"{""peso"": ""2,99%"", ""retorno"": ""+10,9%"", ""u"": null}",MINEROS CB,,,,,,não inferida pela contagem ou pelo país,,,
ETF_COLO,True,CO_GRUPOARGOS,alvo da casa com confiança C: retorno top-down,GRUPO ARGOS SA,0.0296453,0.108691,"{""peso"": ""2,96%"", ""retorno"": ""+10,9%"", ""u"": null}",GRUPOARG CB,COP,COP,COP,527.9,667.0,não inferida pela contagem ou pelo país,,,
ETF_COLO,True,,posição sem mapeamento,CORP FINANCIERA COLOMBIANA,0.0287408,0.108691,"{""peso"": ""2,87%"", ""retorno"": ""+10,9%"", ""u"": null}",CORFICOL CB,,,,,,não inferida pela contagem ou pelo país,,,
ETF_COLO,True,,posição sem mapeamento,CELSIA SA,0.0262285,0.108691,"{""peso"": ""2,62%"", ""retorno"": ""+10,9%"", ""u"": null}",CELSIA CB,,,,,,não inferida pela contagem ou pelo país,,,
ETF_COLO,True,,posição sem mapeamento,PATRIMONIO AUTONOMO ESTRAT,0.0250226,0.108691,"{""peso"": ""2,50%"", ""retorno"": ""+10,9%"", ""u"": null}",PEI CB,,,,,,não inferida pela contagem ou pelo país,,,
ETF_COLO,True,LA_MILLICOM,alvo da casa com confiança C: retorno top-down,MILLICOM INTL CELLULAR S.A.,0.0244197,0.108691,"{""peso"": ""2,44%"", ""retorno"": ""+10,9%"", ""u"": null}",TIGO,USD,USD,USD,4.54402,7.04848,não inferida pela contagem ou pelo país,,,
ETF_COLO,True,CL_COPEC,alvo da casa com confiança C: retorno top-down,EMPRESAS COPEC SA,0.0238167,0.108691,"{""peso"": ""2,38%"", ""retorno"": ""+10,9%"", ""u"": null}",COPEC CI,CLP,USD,USD,625.919,563.856,não inferida pela contagem ou pelo país,,,
ETF_COLO,True,CO_GEOPARK,emissor em revisão ou sem preço-alvo,GEOPARK LTD,0.0236157,0.108691,"{""peso"": ""2,36%"", ""retorno"": ""+10,9%"", ""u"": null}",GPRK,USD,USD,USD,1.09333,1.78,não inferida pela contagem ou pelo país,,,
ETF_COLO,True,,posição sem mapeamento,PAREX RESOURCES INC,0.0228118,0.108691,"{""peso"": ""2,28%"", ""retorno"": ""+10,9%"", ""u"": null}",PXT CN,,,,,,não inferida pela contagem ou pelo país,,,
ETF_COLO,True,,posição sem mapeamento,ARIS MINING CORP,0.0216059,0.108691,"{""peso"": ""2,16%"", ""retorno"": ""+10,9%"", ""u"": null}",ARIS CN,,,,,,não inferida pela contagem ou pelo país,,,
ETF_COLO,True,,posição sem mapeamento,BROOKFIELD RENEWABLE CORP,0.0209024,0.108691,"{""peso"": ""2,09%"", ""retorno"": ""+10,9%"", ""u"": null}",BEPC CN,,,,,,não inferida pela contagem ou pelo país,,,
ETF_COLO,True,,posição sem mapeamento,BANCO DE BOGOTA,0.0190936,0.108691,"{""peso"": ""1,91%"", ""retorno"": ""+10,9%"", ""u"": null}",BOGOTA CB,,,,,,não inferida pela contagem ou pelo país,,,
ETF_COLO,True,,posição sem mapeamento,ORGANIZACION TERPEL SA,0.0182896,0.108691,"{""peso"": ""1,83%"", ""retorno"": ""+10,9%"", ""u"": null}",TERPEL CB,,,,,,não inferida pela contagem ou pelo país,,,
ETF_COLO,True,,posição sem mapeamento,ALMACENES EXITO SA,0.0180886,0.108691,"{""peso"": ""1,81%"", ""retorno"": ""+10,9%"", ""u"": null}",EXITO CB,,,,,,não inferida pela contagem ou pelo país,,,
ETF_COLO,True,CO_GRUPOARGOS,alvo da casa com confiança C: retorno top-down,GRUPO ARGOS SA/COLOMBIA,0.0129635,0.108691,"{""peso"": ""1,30%"", ""retorno"": ""+10,9%"", ""u"": null}",PFGRUPOA CB,COP,COP,COP,527.9,667.0,não inferida pela contagem ou pelo país,,,
ETF_ECH,False,CL_SQM,,SOCIEDAD QUIMICA Y MINERA DE CHILE,0.127613,0.105999,"{""peso"": ""12,76%"", ""retorno"": ""+10,6%"", ""u"": ""+10,6%""}",SQM.B,USD,USD,USD,7.52004,6.999,não inferida pela contagem ou pelo país,0.000220701,0.0,0.105779
ETF_ECH,False,CL_BCHILE,,BANCO DE CHILE,0.118412,-0.0913272,"{""peso"": ""11,84%"", ""retorno"": ""−9,1%"", ""u"": ""−11,6%""}",CHILE,CLP,CLP,CLP,12.7483,13.5905,não inferida pela contagem ou pelo país,0.0304275,-0.00660002,-0.115718
ETF_ECH,True,CL_LATAM,emissor em revisão ou sem preço-alvo,LATAM AIRLINES GROUP,0.114411,0.0982248,"{""peso"": ""11,44%"", ""retorno"": ""+9,8%"", ""u"": null}",LTM,USD,USD,USD,4.71757,6.40289,não inferida pela contagem ou pelo país,,,
ETF_ECH,False,CL_FALABELLA,,FALABELLA SACI,0.0530053,-0.200029,"{""peso"": ""5,30%"", ""retorno"": ""−20,0%"", ""u"": ""−20,1%""}",FALABELLA,CLP,CLP,CLP,368.136,405.236,não inferida pela contagem ou pelo país,0.00595316,-0.00660002,-0.200667
ETF_ECH,False,CL_BSAC,,BANCO SANTANDER CHILE,0.0442044,0.030149,"{""peso"": ""4,42%"", ""retorno"": ""+3,0%"", ""u"": ""+0,5%""}",BSANTANDER,CLP,CLP,CLP,6.31919,6.71154,não inferida pela contagem ou pelo país,0.0324176,-0.00660002,0.00457562
ETF_ECH,False,CL_ENELCHILE,,ENEL CHILE SA,0.0435044,0.436865,"{""peso"": ""4,35%"", ""retorno"": ""+43,7%"", ""u"": ""+40,5%""}",ENELCHILE,USD,CLP,USD,0.38887,0.336402,não inferida pela contagem ou pelo país,0.0323269,0.0,0.404539
ETF_ECH,True,CL_COPEC,alvo da casa com confiança C: retorno top-down,EMPRESAS COPEC SA,0.0434043,0.0982248,"{""peso"": ""4,34%"", ""retorno"": ""+9,8%"", ""u"": null}",COPEC,CLP,USD,USD,625.919,563.856,não inferida pela contagem ou pelo país,,,
ETF_ECH,False,CL_BCI,,BANCO DE CREDITO E INVERSION,0.0431043,0.0975666,"{""peso"": ""4,31%"", ""retorno"": ""+9,8%"", ""u"": ""+8,9%""}",BCI,CLP,CLP,CLP,5281.38,5707.18,não inferida pela contagem ou pelo país,0.0156294,-0.00660002,0.0892292
ETF_ECH,False,CL_PARAUCO,,PARQUE ARAUCO SA,0.0414041,-0.321264,"{""peso"": ""4,14%"", ""retorno"": ""−32,1%"", ""u"": ""−33,9%""}",PARAUCO,CLP,CLP,CLP,139.948,189.282,não inferida pela contagem ou pelo país,0.0218352,-0.00660002,-0.33859
ETF_ECH,False,CL_ANDINA,,EMBOTELLADORA ANDINA SERIES B,0.040304,0.195271,"{""peso"": ""4,03%"", ""retorno"": ""+19,5%"", ""u"": ""+16,9%""}",ANDINA.B,CLP,CLP,CLP,319.201,344.044,não inferida pela contagem ou pelo país,0.0339419,-0.00660002,0.16927
ETF_ECH,True,CL_CENCOSUD,alvo da casa com confiança C: retorno top-down,CENCOSUD,0.040004,0.0982248,"{""peso"": ""4,00%"", ""retorno"": ""+9,8%"", ""u"": null}",CENCOSUD,CLP,CLP,CLP,148.273,179.001,não inferida pela contagem ou pelo país,,,
ETF_ECH,False,CL_MALLPLAZA,,PLAZA SA,0.0288029,-0.0547882,"{""peso"": ""2,88%"", ""retorno"": ""−5,5%"", ""u"": ""−5,2%""}",MALLPLAZA,CLP,CLP,CLP,199.602,210.142,não inferida pela contagem ou pelo país,0.00326124,-0.00660002,-0.0517696
ETF_ECH,True,CL_COLBUN,alvo da casa com confiança C: retorno top-down,COLBUN MACHICURA SA,0.0268027,0.0982248,"{""peso"": ""2,68%"", ""retorno"": ""+9,8%"", ""u"": null}",COLBUN,CLP,USD,USD,9.7861,16.9495,não inferida pela contagem ou pelo país,,,
ETF_ECH,True,CL_CMPC,emissor em revisão ou sem preço-alvo,EMPRESAS CMPC SA,0.0244024,0.0982248,"{""peso"": ""2,44%"", ""retorno"": ""+9,8%"", ""u"": null}",CMPC,CLP,USD,USD,61.5448,82.2913,não inferida pela contagem ou pelo país,,,
ETF_ECH,True,,posição sem mapeamento,INVERSIONES LA CONSTRUCCION SA,0.0233023,0.0982248,"{""peso"": ""2,33%"", ""retorno"": ""+9,8%"", ""u"": null}",ILC,,,,,,não inferida pela contagem ou pelo país,,,
ETF_ECH,False,CL_ECL,,ENGIE ENERGIA CHILE SA,0.0228023,0.426538,"{""peso"": ""2,28%"", ""retorno"": ""+42,7%"", ""u"": ""+42,5%""}",ECL,CLP,USD,USD,282.153,260.095,não inferida pela contagem ou pelo país,0.0113471,-0.00660002,0.424669
ETF_ECH,True,,posição sem mapeamento,AGUAS ANDINAS SA,0.0221022,0.0982248,"{""peso"": ""2,21%"", ""retorno"": ""+9,8%"", ""u"": null}",AGUAS.A,,,,,,não inferida pela contagem ou pelo país,,,
ETF_ECH,True,,posição sem mapeamento,COMPANIA CERVECERIAS UNIDAS SA,0.0207021,0.0982248,"{""peso"": ""2,07%"", ""retorno"": ""+9,8%"", ""u"": null}",CCU,,,,,,não inferida pela contagem ou pelo país,,,
ETF_ECH,True,,posição sem mapeamento,EMPRESA NACIONAL DE TELECOMUNICACI,0.019702,0.0982248,"{""peso"": ""1,97%"", ""retorno"": ""+9,8%"", ""u"": null}",ENTEL,,,,,,não inferida pela contagem ou pelo país,,,
ETF_ECH,True,,posição sem mapeamento,RIPLEY CORPORATION CORP SA,0.0190019,0.0982248,"{""peso"": ""1,90%"", ""retorno"": ""+9,8%"", ""u"": null}",RIPLEY,,,,,,não inferida pela contagem ou pelo país,,,
ETF_ECH,True,,posição sem mapeamento,PAMPA INVESTMENTS SA,0.0178018,0.0982248,"{""peso"": ""1,78%"", ""retorno"": ""+9,8%"", ""u"": null}",PAMPA,,,,,,não inferida pela contagem ou pelo país,,,
ETF_ECH,True,,posição sem mapeamento,VINA CONCHA Y TORO INC,0.0170017,0.0982248,"{""peso"": ""1,70%"", ""retorno"": ""+9,8%"", ""u"": null}",CONCHATORO,,,,,,não inferida pela contagem ou pelo país,,,
ETF_ECH,True,,posição sem mapeamento,INVERSIONES AGUAS METROPOLITANAS S,0.0156016,0.0982248,"{""peso"": ""1,56%"", ""retorno"": ""+9,8%"", ""u"": null}",IAM,,,,,,não inferida pela contagem ou pelo país,,,
ETF_ECH,True,,posição sem mapeamento,SMU,0.0138014,0.0982248,"{""peso"": ""1,38%"", ""retorno"": ""+9,8%"", ""u"": null}",SMU,,,,,,não inferida pela contagem ou pelo país,,,
ETF_ECH,True,,posição sem mapeamento,CAP,0.0118012,0.0982248,"{""peso"": ""1,18%"", ""retorno"": ""+9,8%"", ""u"": null}",CAP,,,,,,não inferida pela contagem ou pelo país,,,
ETF_ECH,True,,posição sem mapeamento,COMPANIA SUDAMERICANA DE VAPORES S,0.00510051,0.0982248,"{""peso"": ""0,51%"", ""retorno"": ""+9,8%"", ""u"": null}",VAPORES,,,,,,não inferida pela contagem ou pelo país,,,
ETF_EPU,True,PE_SCCO,emissor em revisão ou sem preço-alvo,SOUTHERN COPPER CORP,0.2374,0.0582551,"{""peso"": ""23,74%"", ""retorno"": ""+5,8%"", ""u"": null}",SCCO,USD,USD,USD,7.78014,7.47228,não inferida pela contagem ou pelo país,,,
ETF_EPU,False,PE_CREDICORP,,CREDICORP LTD,0.2361,0.16609,"{""peso"": ""23,61%"", ""retorno"": ""+16,6%"", ""u"": ""+13,0%""}",BAP,USD,USD,PEN,29.7229,34.2425,não inferida pela contagem ou pelo país,0.0364577,0.0,0.129633
ETF_EPU,True,PE_BVN,alvo da casa com confiança C: retorno top-down,BUENAVENTURA ADR REPRESENTING,0.0413,0.0582551,"{""peso"": ""4,13%"", ""retorno"": ""+5,8%"", ""u"": null}",BVN,USD,USD,USD,4.16667,3.65206,não inferida pela contagem ou pelo país,,,
ETF_EPU,True,,posição sem mapeamento,HOCHSCHILD MINING PLC,0.0372,0.0582551,"{""peso"": ""3,72%"", ""retorno"": ""+5,8%"", ""u"": null}",HOC,,,,,,não inferida pela contagem ou pelo país,,,
ETF_EPU,True,,posição sem mapeamento,FERREYROS SAA,0.0303,0.0582551,"{""peso"": ""3,03%"", ""retorno"": ""+5,8%"", ""u"": null}",FERREYC1,,,,,,não inferida pela contagem ou pelo país,,,
ETF_EPU,True,,posição sem mapeamento,VOLCAN COMPANIA MINERA B PREF,0.0296,0.0582551,"{""peso"": ""2,96%"", ""retorno"": ""+5,8%"", ""u"": null}",VOLCABC1,,,,,,não inferida pela contagem ou pelo país,,,
ETF_EPU,True,,posição sem mapeamento,CERRO VERDE,0.0293,0.0582551,"{""peso"": ""2,93%"", ""retorno"": ""+5,8%"", ""u"": null}",CVERDEC1,,,,,,não inferida pela contagem ou pelo país,,,
ETF_EPU,True,,posição sem mapeamento,MMG LTD,0.0285,0.0582551,"{""peso"": ""2,85%"", ""retorno"": ""+5,8%"", ""u"": null}",1208,,,,,,não inferida pela contagem ou pelo país,,,
ETF_EPU,False,CO_ISA,,INTERCONEXION ELECTRICA SA,0.0283,0.147825,"{""peso"": ""2,83%"", ""retorno"": ""+14,8%"", ""u"": ""+13,0%""}",ISA,COP,COP,COP,2519.32,2404.08,não inferida pela contagem ou pelo país,0.0349756,-0.0151078,0.130457
ETF_EPU,False,PE_IFS,,INTERCORP FINANCIAL SERVICES INC,0.0277,0.661772,"{""peso"": ""2,77%"", ""retorno"": ""+66,2%"", ""u"": ""+63,8%""}",IFS,USD,PEN,PEN,5.94251,6.8133,não inferida pela contagem ou pelo país,0.023347,0.0,0.638425
ETF_EPU,True,,posição sem mapeamento,LAUREATE EDUCATION,0.0265,0.0582551,"{""peso"": ""2,65%"", ""retorno"": ""+5,8%"", ""u"": null}",LAUR,,,,,,não inferida pela contagem ou pelo país,,,
ETF_EPU,False,LA_FORTUNA,,FORTUNA MINING CORP,0.0263,0.0627094,"{""peso"": ""2,63%"", ""retorno"": ""+6,3%"", ""u"": ""+3,8%""}",FVI,USD,USD,USD,1.38806,1.71602,não inferida pela contagem ou pelo país,0.0247298,0.0,0.0379795
ETF_EPU,False,CL_FALABELLA,,FALABELLA SACI,0.0256,-0.200029,"{""peso"": ""2,56%"", ""retorno"": ""−20,0%"", ""u"": ""−20,1%""}",FALABELLA,CLP,CLP,CLP,368.136,405.236,não inferida pela contagem ou pelo país,0.00595316,-0.00660002,-0.200667
ETF_EPU,False,CL_PARAUCO,,PARQUE ARAUCO SA,0.0251,-0.321264,"{""peso"": ""2,51%"", ""retorno"": ""−32,1%"", ""u"": ""−33,9%""}",PARAUCO,CLP,CLP,CLP,139.948,189.282,não inferida pela contagem ou pelo país,0.0218352,-0.00660002,-0.33859
ETF_EPU,True,,posição sem mapeamento,WHEATON PRECIOUS METALS,0.0247,0.0582551,"{""peso"": ""2,47%"", ""retorno"": ""+5,8%"", ""u"": null}",WPM,,,,,,não inferida pela contagem ou pelo país,,,
ETF_EPU,False,LA_PAAS,,PAN AMERICAN SILVER,0.024,-0.418715,"{""peso"": ""2,40%"", ""retorno"": ""−41,9%"", ""u"": ""−43,7%""}",PAAS,USD,USD,USD,3.61677,4.58563,não inferida pela contagem ou pelo país,0.0181229,0.0,-0.436838
ETF_EPU,True,,posição sem mapeamento,TRIPLE FLAG PRECIOUS METALS,0.0217,0.0582551,"{""peso"": ""2,17%"", ""retorno"": ""+5,8%"", ""u"": null}",TFPM,,,,,,não inferida pela contagem ou pelo país,,,
ETF_EPU,True,,posição sem mapeamento,CEMENTOS PACASMAYO SAA,0.0211,0.0582551,"{""peso"": ""2,11%"", ""retorno"": ""+5,8%"", ""u"": null}",CPACASC1,,,,,,não inferida pela contagem ou pelo país,,,
ETF_EPU,True,,posição sem mapeamento,BANCO BBVA PERU SA,0.0206,0.0582551,"{""peso"": ""2,06%"", ""retorno"": ""+5,8%"", ""u"": null}",BBVAC1,,,,,,não inferida pela contagem ou pelo país,,,
ETF_EPU,True,,posição sem mapeamento,INRETAIL PERU CORP,0.02,0.0582551,"{""peso"": ""2,00%"", ""retorno"": ""+5,8%"", ""u"": null}",INRETC1,,,,,,não inferida pela contagem ou pelo país,,,
ETF_EPU,True,,posição sem mapeamento,EMPRESA NACIONAL DE TELECOMUNICACI,0.0142,0.0582551,"{""peso"": ""1,42%"", ""retorno"": ""+5,8%"", ""u"": null}",ENTEL,,,,,,não inferida pela contagem ou pelo país,,,
ETF_EPU,True,,posição sem mapeamento,AUNA SA CLASS A,0.01,0.0582551,"{""peso"": ""1,00%"", ""retorno"": ""+5,8%"", ""u"": null}",AUNA,,,,,,não inferida pela contagem ou pelo país,,,
ETF_EPU,True,,posição sem mapeamento,CORPORACION ACEROS AREQUIPA CLASS,0.0044,0.0582551,"{""peso"": ""0,44%"", ""retorno"": ""+5,8%"", ""u"": null}",CORAREI1,,,,,,não inferida pela contagem ou pelo país,,,
ETF_EPU,True,,posição sem mapeamento,CASA GRANDE,0.0043,0.0582551,"{""peso"": ""0,43%"", ""retorno"": ""+5,8%"", ""u"": null}",CASAGRC1,,,,,,não inferida pela contagem ou pelo país,,,
ETF_EPU,True,,posição sem mapeamento,INVERSIONES PORTUARIAS CHANCAY SHA,0.0039,0.0582551,"{""peso"": ""0,39%"", ""retorno"": ""+5,8%"", ""u"": null}",IPCHBC1,,,,,,não inferida pela contagem ou pelo país,,,
ETF_EWW,False,MX_GMEXICO,,GRUPO MEXICO B,0.165133,-0.238492,"{""peso"": ""16,51%"", ""retorno"": ""−23,8%"", ""u"": ""−26,0%""}",GMEXICOB,MXN,USD,USD,15.0545,14.307,não inferida pela contagem ou pelo país,0.0274831,-0.0084286,-0.259502
ETF_EWW,False,MX_BANORTE,,GPO FINANCE BANORTE,0.110322,0.396588,"{""peso"": ""11,03%"", ""retorno"": ""+39,7%"", ""u"": ""+33,2%""}",GFNORTEO,MXN,MXN,MXN,22.1243,23.7358,não inferida pela contagem ou pelo país,0.0769267,-0.0084286,0.331532
ETF_EWW,True,MX_FEMSA,alvo da casa com confiança C: retorno top-down,FOMENTO ECONOMICO MEXICANO,0.085017,0.0466038,"{""peso"": ""8,50%"", ""retorno"": ""+4,7%"", ""u"": null}",FEMSAUBD,MXN,USD,MXN,9.83109,9.32028,não inferida pela contagem ou pelo país,,,
ETF_EWW,True,MX_AMX,alvo da casa com confiança C: retorno top-down,AMERICA MOVIL B,0.0740148,0.0466038,"{""peso"": ""7,40%"", ""retorno"": ""+4,7%"", ""u"": null}",AMXB,MXN,MXN,MXN,1.68673,1.92911,não inferida pela contagem ou pelo país,,,
ETF_EWW,False,MX_CEMEX,,CEMEX CPO,0.0433087,0.0664551,"{""peso"": ""4,33%"", ""retorno"": ""+6,6%"", ""u"": ""+6,1%""}",CEMEXCPO,USD,USD,USD,0.80333,0.905,não inferida pela contagem ou pelo país,0.00537493,0.0,0.0610801
ETF_EWW,False,MX_WALMEX,,WALMART DE MEXICO V,0.0433087,-0.13382,"{""peso"": ""4,33%"", ""retorno"": ""−13,4%"", ""u"": ""−16,2%""}",WALMEX*,MXN,MXN,MXN,3.02899,3.19675,não inferida pela contagem ou pelo país,0.0351575,-0.0084286,-0.161615
ETF_EWW,False,MX_PENOLES,,INDUST PENOLES,0.0423085,0.0704734,"{""peso"": ""4,23%"", ""retorno"": ""+7,0%"", ""u"": ""+6,7%""}",PE&OLES*,MXN,MXN,USD,97.791,100.407,não inferida pela contagem ou pelo país,0.0127706,-0.0084286,0.066802
ETF_EWW,True,MX_GAP,emissor em revisão ou sem preço-alvo,GRUPO AEROPORTUARIO DEL PACIFICO,0.0358072,0.0466038,"{""peso"": ""3,58%"", ""retorno"": ""+4,7%"", ""u"": null}",GAPB,MXN,MXN,MXN,20.2266,23.6994,não inferida pela contagem ou pelo país,,,
ETF_EWW,False,MX_AC,,ARCA CONTINENTAL,0.0267053,-0.223545,"{""peso"": ""2,67%"", ""retorno"": ""−22,4%"", ""u"": ""−24,5%""}",AC*,MXN,MXN,MXN,12.53,13.91,não inferida pela contagem ou pelo país,0.027745,-0.0084286,-0.24469
ETF_EWW,True,MX_FUNO,emissor em revisão ou sem preço-alvo,FIBRA UNO ADMINISTRACION REIT,0.0236047,0.0466038,"{""peso"": ""2,36%"", ""retorno"": ""+4,7%"", ""u"": null}",FUNO11,MXN,MXN,MXN,2.77072,3.14493,não inferida pela contagem ou pelo país,,,
ETF_EWW,True,MX_CARSO,emissor em revisão ou sem preço-alvo,GRUPO CARSO SERIES A1,0.0220044,0.0466038,"{""peso"": ""2,20%"", ""retorno"": ""+4,7%"", ""u"": null}",GCARSOA1,MXN,MXN,MXN,4.75,5.81,não inferida pela contagem ou pelo país,,,
ETF_EWW,False,MX_FIBRAPL,,PROLOGIS PROPERTY MEXICO REIT,0.0218044,0.377832,"{""peso"": ""2,18%"", ""retorno"": ""+37,8%"", ""u"": ""+37,8%""}",FIBRAPL14,MXN,MXN,USD,3.3534,4.97667,não inferida pela contagem ou pelo país,0.011345,-0.0084286,0.378199
ETF_EWW,True,MX_KOF,alvo da casa com confiança C: retorno top-down,COCA-COLA FEMSA CLASS UBL UNITS,0.0214043,0.0466038,"{""peso"": ""2,14%"", ""retorno"": ""+4,7%"", ""u"": null}",KOFUBL,MXN,MXN,MXN,11.8692,12.8913,não inferida pela contagem ou pelo país,,,
ETF_EWW,True,MX_ASUR,alvo da casa com confiança C: retorno top-down,GRUPO AEROPORTUARIO DEL SURESTE B,0.0206041,0.0466038,"{""peso"": ""2,06%"", ""retorno"": ""+4,7%"", ""u"": null}",ASURB,MXN,MXN,MXN,36.6897,39.8901,não inferida pela contagem ou pelo país,,,
ETF_EWW,False,MX_BIMBO,,GRUPO BIMBO A,0.0195039,0.0938302,"{""peso"": ""1,95%"", ""retorno"": ""+9,4%"", ""u"": ""+8,6%""}",BIMBOA,MXN,MXN,MXN,3.06957,3.34684,não inferida pela contagem ou pelo país,0.0171205,-0.0084286,0.0860075
ETF_EWW,False,MX_SIGMA,,ALFA A,0.0189038,-0.24266,"{""peso"": ""1,89%"", ""retorno"": ""−24,3%"", ""u"": ""−25,4%""}",SIGMAFA,MXN,MXN,MXN,1.07675,1.15175,não inferida pela contagem ou pelo país,0.0173226,-0.0084286,-0.253545
ETF_EWW,False,MX_INBURSA,,GRUPO FINANCIERO INBURSA SRIES O,0.0178036,0.400684,"{""peso"": ""1,78%"", ""retorno"": ""+40,1%"", ""u"": ""+41,3%""}",GFINBURO,MXN,MXN,MXN,4.91132,5.66806,não inferida pela contagem ou pelo país,0.0,-0.0084286,0.41259
ETF_EWW,True,MX_OMA,alvo da casa com confiança C: retorno top-down,GRUPO AEROPORTUARIO DEL CENTRO NOR,0.0166033,0.0466038,"{""peso"": ""1,66%"", ""retorno"": ""+4,7%"", ""u"": null}",OMAB,MXN,MXN,MXN,16.1793,19.215,não inferida pela contagem ou pelo país,,,
ETF_EWW,False,MX_KIMBER,,KIMBERLY-CLARK DE MEXICO CLASS A,0.0162032,0.182245,"{""peso"": ""1,62%"", ""retorno"": ""+18,2%"", ""u"": ""+14,1%""}",KIMBERA,MXN,MXN,MXN,2.65092,2.76092,não inferida pela contagem ou pelo país,0.0513845,-0.0084286,0.14091
ETF_EWW,True,MX_VESTA,alvo da casa com confiança C: retorno top-down,CORPORACION INMOBILIARIA VESTA,0.0154031,0.0466038,"{""peso"": ""1,54%"", ""retorno"": ""+4,7%"", ""u"": null}",VESTA*,USD,MXN,USD,2.59617,1.76376,não inferida pela contagem ou pelo país,,,
ETF_EWW,False,MX_PINFRA,,PROMOTORA Y OPERADORA DE INFRAESTR,0.0142028,0.454281,"{""peso"": ""1,42%"", ""retorno"": ""+45,4%"", ""u"": ""+45,8%""}",PINFRA*,MXN,MXN,MXN,20.9618,20.8436,não inferida pela contagem ou pelo país,0.00897164,-0.0084286,0.457671
ETF_EWW,True,MX_FMTY,emissor em revisão ou sem preço-alvo,FIBRA MTY SAPI REIT,0.0140028,0.0466038,"{""peso"": ""1,40%"", ""retorno"": ""+4,7%"", ""u"": null}",FMTY14,MXN,MXN,MXN,1.1689,1.3918,não inferida pela contagem ou pelo país,,,
ETF_EWW,False,MX_BAJIO,,BANCO DEL BAJIO INSTITUCION DE BAN,0.0124025,0.565884,"{""peso"": ""1,24%"", ""retorno"": ""+56,6%"", ""u"": ""+50,4%""}",BBAJIOO,MXN,MXN,MXN,7.21239,8.00624,não inferida pela contagem ou pelo país,0.0750843,-0.0084286,0.50411
ETF_EWW,False,MX_GENTERA,,GENTERA SAB DE CV,0.0117023,0.903817,"{""peso"": ""1,17%"", ""retorno"": ""+90,4%"", ""u"": ""+87,1%""}",GENTERA*,MXN,MXN,MXN,5.87024,6.50688,não inferida pela contagem ou pelo país,0.0488568,-0.0084286,0.871144
ETF_EWW,False,MX_GRUMA,,GRUMA,0.0108022,0.801432,"{""peso"": ""1,08%"", ""retorno"": ""+80,1%"", ""u"": ""+80,0%""}",GRUMAB,MXN,MXN,USD,24.3091,24.5195,não inferida pela contagem ou pelo país,0.0164569,-0.0084286,0.800288
ETF_EWW,False,MX_REGIONAL,,REGIONAL SAB DE CV,0.0108022,0.850459,"{""peso"": ""1,08%"", ""retorno"": ""+85,0%"", ""u"": ""+81,0%""}",RA,MXN,MXN,MXN,19.6634,22.0245,não inferida pela contagem ou pelo país,0.0562696,-0.0084286,0.809919
ETF_EWW,False,MX_GCC,,GRUPO CEMENTOS,0.00960192,0.10493,"{""peso"": ""0,96%"", ""retorno"": ""+10,5%"", ""u"": ""+10,6%""}",GCC*,MXN,USD,USD,16.9617,19.509,não inferida pela contagem ou pelo país,0.00827334,-0.0084286,0.106049
ETF_EWW,False,MX_QUALITAS,,QUALITAS CONTROLADORA,0.0095019,0.211935,"{""peso"": ""0,95%"", ""retorno"": ""+21,2%"", ""u"": ""+14,4%""}",Q*,MXN,MXN,MXN,13.5949,15.5807,não inferida pela contagem ou pelo país,0.0779338,-0.0084286,0.144303
ETF_EWW,False,MX_MEGACABLE,,MEGACABLE HOLDINGS CPO,0.00830166,0.329077,"{""peso"": ""0,83%"", ""retorno"": ""+32,9%"", ""u"": ""+25,7%""}",MEGACPO,MXN,MXN,MXN,4.19451,5.13743,não inferida pela contagem ou pelo país,0.0832737,-0.0084286,0.257101
ETF_EWW,False,MX_ALSEA,,ALSEA DE CV,0.00830166,-0.0920071,"{""peso"": ""0,83%"", ""retorno"": ""−9,2%"", ""u"": ""−9,8%""}",ALSEA*,MXN,MXN,MXN,3.10936,3.91008,não inferida pela contagem ou pelo país,0.0135681,-0.0084286,-0.097857
ETF_EWW,True,MX_ALPEK,alvo da casa com confiança C: retorno top-down,ALPEK SA DE CV,0.00830166,0.0466038,"{""peso"": ""0,83%"", ""retorno"": ""+4,7%"", ""u"": null}",ALPEKA,MXN,MXN,MXN,1.69145,0.63059,não inferida pela contagem ou pelo país,,,
ETF_EWW,True,MX_ORBIA,alvo da casa com confiança C: retorno top-down,ORBIA ADVANCE CORP SA DE CV,0.00690138,0.0466038,"{""peso"": ""0,69%"", ""retorno"": ""+4,7%"", ""u"": null}",ORBIA*,MXN,USD,USD,0.171535,1.30036,não inferida pela contagem ou pelo país,,,
ETF_EWW,True,MX_TELEVISA,alvo da casa com confiança C: retorno top-down,GRUPO TELEVISA,0.00640128,0.0466038,"{""peso"": ""0,64%"", ""retorno"": ""+4,7%"", ""u"": null}",TLEVISACPO,MXN,MXN,MXN,0.497188,0.501554,não inferida pela contagem ou pelo país,,,
ETF_EWW,False,MX_BMV,,BOLSA MEXICANA DE VALORES,0.00620124,0.158256,"{""peso"": ""0,62%"", ""retorno"": ""+15,8%"", ""u"": ""+11,1%""}",BOLSAA,MXN,MXN,MXN,3.08863,3.31806,não inferida pela contagem ou pelo país,0.057496,-0.0084286,0.110605
ETF_EWW,True,,posição sem mapeamento,CONTROLADORA VUELA COMPANIA DE AVI,0.00490098,0.0466038,"{""peso"": ""0,49%"", ""retorno"": ""+4,7%"", ""u"": null}",VOLARA,,,,,,não inferida pela contagem ou pelo país,,,
ETF_EWW,True,MX_GENOMMA,alvo da casa com confiança C: retorno top-down,GENOMMA LAB INTERNATIONAL,0.00410082,0.0466038,"{""peso"": ""0,41%"", ""retorno"": ""+4,7%"", ""u"": null}",LABB,MXN,MXN,MXN,1.89255,1.97502,não inferida pela contagem ou pelo país,,,
ETF_EWW,True,,posição sem mapeamento,FIBRA DANHOS REIT,0.0040008,0.0466038,"{""peso"": ""0,40%"", ""retorno"": ""+4,7%"", ""u"": null}",DANHOS13,,,,,,não inferida pela contagem ou pelo país,,,
ETF_EWW,True,,posição sem mapeamento,LA COMER UBC,0.00390078,0.0466038,"{""peso"": ""0,39%"", ""retorno"": ""+4,7%"", ""u"": null}",LACOMERUBC,,,,,,não inferida pela contagem ou pelo país,,,
ETF_EWW,True,,posição sem mapeamento,MACQUARIE MEXICO REAL ESTATE MANAG,0.00010002,0.0466038,"{""peso"": ""0,01%"", ""retorno"": ""+4,7%"", ""u"": null}",FIBRAMQ12,,,,,,não inferida pela contagem ou pelo país,,,
ETF_EWZ,False,BR_NU,,NU HOLDINGS CLASS A,0.0863,-0.427745,"{""peso"": ""8,63%"", ""retorno"": ""−42,8%"", ""u"": ""−45,1%""}",NU,USD,USD,USD,0.85675,1.10072,não inferida pela contagem ou pelo país,0.0234719,0.0,-0.451217
ETF_EWZ,False,BR_ITAU,,ITAU UNIBANCO HOLDING PREF SA,0.0863,0.0291835,"{""peso"": ""8,63%"", ""retorno"": ""+2,9%"", ""u"": ""−2,4%""}",ITUB4,BRL,BRL,BRL,4.6015,5.0542,não inferida pela contagem ou pelo país,0.0616591,-0.00852465,-0.0236267
ETF_EWZ,False,BR_VALE,,CIA VALE DO RIO DOCE SH,0.0808,-0.0115739,"{""peso"": ""8,08%"", ""retorno"": ""−1,2%"", ""u"": ""−12,6%""}",VALE3,BRL,USD,BRL,9.00597,9.4933,não inferida pela contagem ou pelo país,0.12279,-0.00852465,-0.125866
ETF_EWZ,True,BR_PETROBRAS,alvo da casa com confiança C: retorno top-down,PETROLEO BRASILEIRO PREF SA,0.074,0.113714,"{""peso"": ""7,40%"", ""retorno"": ""+11,4%"", ""u"": null}",PETR4,BRL,BRL,BRL,12.415,9.47965,não inferida pela contagem ou pelo país,,,
ETF_EWZ,True,BR_PETROBRAS,alvo da casa com confiança C: retorno top-down,PETROLEO BRASILEIRO SA PETROBRAS,0.0689,0.113714,"{""peso"": ""6,89%"", ""retorno"": ""+11,4%"", ""u"": null}",PETR3,BRL,BRL,BRL,12.415,9.47965,não inferida pela contagem ou pelo país,,,
ETF_EWZ,False,BR_BRADESCO,,BANCO BRADESCO PREF,0.0422,0.336018,"{""peso"": ""4,22%"", ""retorno"": ""+33,6%"", ""u"": ""+25,7%""}",BBDC4,BRL,BRL,BRL,2.64375,2.92283,não inferida pela contagem ou pelo país,0.0903304,-0.00852465,0.257175
ETF_EWZ,False,BR_B3,,B3 BRASIL BOLSA BALCAO SA,0.0414,-0.28225,"{""peso"": ""4,14%"", ""retorno"": ""−28,2%"", ""u"": ""−29,9%""}",B3SA3,BRL,BRL,BRL,1.20165,1.30324,não inferida pela contagem ou pelo país,0.0226214,-0.00852465,-0.2987
ETF_EWZ,False,BR_BTG,,BCO BTG PACTUAL UNT SA,0.033,-0.197713,"{""peso"": ""3,30%"", ""retorno"": ""−19,8%"", ""u"": ""−21,2%""}",BPAC11,BRL,BRL,BRL,5.32189,6.07132,não inferida pela contagem ou pelo país,0.021363,-0.00852465,-0.212178
ETF_EWZ,True,BR_AXIA,alvo da casa com confiança C: retorno top-down,AXIA ENERGIA SA,0.0317,0.113714,"{""peso"": ""3,17%"", ""retorno"": ""+11,4%"", ""u"": null}",AXIA3,BRL,BRL,BRL,3.885,5.95978,não inferida pela contagem ou pelo país,,,
ETF_EWZ,False,BR_WEG,,WEG,0.0295,-0.421467,"{""peso"": ""2,95%"", ""retorno"": ""−42,1%"", ""u"": ""−43,4%""}",WEGE3,BRL,BRL,BRL,1.5254,1.82752,não inferida pela contagem ou pelo país,0.0176659,-0.00852465,-0.434159
ETF_EWZ,True,BR_SABESP,alvo da casa com confiança C: retorno top-down,COMPANHIA DE SANEAMENTO BASICO DE,0.0276,0.113714,"{""peso"": ""2,76%"", ""retorno"": ""+11,4%"", ""u"": null}",SBSP3,BRL,BRL,BRL,1.76735,2.41285,não inferida pela contagem ou pelo país,,,
ETF_EWZ,False,BR_AMBEV,,AMBEV SA,0.0268,-0.0277356,"{""peso"": ""2,68%"", ""retorno"": ""−2,8%"", ""u"": ""−6,8%""}",ABEV3,BRL,BRL,BRL,1.04641,1.12489,não inferida pela contagem ou pelo país,0.0485241,-0.00852465,-0.0679002
ETF_EWZ,False,BR_ITAUSA,,ITAUSA INVESTIMENTOS ITAU PREF SA,0.0265,-0.0322034,"{""peso"": ""2,65%"", ""retorno"": ""−3,2%"", ""u"": ""−8,5%""}",ITSA4,BRL,BRL,BRL,1.73,1.895,não inferida pela contagem ou pelo país,0.0606598,-0.00852465,-0.0845421
ETF_EWZ,False,BR_EMBRAER,,EMBRAER,0.0233,-0.304529,"{""peso"": ""2,33%"", ""retorno"": ""−30,5%"", ""u"": ""−30,3%""}",EMBJ3,BRL,USD,BRL,4.00987,4.95017,não inferida pela contagem ou pelo país,0.00405387,-0.00852465,-0.302604
ETF_EWZ,False,BR_EQUATORIAL,,EQUATORIAL SA,0.0205,-0.452213,"{""peso"": ""2,05%"", ""retorno"": ""−45,2%"", ""u"": ""−45,4%""}",EQTL3,BRL,BRL,BRL,1.245,1.65,não inferida pela contagem ou pelo país,0.00600614,-0.00852465,-0.45351
ETF_EWZ,False,BR_XP,,XP CLASS A INC,0.0204,-0.0288456,"{""peso"": ""2,04%"", ""retorno"": ""−2,9%"", ""u"": ""−3,6%""}",XP,USD,BRL,BRL,2.16792,2.47302,não inferida pela contagem ou pelo país,0.00680891,0.0,-0.0356545
ETF_EWZ,False,BR_PRIO,,PETRO RIO,0.0181,0.293565,"{""peso"": ""1,81%"", ""retorno"": ""+29,4%"", ""u"": ""+30,5%""}",PRIO3,BRL,BRL,BRL,10.4993,9.90838,não inferida pela contagem ou pelo país,0.0,-0.00852465,0.304687
ETF_EWZ,False,BR_LOCALIZA,,LOCALIZA RENT A CAR,0.0165,-0.205859,"{""peso"": ""1,65%"", ""retorno"": ""−20,6%"", ""u"": ""−24,5%""}",RENT3,BRL,BRL,BRL,3.99182,4.4193,não inferida pela contagem ou pelo país,0.0463,-0.00852465,-0.245332
ETF_EWZ,False,BR_BB,,BANCO DO BRASIL SA,0.015,0.855638,"{""peso"": ""1,50%"", ""retorno"": ""+85,6%"", ""u"": ""+80,1%""}",BBAS3,BRL,BRL,BRL,2.97711,4.29933,não inferida pela contagem ou pelo país,0.0704113,-0.00852465,0.801181
ETF_EWZ,False,BR_VIBRA,,VIBRA ENERGIA SA,0.015,0.325508,"{""peso"": ""1,50%"", ""retorno"": ""+32,6%"", ""u"": ""+31,5%""}",VBBR3,BRL,BRL,BRL,6.15723,3.44219,não inferida pela contagem ou pelo país,0.022193,-0.00852465,0.314712
ETF_EWZ,False,BR_REDEDOR,,REDE DOR SAO LUIZ SA,0.0129,-0.0362239,"{""peso"": ""1,29%"", ""retorno"": ""−3,6%"", ""u"": ""−8,0%""}",RDOR3,BRL,BRL,BRL,2.20432,2.68439,não inferida pela contagem ou pelo país,0.0521589,-0.00852465,-0.0800963
ETF_EWZ,False,BR_GERDAU,,GERDAU PREF SA,0.0123,0.243357,"{""peso"": ""1,23%"", ""retorno"": ""+24,3%"", ""u"": ""+21,9%""}",GGBR4,BRL,BRL,BRL,2.71635,2.87377,não inferida pela contagem ou pelo país,0.0353527,-0.00852465,0.218695
ETF_EWZ,False,BR_COPEL,,CIA PARANAENSE DE ENERGIA COPEL,0.0116,-0.201371,"{""peso"": ""1,16%"", ""retorno"": ""−20,1%"", ""u"": ""−21,6%""}",CPLE3,BRL,BRL,BRL,0.90983,1.06248,não inferida pela contagem ou pelo país,0.0215946,-0.00852465,-0.216099
ETF_EWZ,False,BR_ULTRAPAR,,ULTRAPAR PARTICIPOES SA,0.011,0.130479,"{""peso"": ""1,10%"", ""retorno"": ""+13,0%"", ""u"": ""+10,2%""}",UGPA3,BRL,BRL,BRL,4.44198,3.06412,não inferida pela contagem ou pelo país,0.038327,-0.00852465,0.101872
ETF_EWZ,True,BR_SUZANO,alvo da casa com confiança C: retorno top-down,SUZANO SA,0.0105,0.113714,"{""peso"": ""1,05%"", ""retorno"": ""+11,4%"", ""u"": null}",SUZB3,BRL,BRL,BRL,7.59333,7.27584,não inferida pela contagem ou pelo país,,,
ETF_EWZ,False,BR_BRADESCO,,BANCO BRADESCO,0.0104,0.336018,"{""peso"": ""1,04%"", ""retorno"": ""+33,6%"", ""u"": ""+25,7%""}",BBDC3,BRL,BRL,BRL,2.64375,2.92283,não inferida pela contagem ou pelo país,0.0903304,-0.00852465,0.257175
ETF_EWZ,True,BR_RAIADROGASIL,alvo da casa com confiança C: retorno top-down,RAIA DROGASIL,0.0103,0.113714,"{""peso"": ""1,03%"", ""retorno"": ""+11,4%"", ""u"": null}",RADL3,BRL,BRL,BRL,0.9084,1.16295,não inferida pela contagem ou pelo país,,,
ETF_EWZ,False,BR_BBSEG,,BB SEGURIDADE SA,0.0102,0.0374545,"{""peso"": ""1,02%"", ""retorno"": ""+3,7%"", ""u"": ""−3,7%""}",BBSE3,BRL,BRL,BRL,4.41498,4.38376,não inferida pela contagem ou pelo país,0.0835488,-0.00852465,-0.0371743
ETF_EWZ,True,BR_ENEVA,alvo da casa com confiança C: retorno top-down,ENEVA,0.0096,0.113714,"{""peso"": ""0,96%"", ""retorno"": ""+11,4%"", ""u"": null}",ENEV3,BRL,BRL,BRL,0.355,0.89155,não inferida pela contagem ou pelo país,,,
ETF_EWZ,False,BR_VIVO,,TELEFONICA BRASIL SA,0.0094,-0.0897569,"{""peso"": ""0,94%"", ""retorno"": ""−9,0%"", ""u"": ""−11,7%""}",VIVT3,BRL,BRL,BRL,2.42537,3.06275,não inferida pela contagem ou pelo país,0.0351755,-0.00852465,-0.117106
ETF_EWZ,True,BR_RUMO,emissor em revisão ou sem preço-alvo,RUMO SA,0.0087,0.113714,"{""peso"": ""0,87%"", ""retorno"": ""+11,4%"", ""u"": null}",RAIL3,BRL,BRL,BRL,1.06706,1.349,não inferida pela contagem ou pelo país,,,
ETF_EWZ,True,BR_JBS,emissor em revisão ou sem preço-alvo,JBS N V NV CLASS A,0.0081,0.113714,"{""peso"": ""0,81%"", ""retorno"": ""+11,4%"", ""u"": null}",JBS,BRL,BRL,BRL,4.34114,7.06888,não inferida pela contagem ou pelo país,,,
ETF_EWZ,False,BR_CEMIG,,CIA ENERGETICA DE MINAS GERAIS PRE,0.0079,0.507603,"{""peso"": ""0,79%"", ""retorno"": ""+50,8%"", ""u"": ""+47,3%""}",CMIG4,BRL,BRL,BRL,1.20746,1.16578,não inferida pela contagem ou pelo país,0.0476096,-0.00852465,0.472956
ETF_EWZ,False,BR_MOTIVA,,MOTIVA INFRAESTRUTURA DE MOBILIDAD,0.0078,-0.290466,"{""peso"": ""0,78%"", ""retorno"": ""−29,0%"", ""u"": ""−29,6%""}",MOTV3,BRL,BRL,BRL,1.36163,1.49088,não inferida pela contagem ou pelo país,0.0112423,-0.00852465,-0.295608
ETF_EWZ,False,BR_ENERGISA,,ENERGISA UNITS,0.0078,-0.158336,"{""peso"": ""0,78%"", ""retorno"": ""−15,8%"", ""u"": ""−16,2%""}",ENGI11,BRL,BRL,BRL,1.945,2.19632,não inferida pela contagem ou pelo país,0.01071,-0.00852465,-0.16181
ETF_EWZ,False,BR_TIM,,TIM,0.0061,0.171993,"{""peso"": ""0,61%"", ""retorno"": ""+17,2%"", ""u"": ""+15,4%""}",TIMS3,BRL,BRL,BRL,1.83186,2.11212,não inferida pela contagem ou pelo país,0.0281837,-0.00852465,0.153886
ETF_EWZ,True,BR_KLABIN,emissor em revisão ou sem preço-alvo,KLABIN UNITS SA,0.0058,0.113714,"{""peso"": ""0,58%"", ""retorno"": ""+11,4%"", ""u"": null}",KLBN11,BRL,BRL,BRL,1.35477,1.71349,não inferida pela contagem ou pelo país,,,
ETF_EWZ,True,BR_ENGIE,alvo da casa com confiança C: retorno top-down,ENGIE BRASIL ENERGIA SA,0.0052,0.113714,"{""peso"": ""0,52%"", ""retorno"": ""+11,4%"", ""u"": null}",EGIE3,BRL,BRL,BRL,2.37088,2.56792,não inferida pela contagem ou pelo país,,,
ETF_EWZ,True,,posição sem mapeamento,AXIA ENERGIA PRF SA,0.0052,0.113714,"{""peso"": ""0,52%"", ""retorno"": ""+11,4%"", ""u"": null}",AXIA7,,,,,,não inferida pela contagem ou pelo país,,,
ETF_EWZ,False,BR_CXSEG,,CAIXA SEGURIDADE PARTICIPACOES SA,0.0051,-0.154121,"{""peso"": ""0,51%"", ""retorno"": ""−15,4%"", ""u"": ""−20,9%""}",CXSE3,BRL,BRL,BRL,1.56886,1.71641,não inferida pela contagem ou pelo país,0.0619638,-0.00852465,-0.208812
ETF_EWZ,True,BR_AURA,emissor em revisão ou sem preço-alvo,AURA MINERALS INC,0.0051,0.113714,"{""peso"": ""0,51%"", ""retorno"": ""+11,4%"", ""u"": null}",AUGO,USD,USD,USD,6.0158,8.12634,não inferida pela contagem ou pelo país,,,
ETF_EWZ,False,BR_CPFL,,CPFL ENERGIA,0.0048,0.342453,"{""peso"": ""0,48%"", ""retorno"": ""+34,2%"", ""u"": ""+30,7%""}",CPFE3,BRL,BRL,BRL,4.30941,4.0042,não inferida pela contagem ou pelo país,0.0466851,-0.00852465,0.30731
ETF_EWZ,False,BR_PORTO,,PORTO SEGURO SA,0.0036,0.0566625,"{""peso"": ""0,36%"", ""retorno"": ""+5,7%"", ""u"": ""+2,0%""}",PSSA3,BRL,BRL,BRL,5.74454,6.19331,não inferida pela contagem ou pelo país,0.0461901,-0.00852465,0.0195576
ETF_EWZ,False,BR_ITAU,,ITAU UNIBANCO HOLDING SA,0.0036,0.0291835,"{""peso"": ""0,36%"", ""retorno"": ""+2,9%"", ""u"": ""−2,4%""}",ITUB3,BRL,BRL,BRL,4.6015,5.0542,não inferida pela contagem ou pelo país,0.0616591,-0.00852465,-0.0236267
ETF_EWZ,True,BR_MBRF,alvo da casa com confiança C: retorno top-down,MARFRIG GLOBAL FOODS SA,0.0035,0.113714,"{""peso"": ""0,35%"", ""retorno"": ""+11,4%"", ""u"": null}",MBRF3,BRL,BRL,BRL,0.64388,1.62,não inferida pela contagem ou pelo país,,,
ETF_ILF,False,BR_NU,,NU HOLDINGS CLASS A,0.0839252,-0.427745,"{""peso"": ""8,39%"", ""retorno"": ""−42,8%"", ""u"": ""−45,1%""}",NU,USD,USD,USD,0.85675,1.10072,não inferida pela contagem ou pelo país,0.0234719,0.0,-0.451217
ETF_ILF,False,BR_ITAU,,ITAU UNIBANCO HOLDING ADR REP PRE,0.0773232,0.0291835,"{""peso"": ""7,73%"", ""retorno"": ""+2,9%"", ""u"": ""−2,4%""}",ITUB,BRL,BRL,BRL,4.6015,5.0542,não inferida pela contagem ou pelo país,0.0616591,-0.00852465,-0.0236267
ETF_ILF,False,BR_VALE,,VALE ADR REPRESENTING ONE,0.0677203,-0.0115739,"{""peso"": ""6,77%"", ""retorno"": ""−1,2%"", ""u"": ""−12,6%""}",VALE,BRL,USD,BRL,9.00597,9.4933,não inferida pela contagem ou pelo país,0.12279,-0.00852465,-0.125866
ETF_ILF,True,BR_PETROBRAS,alvo da casa com confiança C: retorno top-down,PETROLEO BRASILEIRO ADR REPTG PRE,0.0671201,0.0886924,"{""peso"": ""6,71%"", ""retorno"": ""+8,9%"", ""u"": null}",PBR A,BRL,BRL,BRL,12.415,9.47965,não inferida pela contagem ou pelo país,,,
ETF_ILF,True,BR_PETROBRAS,alvo da casa com confiança C: retorno top-down,PETROLEO BRASILEIRO ADR REPTG SA,0.0623187,0.0886924,"{""peso"": ""6,23%"", ""retorno"": ""+8,9%"", ""u"": null}",PBR,BRL,BRL,BRL,12.415,9.47965,não inferida pela contagem ou pelo país,,,
ETF_ILF,False,MX_GMEXICO,,GRUPO MEXICO B,0.0570171,-0.238492,"{""peso"": ""5,70%"", ""retorno"": ""−23,8%"", ""u"": ""−26,0%""}",GMEXICOB,MXN,USD,USD,15.0545,14.307,não inferida pela contagem ou pelo país,0.0274831,-0.0084286,-0.259502
ETF_ILF,False,PE_CREDICORP,,CREDICORP LTD,0.036811,0.16609,"{""peso"": ""3,68%"", ""retorno"": ""+16,6%"", ""u"": ""+13,0%""}",BAP,USD,USD,PEN,29.7229,34.2425,não inferida pela contagem ou pelo país,0.0364577,0.0,0.129633
ETF_ILF,False,MX_BANORTE,,GPO FINANCE BANORTE,0.036811,0.396588,"{""peso"": ""3,68%"", ""retorno"": ""+39,7%"", ""u"": ""+33,2%""}",GFNORTEO,MXN,MXN,MXN,22.1243,23.7358,não inferida pela contagem ou pelo país,0.0769267,-0.0084286,0.331532
ETF_ILF,False,BR_BRADESCO,,BANCO BRADESCO ADR REPTG PREF,0.0355107,0.336018,"{""peso"": ""3,55%"", ""retorno"": ""+33,6%"", ""u"": ""+25,7%""}",BBD,BRL,BRL,BRL,2.64375,2.92283,não inferida pela contagem ou pelo país,0.0903304,-0.00852465,0.257175
ETF_ILF,False,BR_B3,,B3 BRASIL BOLSA BALCAO SA,0.0324097,-0.28225,"{""peso"": ""3,24%"", ""retorno"": ""−28,2%"", ""u"": ""−29,9%""}",B3SA3,BRL,BRL,BRL,1.20165,1.30324,não inferida pela contagem ou pelo país,0.0226214,-0.00852465,-0.2987
ETF_ILF,True,MX_AMX,alvo da casa com confiança C: retorno top-down,AMERICA MOVIL B,0.0283085,0.0886924,"{""peso"": ""2,83%"", ""retorno"": ""+8,9%"", ""u"": null}",AMXB,MXN,MXN,MXN,1.68673,1.92911,não inferida pela contagem ou pelo país,,,
ETF_ILF,True,MX_FEMSA,alvo da casa com confiança C: retorno top-down,FOMENTO ECONOMICO MEXICANO,0.0277083,0.0886924,"{""peso"": ""2,77%"", ""retorno"": ""+8,9%"", ""u"": null}",FEMSAUBD,MXN,USD,MXN,9.83109,9.32028,não inferida pela contagem ou pelo país,,,
ETF_ILF,False,BR_ITAUSA,,ITAUSA INVESTIMENTOS ITAU PREF SA,0.0275083,-0.0322034,"{""peso"": ""2,75%"", ""retorno"": ""−3,2%"", ""u"": ""−8,5%""}",ITSA4,BRL,BRL,BRL,1.73,1.895,não inferida pela contagem ou pelo país,0.0606598,-0.00852465,-0.0845421
ETF_ILF,True,PE_SCCO,emissor em revisão ou sem preço-alvo,SOUTHERN COPPER CORP,0.026708,0.0886924,"{""peso"": ""2,67%"", ""retorno"": ""+8,9%"", ""u"": null}",SCCO,USD,USD,USD,7.78014,7.47228,não inferida pela contagem ou pelo país,,,
ETF_ILF,False,BR_WEG,,WEG,0.0217065,-0.421467,"{""peso"": ""2,17%"", ""retorno"": ""−42,1%"", ""u"": ""−43,4%""}",WEGE3,BRL,BRL,BRL,1.5254,1.82752,não inferida pela contagem ou pelo país,0.0176659,-0.00852465,-0.434159
ETF_ILF,True,BR_SABESP,alvo da casa com confiança C: retorno top-down,COMPANHIA DE SANEAMENTO BASICO DE,0.0214064,0.0886924,"{""peso"": ""2,14%"", ""retorno"": ""+8,9%"", ""u"": null}",SBSP3,BRL,BRL,BRL,1.76735,2.41285,não inferida pela contagem ou pelo país,,,
ETF_ILF,False,MX_CEMEX,,CEMEX CPO,0.0213064,0.0664551,"{""peso"": ""2,13%"", ""retorno"": ""+6,6%"", ""u"": ""+6,1%""}",CEMEXCPO,USD,USD,USD,0.80333,0.905,não inferida pela contagem ou pelo país,0.00537493,0.0,0.0610801
ETF_ILF,False,BR_BB,,BANCO DO BRASIL SA,0.020006,0.855638,"{""peso"": ""2,00%"", ""retorno"": ""+85,6%"", ""u"": ""+80,1%""}",BBAS3,BRL,BRL,BRL,2.97711,4.29933,não inferida pela contagem ou pelo país,0.0704113,-0.00852465,0.801181
ETF_ILF,False,BR_AMBEV,,AMBEV ADR REPRESENTING ONE SA,0.0190057,-0.0277356,"{""peso"": ""1,90%"", ""retorno"": ""−2,8%"", ""u"": ""−6,8%""}",ABEV,BRL,BRL,BRL,1.04641,1.12489,não inferida pela contagem ou pelo país,0.0485241,-0.00852465,-0.0679002
ETF_ILF,False,MX_WALMEX,,WALMART DE MEXICO V,0.0182055,-0.13382,"{""peso"": ""1,82%"", ""retorno"": ""−13,4%"", ""u"": ""−16,2%""}",WALMEX*,MXN,MXN,MXN,3.02899,3.19675,não inferida pela contagem ou pelo país,0.0351575,-0.0084286,-0.161615
ETF_ILF,True,BR_AXIA,alvo da casa com confiança C: retorno top-down,AXIA ENERGIA SA,0.0170051,0.0886924,"{""peso"": ""1,70%"", ""retorno"": ""+8,9%"", ""u"": null}",AXIA3,BRL,BRL,BRL,3.885,5.95978,não inferida pela contagem ou pelo país,,,
ETF_ILF,False,CL_FALABELLA,,FALABELLA SACI,0.0155047,-0.200029,"{""peso"": ""1,55%"", ""retorno"": ""−20,0%"", ""u"": ""−20,1%""}",FALABELLA,CLP,CLP,CLP,368.136,405.236,não inferida pela contagem ou pelo país,0.00595316,-0.00660002,-0.200667
ETF_ILF,False,CO_CIBEST,,GRUPO CIBEST AMERICAN DEPOSITARY S,0.0148044,0.0641292,"{""peso"": ""1,48%"", ""retorno"": ""+6,4%"", ""u"": ""−1,6%""}",CIB,COP,USD,COP,8641.95,9372.77,não inferida pela contagem ou pelo país,0.0968438,-0.0151078,-0.0163913
ETF_ILF,False,CL_BCHILE,,BANCO DE CHILE,0.0136041,-0.0913272,"{""peso"": ""1,36%"", ""retorno"": ""−9,1%"", ""u"": ""−11,6%""}",CHILE,CLP,CLP,CLP,12.7483,13.5905,não inferida pela contagem ou pelo país,0.0304275,-0.00660002,-0.115718
ETF_ILF,False,CL_SQM,,SOCIEDAD QUIMICA Y MINERA DE CHILE,0.013304,0.105999,"{""peso"": ""1,33%"", ""retorno"": ""+10,6%"", ""u"": ""+10,6%""}",SQM,USD,USD,USD,7.52004,6.999,não inferida pela contagem ou pelo país,0.000220701,0.0,0.105779
ETF_ILF,False,BR_REDEDOR,,REDE DOR SAO LUIZ SA,0.0131039,-0.0362239,"{""peso"": ""1,31%"", ""retorno"": ""−3,6%"", ""u"": ""−8,0%""}",RDOR3,BRL,BRL,BRL,2.20432,2.68439,não inferida pela contagem ou pelo país,0.0521589,-0.00852465,-0.0800963
ETF_ILF,True,CL_LATAM,emissor em revisão ou sem preço-alvo,LATAM AIRLINES GROUP,0.0127038,0.0886924,"{""peso"": ""1,27%"", ""retorno"": ""+8,9%"", ""u"": null}",LTM,USD,USD,USD,4.71757,6.40289,não inferida pela contagem ou pelo país,,,
ETF_ILF,False,BR_LOCALIZA,,LOCALIZA RENT A CAR,0.0122037,-0.205859,"{""peso"": ""1,22%"", ""retorno"": ""−20,6%"", ""u"": ""−24,5%""}",RENT3,BRL,BRL,BRL,3.99182,4.4193,não inferida pela contagem ou pelo país,0.0463,-0.00852465,-0.245332
ETF_ILF,True,MX_GAP,emissor em revisão ou sem preço-alvo,GRUPO AEROPORTUARIO DEL PACIFICO A,0.0120036,0.0886924,"{""peso"": ""1,20%"", ""retorno"": ""+8,9%"", ""u"": null}",PAC,MXN,MXN,MXN,20.2266,23.6994,não inferida pela contagem ou pelo país,,,
ETF_ILF,True,LA_MILLICOM,alvo da casa com confiança C: retorno top-down,MILLICOM INTERNATIONAL CELLULAR,0.0117035,0.0886924,"{""peso"": ""1,17%"", ""retorno"": ""+8,9%"", ""u"": null}",TIGO,USD,USD,USD,4.54402,7.04848,não inferida pela contagem ou pelo país,,,
ETF_ILF,False,BR_GERDAU,,GERDAU SA ADR REPRESENTING PREF,0.00910273,0.243357,"{""peso"": ""0,91%"", ""retorno"": ""+24,3%"", ""u"": ""+21,9%""}",GGB,BRL,BRL,BRL,2.71635,2.87377,não inferida pela contagem ou pelo país,0.0353527,-0.00852465,0.218695
ETF_ILF,False,MX_AC,,ARCA CONTINENTAL,0.00750225,-0.223545,"{""peso"": ""0,75%"", ""retorno"": ""−22,4%"", ""u"": ""−24,5%""}",AC*,MXN,MXN,MXN,12.53,13.91,não inferida pela contagem ou pelo país,0.027745,-0.0084286,-0.24469
ETF_ILF,False,CL_BSAC,,BANCO SANTANDER CHILE ADR REPRESEN,0.0070021,0.030149,"{""peso"": ""0,70%"", ""retorno"": ""+3,0%"", ""u"": ""+0,5%""}",BSAC,CLP,CLP,CLP,6.31919,6.71154,não inferida pela contagem ou pelo país,0.0324176,-0.00660002,0.00457562
ETF_ILF,False,MX_BIMBO,,GRUPO BIMBO A,0.00670201,0.0938302,"{""peso"": ""0,67%"", ""retorno"": ""+9,4%"", ""u"": ""+8,6%""}",BIMBOA,MXN,MXN,MXN,3.06957,3.34684,não inferida pela contagem ou pelo país,0.0171205,-0.0084286,0.0860075
ETF_ILF,True,MX_FUNO,emissor em revisão ou sem preço-alvo,FIBRA UNO ADMINISTRACION REIT,0.00660198,0.0886924,"{""peso"": ""0,66%"", ""retorno"": ""+8,9%"", ""u"": null}",FUNO11,MXN,MXN,MXN,2.77072,3.14493,não inferida pela contagem ou pelo país,,,
ETF_ILF,False,BR_VIVO,,TELEFONICA BRASIL ADS REPRESENTING,0.00640192,-0.0897569,"{""peso"": ""0,64%"", ""retorno"": ""−9,0%"", ""u"": ""−11,7%""}",VIV,BRL,BRL,BRL,2.42537,3.06275,não inferida pela contagem ou pelo país,0.0351755,-0.00852465,-0.117106
ETF_ILF,True,MX_CARSO,emissor em revisão ou sem preço-alvo,GRUPO CARSO SERIES A1,0.00610183,0.0886924,"{""peso"": ""0,61%"", ""retorno"": ""+8,9%"", ""u"": null}",GCARSOA1,MXN,MXN,MXN,4.75,5.81,não inferida pela contagem ou pelo país,,,
ETF_ILF,True,CO_ECOPETROL,alvo da casa com confiança C: retorno top-down,ECOPETROL ADR REPRESENTING SA,0.00590177,0.0886924,"{""peso"": ""0,59%"", ""retorno"": ""+8,9%"", ""u"": null}",EC,COP,USD,COP,383.861,305.095,não inferida pela contagem ou pelo país,,,
ETF_ILF,False,CO_ISA,,INTERCONEXION ELECTRICA SA,0.00570171,0.147825,"{""peso"": ""0,57%"", ""retorno"": ""+14,8%"", ""u"": ""+13,0%""}",ISA,COP,COP,COP,2519.32,2404.08,não inferida pela contagem ou pelo país,0.0349756,-0.0151078,0.130457
ETF_ILF,True,CL_COPEC,alvo da casa com confiança C: retorno top-down,EMPRESAS COPEC SA,0.00350105,0.0886924,"{""peso"": ""0,35%"", ""retorno"": ""+8,9%"", ""u"": null}",COPEC,CLP,USD,USD,625.919,563.856,não inferida pela contagem ou pelo país,,,
ETF_ILF,True,CL_CENCOSUD,alvo da casa com confiança C: retorno top-down,CENCOSUD,0.00310093,0.0886924,"{""peso"": ""0,31%"", ""retorno"": ""+8,9%"", ""u"": null}",CENCOSUD,CLP,CLP,CLP,148.273,179.001,não inferida pela contagem ou pelo país,,,
