ticker,instrument_type,currency,previous_price,current_price,observed_at,source,adjustment_criteria,is_synthetic
IBOV,index,POINTS,135000.00,136350.00,2026-09-18T17:15:00-03:00,B3_SIMULADO,SEM_AJUSTE,True
USD/BRL,currency,BRL_PER_USD,5.4500,5.4150,2026-09-18T17:15:00-03:00,BACEN_SIMULADO,SEM_AJUSTE,True
PETR4,equity,BRL,38.50,39.65,2026-09-18T17:15:00-03:00,B3_SIMULADO,EX_DIV_SPLIT,True
VALE3,equity,BRL,62.00,60.80,2026-09-18T17:15:00-03:00,B3_SIMULADO,EX_DIV_SPLIT,True
ITUB4,equity,BRL,34.00,34.85,2026-09-18T17:15:00-03:00,B3_SIMULADO,EX_DIV_SPLIT,True
BBDC4,equity,BRL,14.20,14.45,2026-09-18T17:15:00-03:00,B3_SIMULADO,EX_DIV_SPLIT,True
MGLU3,equity,BRL,10.50,9.95,2026-09-18T17:15:00-03:00,B3_SIMULADO,EX_DIV_SPLIT,True
WEGE3,equity,BRL,52.00,53.20,2026-09-18T17:15:00-03:00,B3_SIMULADO,EX_DIV_SPLIT,True
VIVT3,equity,BRL,54.00,54.25,2026-09-18T17:15:00-03:00,B3_SIMULADO,EX_DIV_SPLIT,True
