issuer_id,name,country,sector,side,weight,notional_usd,execution_ticker,line_type,currency,price_local,shares,adtv_usd,pct_adtv,days_to_liquidate,squeeze_score,squeeze_bucket,borrow_fee_annual,alpha_annual,alpha_z,view_score,risk_contribution,beta,data_notice
BR_PETROBRAS,Petrobras,BR,Energy,LONG,0.033736240625572005,33736.240625572005,PBR,ADR,USD,25.375,1330,412291689.70529264,8.182614752600706e-05,0.0031634078191594747,18.241023523856704,LOW,,0.06298929817068447,2.278360061301964,,0.07488831982844764,1.0736229946244948,"Dados reais (Yahoo Finance, B3, FINRA, BCB); carteira simulada com execução hipotética."
MX_GENOMMA,Genomma Lab,MX,Consumer Staples,LONG,0.02772757659014162,27727.57659014162,LABB.MX,LOCAL,MXN,12.81,39724,2619008.0019135876,0.010587053025375397,0.3557287503853536,32.57641760228734,NA,,0.08158436315611658,2.564438088860862,,0.06523440196879549,0.3796584734681708,"Dados reais (Yahoo Finance, B3, FINRA, BCB); carteira simulada com execução hipotética."
BR_PAGS,PagSeguro Digital,BR,Financials,LONG,0.022747205030758916,22747.205030758916,PAGS,US_LISTED,USD,10.84,2098,31321804.535766993,0.0007262418423173362,0.02637846132028295,38.188666936921926,LOW,,0.062299685183609094,0.8009433379973732,1.0,0.07621470799994179,1.5756738980904852,"Dados reais (Yahoo Finance, B3, FINRA, BCB); carteira simulada com execução hipotética."
BR_SUZANO,Suzano,BR,Materials,LONG,0.018992585423755967,18992.58542375597,SUZB3.SA,LOCAL,BRL,42.38,2236,58235335.09221119,0.0003261350757865936,0.013861752669156206,14.691823493129139,LOW,,0.03723912573537419,0.08721437841372329,,0.03668901836552068,0.8024685610896569,"Dados reais (Yahoo Finance, B3, FINRA, BCB); carteira simulada com execução hipotética."
MX_AEROMEXICO,Grupo Aeroméxico,MX,Industrials,LONG,0.017492951738485148,17492.951738485146,AERO,ADR,USD,15.57,1124,4749291.046451318,0.00368327642323709,0.13383691599659486,18.452124591127927,LOW,,0.06605000968297325,0.9184370592174956,,0.034058078849507865,0.6230400611591683,"Dados reais (Yahoo Finance, B3, FINRA, BCB); carteira simulada com execução hipotética."
BR_TENDA,Tenda,BR,Consumer Discretionary,LONG,0.016213129079296056,16213.129079296055,TEND3.SA,LOCAL,BRL,30.68,2637,21479844.454386495,0.000754806633433749,0.025662816784633086,27.407008835924245,LOW,,0.09896456666391855,2.210548797371222,,0.07463740140437894,1.4749909652822313,"Dados reais (Yahoo Finance, B3, FINRA, BCB); carteira simulada com execução hipotética."
BR_RIACHUELO,Riachuelo (ex-Guararapes),BR,Consumer Discretionary,LONG,0.013127746444632655,13127.746444632654,RIAA3.SA,LOCAL,BRL,9.87,6636,2533218.214409303,0.0051822406652376725,0.27263908946830856,70.0,HIGH,,0.10245094008020766,2.265242784927739,,0.03953696896954031,1.562708405290446,"Dados reais (Yahoo Finance, B3, FINRA, BCB); carteira simulada com execução hipotética."
BR_BBSEG,BB Seguridade,BR,Financials,LONG,0.011774851853493945,11774.851853493945,BBSE3.SA,LOCAL,BRL,41.26,1424,49440150.913181104,0.0002381637522541357,0.008991483478487647,30.050499324655345,LOW,,0.027490003596991684,1.3256645432890926,,0.009544060957435653,1.0326937607625297,"Dados reais (Yahoo Finance, B3, FINRA, BCB); carteira simulada com execução hipotética."
BR_ISAENERGIA,ISA Energia Brasil,BR,Utilities,LONG,0.010696886180621873,10696.886180621872,ISAE4.SA,LOCAL,BRL,29.72,1796,22509784.67243423,0.0004752105067322752,0.02932496959530527,38.266919755914174,LOW,,0.03111594453500347,1.0920872491687699,1.0,0.01115976621370501,1.2731467704318846,"Dados reais (Yahoo Finance, B3, FINRA, BCB); carteira simulada com execução hipotética."
LA_FORTUNA,Fortuna Mining,LATAM,Materials,LONG,0.009985603240924824,9985.603240924824,FSM,US_LISTED,USD,10.78,926,59072496.29641742,0.00016903980476495322,0.007246609494822281,22.63398826584397,LOW,,0.017383929630204867,0.5181903125699985,,0.006452796946420889,1.1239813649191923,"Dados reais (Yahoo Finance, B3, FINRA, BCB); carteira simulada com execução hipotética."
AR_CEPU,Central Puerto,AR,Utilities,LONG,0.00956567443477218,9565.67443477218,CEPU,ADR,USD,12.56,762,3235448.5134610506,0.0029565219149599474,0.12455911661053141,7.9276563125094,LOW,,0.0350999698062808,1.8854934111955342,,0.004577491257133573,0.8976514826488622,"Dados reais (Yahoo Finance, B3, FINRA, BCB); carteira simulada com execução hipotética."
CO_GEOPARK,GeoPark,CO,Energy,LONG,0.008036837290027429,8036.837290027429,GPRK,US_LISTED,USD,11.45,702,7928081.163336567,0.0010137178371979597,0.03403230856668815,18.508235294117643,LOW,,0.041469902523745314,0.6579290159303538,,0.010059700709247459,0.5687417229557801,"Dados reais (Yahoo Finance, B3, FINRA, BCB); carteira simulada com execução hipotética."
CL_SQM,SQM,CL,Materials,LONG,0.007655095777609537,7655.095777609537,SQM,ADR,USD,64.38,119,69583978.31274001,0.00011001233277011382,0.004978038838723699,6.844730724409522,LOW,,0.021695446335021656,1.0763336821981166,,0.004600282624722521,0.5558995703688278,"Dados reais (Yahoo Finance, B3, FINRA, BCB); carteira simulada com execução hipotética."
BR_PORTO,Porto Seguro,BR,Financials,LONG,0.007445850440321962,7445.850440321961,PSSA3.SA,LOCAL,BRL,53.67,692,17226316.44007032,0.000432236947824904,0.019177142453650837,21.255612523505718,LOW,,0.027885137900329343,0.23384418679597174,,0.006370422114138044,1.1450267880937859,"Dados reais (Yahoo Finance, B3, FINRA, BCB); carteira simulada com execução hipotética."
BR_CURY,Cury,BR,Consumer Discretionary,LONG,0.007329423199370734,7329.423199370734,CURY3.SA,LOCAL,BRL,33.04,1107,24047140.659672294,0.0003047939587953746,0.010315570914843645,25.8746132269874,LOW,,0.055481537519950115,1.3125332335192066,,0.01124882674988363,1.418446453470774,"Dados reais (Yahoo Finance, B3, FINRA, BCB); carteira simulada com execução hipotética."
MX_VISTA,Vista Energy,AR,Energy,LONG,0.007079607298263756,7079.607298263755,VIST,ADR,USD,67.96,104,73092121.93087956,9.6858691624231e-05,0.0038941077536880473,10.163170586434138,LOW,,0.007728390090251436,1.6514599901964886,,0.001284666500138667,0.15242554252522508,"Dados reais (Yahoo Finance, B3, FINRA, BCB); carteira simulada com execução hipotética."
CL_LATAM,LATAM Airlines Group,CL,Industrials,LONG,0.007060115446819295,7060.115446819294,LTM,ADR,USD,49.295,143,39584570.02963613,0.00017835523896138155,0.007495076421815602,13.001124197776875,LOW,,0.021984469071003602,1.0208265352213461,,0.0023749757468129328,0.543550663025859,"Dados reais (Yahoo Finance, B3, FINRA, BCB); carteira simulada com execução hipotética."
BR_CXSEG,Caixa Seguridade,BR,Financials,LONG,0.006310779872453327,6310.779872453328,CXSE3.SA,LOCAL,BRL,21.24,1482,26860600.282527294,0.00023494560084565434,0.0110517710819493,32.471792888761044,LOW,,0.020105435113850798,1.0085699822552832,,0.003409784002483801,1.064316503033027,"Dados reais (Yahoo Finance, B3, FINRA, BCB); carteira simulada com execução hipotética."
BR_VTEX,VTEX,BR,Information Technology,LONG,0.006276131170545904,6276.131170545904,VTEX,US_LISTED,USD,3.935,1595,3099855.4886206132,0.0020246528244897903,0.09389380598279938,29.053965329135703,LOW,,0.07897660752963297,0.8341646494768507,,0.015851089215328757,0.8789893744968068,"Dados reais (Yahoo Finance, B3, FINRA, BCB); carteira simulada com execução hipotética."
BR_PICPAY,PicPay (PicS N.V.),BR,Financials,LONG,0.00615983583377543,6159.835833775431,PICS,US_LISTED,USD,12.74,484,5281362.046048696,0.001166334703068496,0.06262988699988412,26.612702938328226,LOW,,0.0800730444649492,-0.15192212296311278,,0.021600982084806302,2.1082925408138404,"Dados reais (Yahoo Finance, B3, FINRA, BCB); carteira simulada com execução hipotética."
BR_HYPERA,Hypera,BR,Health Care,LONG,0.006010696470453906,6010.696470453906,HYPE3.SA,LOCAL,BRL,26.69,1124,15676508.475059336,0.0003834206118037489,0.015430045915872395,16.884408791131563,LOW,,0.035294437370758346,1.2699003782269893,,0.006638644989807613,1.3328973169314113,"Dados reais (Yahoo Finance, B3, FINRA, BCB); carteira simulada com execução hipotética."
BR_GERDAU,Gerdau,BR,Materials,LONG,0.00585167689121728,5851.67689121728,GGB,ADR,USD,5.1,1147,62807437.71785706,9.316853391638303e-05,0.003682669029448536,14.128000987979865,LOW,,0.01736460663274054,0.46720885639496595,,0.004347005863289876,1.1511375083805937,"Dados reais (Yahoo Finance, B3, FINRA, BCB); carteira simulada com execução hipotética."
BR_VALE,Vale,BR,Materials,LONG,0.005818540092385762,5818.540092385761,VALE,ADR,USD,13.475,432,411772063.55647254,1.4130487731807422e-05,0.0005810090411318197,9.407490154660842,LOW,,0.008366089666277443,0.4088187607370027,,0.0025812630901345572,1.2432535585277047,"Dados reais (Yahoo Finance, B3, FINRA, BCB); carteira simulada com execução hipotética."
BR_PINE,Banco Pine,BR,Financials,LONG,0.005547863428930527,5547.863428930526,PINE4.SA,LOCAL,BRL,15.3,1809,2492217.4541880675,0.0022260751844136125,0.11994500693210208,70.0,HIGH,,0.06429572979167388,0.6113599943349826,,0.010123580999947365,1.4561715935300295,"Dados reais (Yahoo Finance, B3, FINRA, BCB); carteira simulada com execução hipotética."
BR_ALUPAR,Alupar,BR,Utilities,LONG,0.005114023571665935,5114.0235716659345,ALUP11.SA,LOCAL,BRL,40.47,631,7065055.115578826,0.0007238476541236371,0.037275660051744375,24.52120834050773,LOW,,0.030877092858432303,0.7959670837070226,,0.00278661281951179,1.2839243138277698,"Dados reais (Yahoo Finance, B3, FINRA, BCB); carteira simulada com execução hipotética."
BR_MARCOPOLO,Marcopolo,BR,Industrials,LONG,0.004912691039735598,4912.691039735598,POMO4.SA,LOCAL,BRL,4.95,4952,13658917.510278832,0.00035966913454441897,0.01175221083793836,22.05442689117352,LOW,,0.046817991496350755,0.26957519600996677,,0.006366092559108213,1.3377774406186789,"Dados reais (Yahoo Finance, B3, FINRA, BCB); carteira simulada com execução hipotética."
AR_BBVA,BBVA Argentina,AR,Financials,LONG,0.004718768559402819,4718.768559402819,BBAR,ADR,USD,12.7,372,10041366.985906726,0.00046993288523621457,0.030155970712656095,10.947479827546946,LOW,,0.017427490238328396,0.8590516716167621,,0.0003754786959326812,1.1727232634030207,"Dados reais (Yahoo Finance, B3, FINRA, BCB); carteira simulada com execução hipotética."
BR_JBS,JBS N.V.,BR,Consumer Staples,LONG,0.004643122801314864,4643.122801314864,JBS,US_LISTED,USD,12.87,361,72118590.74170572,6.438177387498195e-05,0.002427230216683557,34.83058946391334,LOW,,0.024345422680992473,-0.14766044447938317,,0.004270614737961786,0.9854457314109761,"Dados reais (Yahoo Finance, B3, FINRA, BCB); carteira simulada com execução hipotética."
BR_AXIA,Axia Energia (ex-Eletrobras),BR,Utilities,LONG,0.0043934379502088535,4393.437950208853,AXIA3.SA,LOCAL,BRL,59.85,366,153300453.41900033,2.8659001667794955e-05,0.0011254849163318944,10.41609261835419,LOW,,0.015544954452467372,-0.015994132809169316,,0.0021736595940426914,1.3487237508165963,"Dados reais (Yahoo Finance, B3, FINRA, BCB); carteira simulada com execução hipotética."
AR_IRSA,IRSA,AR,Real Estate,LONG,0.0037059290344960277,3705.9290344960277,IRS,ADR,USD,13.53,274,2400633.877426804,0.0015437293747051282,0.061350595486626296,27.63549161136879,LOW,,0.02642693725745322,0.4703598046361215,,0.0002831483006607196,0.7620084356304246,"Dados reais (Yahoo Finance, B3, FINRA, BCB); carteira simulada com execução hipotética."
AR_MACRO,Banco Macro,AR,Financials,LONG,0.003680652910595262,3680.652910595262,BMA,ADR,USD,65.68,56,23323572.91061664,0.0001578082794047334,0.009118056334469956,11.12591037576656,LOW,,0.007250217720280865,0.9259799914738955,,-0.0003288281034864721,1.0471636476029402,"Dados reais (Yahoo Finance, B3, FINRA, BCB); carteira simulada com execução hipotética."
BR_AMBEV,Ambev,BR,Consumer Staples,LONG,0.0031129188745946876,3112.9188745946876,ABEV,ADR,USD,3.175,980,83169681.20141105,3.7428529599099555e-05,0.002321135106906173,17.931639287513963,LOW,,0.013712994252492786,0.7347580056505407,,0.0012484183965423433,1.10984511074625,"Dados reais (Yahoo Finance, B3, FINRA, BCB); carteira simulada com execução hipotética."
MX_AMX,América Móvil,MX,Communication Services,LONG,0.0029710384360355922,2971.0384360355924,AMX,ADR,USD,21.62,137,63797270.882185794,4.6569992649406575e-05,0.0020416442331948836,9.374117618823528,LOW,,0.007232047013418668,0.3914408533710852,,0.00013422471724601416,0.31060269600565354,"Dados reais (Yahoo Finance, B3, FINRA, BCB); carteira simulada com execução hipotética."
BR_SAOMARTINHO,São Martinho,BR,Consumer Staples,LONG,0.0029629422121602586,2962.942212160259,SMTO3.SA,LOCAL,BRL,20.7,714,6927313.950073593,0.00042771877144802737,0.019095882631229043,23.163971825804452,LOW,,0.04934158437111429,1.0580764430513774,,0.0036568503475435223,1.158439894391302,"Dados reais (Yahoo Finance, B3, FINRA, BCB); carteira simulada com execução hipotética."
BR_STONE,StoneCo,BR,Financials,LONG,0.002895379050951597,2895.379050951597,STNE,US_LISTED,USD,11.935,243,57090876.06109642,5.0715267494810825e-05,0.0022019240308182846,29.482322067456174,LOW,,0.02209293986294289,-0.922315679599391,,0.002066585503527589,1.5967585320281634,"Dados reais (Yahoo Finance, B3, FINRA, BCB); carteira simulada com execução hipotética."
BR_ITAU,Itaú Unibanco,BR,Financials,LONG,0.002699794210261524,2699.794210261524,ITUB,ADR,USD,9.98,271,208988289.880102,1.291839945582795e-05,0.0005835530087582644,70.0,HIGH,,0.004365309850171815,-0.07469435306598037,,0.00043009277711942597,1.3853481629500604,"Dados reais (Yahoo Finance, B3, FINRA, BCB); carteira simulada com execução hipotética."
AR_TGS,Transportadora de Gas del Sur,AR,Energy,LONG,0.002136323731921574,2136.323731921574,TGS,ADR,USD,26.08,82,6172158.036513219,0.00034612265584962697,0.014427161848784217,6.9931944657196174,LOW,,0.017656586050468003,0.31801920071039985,,6.279437348247013e-05,0.670225918485458,"Dados reais (Yahoo Finance, B3, FINRA, BCB); carteira simulada com execução hipotética."
BR_PATRIA,Patria Investments,BR,Financials,SHORT,-0.022254705227655464,-22254.705227655464,PAX,US_LISTED,USD,11.385,-1955,12562656.575232115,0.0017714967446878786,0.06755473703494061,31.05892930165303,LOW,0.003,-0.05923500567451823,-2.170561931060365,,0.07603059283978753,1.1095004310664056,"Dados reais (Yahoo Finance, B3, FINRA, BCB); carteira simulada com execução hipotética."
BR_INTER,Inter&Co,BR,Financials,SHORT,-0.020559138660842115,-20559.138660842116,INTR,US_LISTED,USD,7.4,-2778,32503705.874843832,0.0006325167579354026,0.029759752231486074,26.60293296537609,LOW,0.003,-0.045844067412946256,-2.6259721102001436,,0.06321797262515,1.6934561312900098,"Dados reais (Yahoo Finance, B3, FINRA, BCB); carteira simulada com execução hipotética."
BR_ULTRAPAR,Ultrapar,BR,Energy,SHORT,-0.018105787695992713,-18105.787695992713,UGPA3.SA,LOCAL,BRL,39.72,-2274,71104086.46205114,0.0002546377936471475,0.008820812543554879,10.987588546837216,LOW,0.004200000000000001,-0.033382215414615904,-0.30017320087684934,,0.03357727706937553,1.101107134364504,"Dados reais (Yahoo Finance, B3, FINRA, BCB); carteira simulada com execução hipotética."
BR_BRADESCO,Banco Bradesco,BR,Financials,SHORT,-0.013365450926392738,-13365.450926392738,BBDC4.SA,LOCAL,BRL,21.6,-3087,160880496.3607047,8.307688768206256e-05,0.0033426664089901063,30.3049128843017,LOW,0.0059,-0.021206789578158483,-1.1465092375856605,,0.008790848905064569,1.4564440476936127,"Dados reais (Yahoo Finance, B3, FINRA, BCB); carteira simulada com execução hipotética."
MX_FEMSA,FEMSA,MX,Consumer Staples,SHORT,-0.012499968391754598,-12499.968391754597,FMX,ADR,USD,118.445,-106,53618444.21547299,0.00023312814414237345,0.009154553381600004,13.004426901130193,LOW,0.003,-0.00764352935335096,0.6584295702250832,,0.0033256563794704344,0.3002998118245343,"Dados reais (Yahoo Finance, B3, FINRA, BCB); carteira simulada com execução hipotética."
BR_EQUATORIAL,Equatorial,BR,Utilities,SHORT,-0.01249995351238758,-12499.95351238758,EQTL3.SA,LOCAL,BRL,50.63,-1232,79546417.4267347,0.00015714037057546325,0.006930867017439527,16.373696466389905,LOW,0.0005,-0.01513469495820248,-1.1175147369818859,,0.006309366588570241,1.3967442165406736,"Dados reais (Yahoo Finance, B3, FINRA, BCB); carteira simulada com execução hipotética."
MX_CEMEX,Cemex,MX,Materials,SHORT,-0.012499939686000694,-12499.939686000693,CX,ADR,USD,9.46,-1321,74783301.77145527,0.00016714880715218582,0.010570793814035816,4.888850187547092,LOW,0.003,-0.010158699174548577,-0.33922133242992003,,0.006856649778057202,0.58179520434959,"Dados reais (Yahoo Finance, B3, FINRA, BCB); carteira simulada com execução hipotética."
AR_YPF,YPF,AR,Energy,SHORT,-0.012354050298391676,-12354.050298391676,YPF,ADR,USD,50.865,-243,60028874.30717412,0.00020580179856738093,0.008318807285848518,11.145046773438194,LOW,0.003,-0.01769713473210483,1.0143744346329826,,0.00766952334625556,0.37444733366326194,"Dados reais (Yahoo Finance, B3, FINRA, BCB); carteira simulada com execução hipotética."
BR_ALLOS,Allos,BR,Real Estate,SHORT,-0.011731356548731234,-11731.356548731233,ALOS3.SA,LOCAL,BRL,35.65,-1642,29393867.11120753,0.00039910898774725043,0.017606461520948902,32.84207297703248,LOW,0.0008999999999999999,-0.015664663274384632,-0.6148352359583767,,0.007676450199128408,1.3420290146901515,"Dados reais (Yahoo Finance, B3, FINRA, BCB); carteira simulada com execução hipotética."
BR_VIBRA,Vibra Energia,BR,Energy,SHORT,-0.01124614775777392,-11246.14775777392,VBBR3.SA,LOCAL,BRL,38.25,-1467,77055915.78297521,0.00014594788269661513,0.004840356805321383,7.050489501289503,LOW,0.0009000000000000001,-0.01884854713574609,-0.008987960988395494,,0.012018876024408303,1.1446570114696661,"Dados reais (Yahoo Finance, B3, FINRA, BCB); carteira simulada com execução hipotética."
AR_ADECOAGRO,Adecoagro,AR,Consumer Staples,SHORT,-0.010946642644487591,-10946.64264448759,AGRO,US_LISTED,USD,10.47,-1046,8207477.65991902,0.0013337401694000586,0.05604362973448915,19.711014041068037,LOW,0.003,-0.037047009491605755,-0.20281220442257047,,0.018369054468208364,0.4429276947388365,"Dados reais (Yahoo Finance, B3, FINRA, BCB); carteira simulada com execução hipotética."
BR_BRAVA,Brava Energia,BR,Energy,SHORT,-0.010935308836361868,-10935.308836361868,BRAV3.SA,LOCAL,BRL,20.68,-2638,21114502.27609815,0.000517905120062468,0.03964825996599441,29.409522825296396,LOW,0.015600000000000001,-0.039895270244835405,-0.964850958800168,,0.01935045462349784,1.0999336305980667,"Dados reais (Yahoo Finance, B3, FINRA, BCB); carteira simulada com execução hipotética."
BR_SANEPAR,Sanepar,BR,Utilities,SHORT,-0.010527650886845192,-10527.650886845193,SAPR11.SA,LOCAL,BRL,45.41,-1157,10208327.767068012,0.001031280649197738,0.04147433632868102,22.30862891628926,LOW,0.0007000000000000002,-0.020978307169505123,-1.0671576592811827,,0.011891046968265257,1.3449272514304065,"Dados reais (Yahoo Finance, B3, FINRA, BCB); carteira simulada com execução hipotética."
AR_LAR,Lithium Argentina,AR,Materials,SHORT,-0.010232495131895388,-10232.495131895388,LAR,US_LISTED,USD,5.26,-1945,11632003.290172271,0.0008796846834234212,0.04559963423615541,19.113822000688497,LOW,0.003,-0.05083989991420709,-0.6453636136500516,,0.02376130783765585,1.1627387941620877,"Dados reais (Yahoo Finance, B3, FINRA, BCB); carteira simulada com execução hipotética."
MX_ASUR,Grupo Aeroportuario del Sureste,MX,Industrials,SHORT,-0.010178436446753128,-10178.436446753129,ASR,ADR,USD,228.56,-45,15972842.019091997,0.0006372339020561939,0.02413512435191339,23.87750036153394,LOW,0.003,-0.002157546725099316,-0.005015720037491158,,0.001675509883277021,0.4444950414186883,"Dados reais (Yahoo Finance, B3, FINRA, BCB); carteira simulada com execução hipotética."
BR_SIGMALITH,Sigma Lithium,BR,Materials,SHORT,-0.009966123503949193,-9966.123503949193,SGML,US_LISTED,USD,9.52,-1047,20826500.46959422,0.0004785308755303992,0.019176390906587362,19.729409045791208,LOW,0.003,-0.13681631136020303,-1.6702733321686865,,0.07712324659879412,1.7040046852438797,"Dados reais (Yahoo Finance, B3, FINRA, BCB); carteira simulada com execução hipotética."
BR_ALPARGATAS,Alpargatas,BR,Consumer Discretionary,SHORT,-0.008535444627510661,-8535.444627510662,ALPA4.SA,LOCAL,BRL,16.45,-2589,5521775.748286228,0.0015457789335540791,0.06678621018081031,25.494674428120724,LOW,0.0008,-0.017211214941964047,0.2174629478691786,,0.012211470295749271,1.3242356878409007,"Dados reais (Yahoo Finance, B3, FINRA, BCB); carteira simulada com execução hipotética."
LA_MELI,MercadoLibre,BR,Consumer Discretionary,SHORT,-0.008183820381193106,-8183.820381193106,MELI,US_LISTED,USD,1865.847,-4,946672704.1242816,8.644825551153435e-06,0.00027921536087012504,7.030588235294116,LOW,0.003,0.002001956751093984,-0.5782900535702044,,0.004528035903507329,1.1297497183418588,"Dados reais (Yahoo Finance, B3, FINRA, BCB); carteira simulada com execução hipotética."
CO_CIBEST,Grupo Cibest (ex-Bancolombia),CO,Financials,SHORT,-0.008085495973287742,-8085.495973287742,CIB,ADR,USD,94.1,-86,30045664.38421806,0.00026910691239481364,0.011618804207072052,4.64,LOW,0.003,-0.019667820818344003,-0.021792555396465036,,0.004352520953452503,0.7720610004684201,"Dados reais (Yahoo Finance, B3, FINRA, BCB); carteira simulada com execução hipotética."
BR_ORIZON,Orizon,BR,Industrials,SHORT,-0.007973301878862072,-7973.301878862072,ORVR3.SA,LOCAL,BRL,21.92,-1815,10249077.666836096,0.0007779531132505742,0.03336530962040188,23.780313512004525,LOW,0.0171,-0.03344334804481921,-0.029754866608860356,,0.004924658966934058,1.4881604441617529,"Dados reais (Yahoo Finance, B3, FINRA, BCB); carteira simulada com execução hipotética."
CL_BCHILE,Banco de Chile,CL,Financials,SHORT,-0.007181580028274565,-7181.580028274565,BCH,ADR,USD,38.715,-185,12838394.41329881,0.0005593830347535854,0.021883232814044546,9.300800324088598,LOW,0.003,-0.008770737399177945,0.21091691246771496,,0.0017921631399098897,0.7308325961488247,"Dados reais (Yahoo Finance, B3, FINRA, BCB); carteira simulada com execução hipotética."
BR_USIMINAS,Usiminas,BR,Materials,SHORT,-0.006843639694369014,-6843.639694369014,USIM5.SA,LOCAL,BRL,7.35,-4646,15347078.069280658,0.0004459246029423363,0.015292790206308284,24.310910478784766,LOW,0.00039999999999999996,-0.02598360795657133,-0.3186175129087027,,0.010822709747071203,1.2454863007877457,"Dados reais (Yahoo Finance, B3, FINRA, BCB); carteira simulada com execução hipotética."
LA_LILA,Liberty Latin America,LATAM,Communication Services,SHORT,-0.006657093570654961,-6657.093570654961,LILAK,US_LISTED,USD,8.415,-791,11083483.08033507,0.000600631906270182,0.020970757375685014,25.05896581575387,LOW,0.003,-0.028836059596856735,-1.5146414851437384,,0.0069809419138366635,0.135696671017467,"Dados reais (Yahoo Finance, B3, FINRA, BCB); carteira simulada com execução hipotética."
BR_EMBRAER,Embraer,BR,Industrials,SHORT,-0.006187000666897304,-6187.000666897304,EMBJ,ADR,USD,71.135,-87,92810294.10500535,6.666287103774658e-05,0.002171018407488039,4.145795427370734,LOW,0.003,-0.014291077938752497,-0.40712805014880205,,0.005365558252063404,1.14061996491121,"Dados reais (Yahoo Finance, B3, FINRA, BCB); carteira simulada com execução hipotética."
BR_REDEDOR,Rede D'Or São Luiz,BR,Health Care,SHORT,-0.005852770743903044,-5852.770743903045,RDOR3.SA,LOCAL,BRL,45.87,-637,54305757.28977832,0.00010777440617709017,0.005127786601001456,14.250526334744446,LOW,0.0005,-0.0063438289933272895,-0.1305272271502012,,0.0015467084367843643,1.3389601885592535,"Dados reais (Yahoo Finance, B3, FINRA, BCB); carteira simulada com execução hipotética."
LA_ARCOS,Arcos Dorados,LATAM,Consumer Discretionary,SHORT,-0.004951044529292491,-4951.044529292491,ARCO,US_LISTED,USD,7.72,-641,11086225.786685951,0.0004465942354555387,0.017513848919581052,14.093537764320379,LOW,0.003,0.0018101389750061728,0.29711428662610057,,0.0009469063243318977,0.768570428808871,"Dados reais (Yahoo Finance, B3, FINRA, BCB); carteira simulada com execução hipotética."
BR_COPASA,Copasa,BR,Utilities,SHORT,-0.004550467162338481,-4550.467162338481,CSMG3.SA,LOCAL,BRL,65.31,-348,48424895.38706952,9.396958167830246e-05,0.003949803820543311,29.092263655808473,LOW,0.0013,-0.011046457224268712,-0.0314019738132526,,0.0028824620544134066,1.204469637848801,"Dados reais (Yahoo Finance, B3, FINRA, BCB); carteira simulada com execução hipotética."
BR_CBA,Companhia Brasileira de Alumínio,BR,Materials,SHORT,-0.0044600691679672535,-4460.069167967254,CBAV3.SA,LOCAL,BRL,11.21,-1985,6337555.185049671,0.0007037523205302548,0.035375498125424315,22.83828162817831,LOW,0.0006,-0.022880972985209934,0.8861221429885756,-1.0,0.004100763209741916,0.8597590266277639,"Dados reais (Yahoo Finance, B3, FINRA, BCB); carteira simulada com execução hipotética."
BR_KLABIN,Klabin,BR,Materials,SHORT,-0.0043443313615735835,-4344.331361573583,KLBN11.SA,LOCAL,BRL,18.34,-1182,19713647.77013923,0.0002203717653997072,0.008361306064383279,22.674245820732448,LOW,0.0015,-0.01073690493270697,-1.0665087723570341,,0.0004795834815459254,0.8553366068700086,"Dados reais (Yahoo Finance, B3, FINRA, BCB); carteira simulada com execução hipotética."
LA_DLOCAL,dLocal,UY,Financials,SHORT,-0.004253122664168238,-4253.122664168238,DLO,US_LISTED,USD,15.23,-279,29178300.589748822,0.00014576320684222722,0.006650884512455916,42.686269753149624,MEDIUM,0.003,-0.010365331527957171,-1.059545299393385,,0.0015817517687737193,0.891388687091107,"Dados reais (Yahoo Finance, B3, FINRA, BCB); carteira simulada com execução hipotética."
BR_CEMIG,Cemig,BR,Utilities,SHORT,-0.0042255151141153005,-4225.5151141153,CMIG4.SA,LOCAL,BRL,12.21,-1727,33215124.473028388,0.00012721659729279463,0.004856159494505336,12.937484109362074,LOW,0.0004,-0.0024040020534966226,-0.11590123226287781,,0.00041379689053493504,1.2238241069051163,"Dados reais (Yahoo Finance, B3, FINRA, BCB); carteira simulada com execução hipotética."
BR_SABESP,Sabesp,BR,Utilities,SHORT,-0.003964813215635943,-3964.8132156359434,SBSP3.SA,LOCAL,BRL,33.63,-588,113562331.1218206,3.491310169903793e-05,0.001437462667913066,16.01069153933164,LOW,0.0005,-0.008434977959378184,-0.9869458814836064,,0.0008501729797615287,1.2687322031367254,"Dados reais (Yahoo Finance, B3, FINRA, BCB); carteira simulada com execução hipotética."
BR_BANRISUL,Banrisul,BR,Financials,SHORT,-0.0038534340956059517,-3853.434095605952,BRSR6.SA,LOCAL,BRL,18.59,-1034,5618813.85795761,0.0006858091748578839,0.04080411226510025,19.35012845369287,LOW,0.0011000000000000003,-0.008974618935157998,0.4257819502637955,,0.0013835751812313704,1.5048967669418918,"Dados reais (Yahoo Finance, B3, FINRA, BCB); carteira simulada com execução hipotética."
MX_OMA,Grupo Aeroportuario Centro Norte,MX,Industrials,SHORT,-0.0030132456415204335,-3013.2456415204333,OMAB,ADR,USD,90.45,-33,10518392.053548845,0.000286473980640775,0.009806516727139121,15.702710665682556,LOW,0.003,-0.003544296006628933,0.333920072200679,,-7.038937757649436e-05,0.45731686717073033,"Dados reais (Yahoo Finance, B3, FINRA, BCB); carteira simulada com execução hipotética."
CL_BSAC,Banco Santander-Chile,CL,Financials,SHORT,-0.0025336445109724777,-2533.6445109724777,BSAC,ADR,USD,32.18,-79,10629680.479475178,0.00023835566044197521,0.009662957248298338,6.696839832528606,LOW,0.003,-0.005413376830237768,0.4847581740611861,,0.00021724677251481344,0.7144603101325095,"Dados reais (Yahoo Finance, B3, FINRA, BCB); carteira simulada com execução hipotética."
BR_ENGIE,Engie Brasil Energia,BR,Utilities,SHORT,-0.002058716874058485,-2058.716874058485,EGIE3.SA,LOCAL,BRL,31.87,-322,24578724.48437976,8.376011844580617e-05,0.005126801388682641,10.696079335605468,LOW,0.00019999999999999998,-0.005700413190961313,-0.601905518872737,,3.554679968985181e-05,1.2519141743686992,"Dados reais (Yahoo Finance, B3, FINRA, BCB); carteira simulada com execução hipotética."
