issuer_id,ticker,action,shares,notional_usd,weight_change,pct_adtv,est_cost_bps,est_days,currency,data_notice
AR_LAR,LAR,SHORT,118080,661248.6498941416,-0.006612486498941416,0.0559426381393581,72.04992188150277,0.2797131906967905,USD,"Dados reais (Yahoo Finance, B3, FINRA, BCB); paper trading com execução hipotética."
BR_ALLOS,ALOS3.SA,SHORT,162800,1098439.7931003757,-0.010984397931003757,0.0448376474023171,47.40895197434586,0.2241882370115855,BRL,"Dados reais (Yahoo Finance, B3, FINRA, BCB); paper trading com execução hipotética."
BR_ALUPAR,ALUP11.SA,BUY,70400,509652.142168606,0.00509652142168606,0.08179354223036993,57.1006836161229,0.4089677111518496,BRL,"Dados reais (Yahoo Finance, B3, FINRA, BCB); paper trading com execução hipotética."
BR_AMBEV,ABEV,BUY,86740,286243.5004213212,0.002862435004213212,0.0035621282841393704,11.49135711311444,0.01781064142069685,USD,"Dados reais (Yahoo Finance, B3, FINRA, BCB); paper trading com execução hipotética."
BR_AURA,AUGO,BUY,2727,227023.83866657258,0.002270238386665726,0.003150699551575532,19.79363048332787,0.015753497757877658,USD,"Dados reais (Yahoo Finance, B3, FINRA, BCB); paper trading com execução hipotética."
BR_AXIA,AXIA3.SA,BUY,21800,267343.0406707729,0.0026734304067077288,0.0019891782953837507,16.448244505503464,0.009945891476918753,BRL,"Dados reais (Yahoo Finance, B3, FINRA, BCB); paper trading com execução hipotética."
BR_CXSEG,CXSE3.SA,BUY,341000,1446638.6791690786,0.014466386791690785,0.06177276263299466,43.3778088713385,0.30886381316497324,BRL,"Dados reais (Yahoo Finance, B3, FINRA, BCB); paper trading com execução hipotética."
BR_EMBRAER,EMBJ,SHORT,29311,2239393.1811154783,-0.02239393181115478,0.02560781992264508,22.050142217451228,0.1280390996132254,USD,"Dados reais (Yahoo Finance, B3, FINRA, BCB); paper trading com execução hipotética."
BR_ENGIE,EGIE3.SA,SHORT,110300,718895.4565761206,-0.007188954565761206,0.03105392053181684,37.75286768415404,0.15526960265908418,BRL,"Dados reais (Yahoo Finance, B3, FINRA, BCB); paper trading com execução hipotética."
BR_ERO,ERO,BUY,12666,489317.28662591527,0.004893172866259152,0.010856782731273324,34.57108172332244,0.05428391365636662,USD,"Dados reais (Yahoo Finance, B3, FINRA, BCB); paper trading com execução hipotética."
BR_FLEURY,FLRY3.SA,SHORT,229400,1137360.215830988,-0.01137360215830988,0.07725116660181647,61.12405237700818,0.38625583300908234,BRL,"Dados reais (Yahoo Finance, B3, FINRA, BCB); paper trading com execução hipotética."
BR_GOAU,GOAU4.SA,SHORT,208900,497751.2962835247,-0.004977512962835247,0.027427984027918684,36.96379075843962,0.13713992013959342,BRL,"Dados reais (Yahoo Finance, B3, FINRA, BCB); paper trading com execução hipotética."
BR_HYPERA,HYPE3.SA,BUY,70400,396673.7394171793,0.003966737394171793,0.028963223976988316,49.94635953893726,0.14481611988494156,BRL,"Dados reais (Yahoo Finance, B3, FINRA, BCB); paper trading com execução hipotética."
BR_IRB,IRBR3.SA,BUY,18900,250243.79223167765,0.0025024379223167765,0.030851466248047067,48.20988487445151,0.15425733124023533,BRL,"Dados reais (Yahoo Finance, B3, FINRA, BCB); paper trading com execução hipotética."
BR_ISAENERGIA,ISAE4.SA,BUY,146300,883800.1360114263,0.008838001360114263,0.04261376043281209,42.08313110717354,0.21306880216406046,BRL,"Dados reais (Yahoo Finance, B3, FINRA, BCB); paper trading com execução hipotética."
BR_ITAUSA,ITSA4.SA,SHORT,203800,664523.7365694218,-0.006645237365694218,0.011140034184500987,26.655725876067432,0.055700170922504934,BRL,"Dados reais (Yahoo Finance, B3, FINRA, BCB); paper trading com execução hipotética."
BR_JBS,JBS,BUY,130387,1556167.550852966,0.01556167550852966,0.022648331872945016,26.807193430628363,0.11324165936472508,USD,"Dados reais (Yahoo Finance, B3, FINRA, BCB); paper trading com execução hipotética."
BR_KLABIN,KLBN11.SA,SHORT,247600,925399.2845459462,-0.009253992845459462,0.05054463175025212,34.82157693510327,0.25272315875126056,BRL,"Dados reais (Yahoo Finance, B3, FINRA, BCB); paper trading com execução hipotética."
BR_MBRF,MBRF3.SA,SHORT,161600,624999.8424956091,-0.006249998424956091,0.03219938779930661,55.11643704811598,0.16099693899653306,BRL,"Dados reais (Yahoo Finance, B3, FINRA, BCB); paper trading com execução hipotética."
BR_MOURADUBEUX,MDNE3.SA,BUY,109500,651400.1985525966,0.0065140019855259666,0.10589997269582153,92.59922512189465,0.5294998634791076,BRL,"Dados reais (Yahoo Finance, B3, FINRA, BCB); paper trading com execução hipotética."
BR_PAGS,PAGS,BUY,138760,1537317.4706982411,0.015373174706982412,0.05743608775265399,60.57429684617626,0.28718043876326993,USD,"Dados reais (Yahoo Finance, B3, FINRA, BCB); paper trading com execução hipotética."
BR_PATRIA,PAX,SHORT,113020,1249999.770745118,-0.01249999770745118,0.10558439166277785,54.82665713158211,0.5279219583138892,USD,"Dados reais (Yahoo Finance, B3, FINRA, BCB); paper trading com execução hipotética."
BR_PETROBRAS,PBR,BUY,81501,1959697.9786664883,0.019596979786664883,0.0053765447181382394,15.759853062687272,0.026882723590691198,USD,"Dados reais (Yahoo Finance, B3, FINRA, BCB); paper trading com execução hipotética."
BR_PORTO,PSSA3.SA,BUY,82400,854334.9218981047,0.008543349218981047,0.05477814535154746,43.44513229419035,0.2738907267577373,BRL,"Dados reais (Yahoo Finance, B3, FINRA, BCB); paper trading com execução hipotética."
BR_PRIO,PRIO3.SA,BUY,22000,280477.6399738152,0.002804776399738152,0.003207229510482987,18.320636710561082,0.016036147552414937,BRL,"Dados reais (Yahoo Finance, B3, FINRA, BCB); paper trading com execução hipotética."
BR_REDEDOR,RDOR3.SA,SHORT,117000,1036558.4436898811,-0.010365584436898811,0.02226203811202415,39.150831152940235,0.11131019056012076,BRL,"Dados reais (Yahoo Finance, B3, FINRA, BCB); paper trading com execução hipotética."
BR_SANTANDER,SANB11.SA,SHORT,36500,208066.7186956299,-0.002080667186956299,0.007833587140396546,28.467859538142697,0.03916793570198273,BRL,"Dados reais (Yahoo Finance, B3, FINRA, BCB); paper trading com execução hipotética."
BR_SAOMARTINHO,SMTO3.SA,BUY,183900,718034.5704631659,0.007180345704631659,0.1092229209501865,83.01013943163557,0.5461146047509325,BRL,"Dados reais (Yahoo Finance, B3, FINRA, BCB); paper trading com execução hipotética."
BR_SUZANO,SUZB3.SA,BUY,233000,1972620.468629387,0.01972620468629387,0.036909609271562255,31.451965384964808,0.18454804635781125,BRL,"Dados reais (Yahoo Finance, B3, FINRA, BCB); paper trading com execução hipotética."
BR_TENDA,TEND3.SA,BUY,195300,1216697.6099188488,0.012166976099188489,0.06085707336206541,65.27608922803236,0.30428536681032703,BRL,"Dados reais (Yahoo Finance, B3, FINRA, BCB); paper trading com execução hipotética."
BR_ULTRAPAR,UGPA3.SA,SHORT,156900,1249999.822693018,-0.01249999822693018,0.0173948350255821,28.84689447338884,0.0869741751279105,BRL,"Dados reais (Yahoo Finance, B3, FINRA, BCB); paper trading com execução hipotética."
BR_USIMINAS,USIM5.SA,SHORT,971600,1466774.6583155985,-0.014667746583155984,0.0971237459560538,73.8591658930762,0.48561872978026904,BRL,"Dados reais (Yahoo Finance, B3, FINRA, BCB); paper trading com execução hipotética."
BR_VALE,VALE,SHORT,70991,1014893.9455047286,-0.010148939455047285,0.0026704925059736683,10.882558506828705,0.013352462529868341,USD,"Dados reais (Yahoo Finance, B3, FINRA, BCB); paper trading com execução hipotética."
BR_WEG,WEGE3.SA,BUY,62000,629370.862324749,0.00629370862324749,0.008214125181859707,20.9933169421589,0.04107062590929853,BRL,"Dados reais (Yahoo Finance, B3, FINRA, BCB); paper trading com execução hipotética."
CL_LATAM,LTM,BUY,39139,1999999.29620359,0.0199999929620359,0.05016886804561329,25.32820456141633,0.25084434022806645,USD,"Dados reais (Yahoo Finance, B3, FINRA, BCB); paper trading com execução hipotética."
CO_CIBEST,CIB,SHORT,13345,1249992.4249749584,-0.012499924249749585,0.04304128741625444,34.17255895606332,0.21520643708127218,USD,"Dados reais (Yahoo Finance, B3, FINRA, BCB); paper trading com execução hipotética."
CO_ECOPETROL,EC,SHORT,56486,959698.5012953475,-0.009596985012953474,0.030468625962576233,30.627553195711922,0.15234312981288115,USD,"Dados reais (Yahoo Finance, B3, FINRA, BCB); paper trading com execução hipotética."
CO_GEOPARK,GPRK,BUY,59168,654400.9660995584,0.006544009660995584,0.08475924267952777,64.45791896454399,0.42379621339763884,USD,"Dados reais (Yahoo Finance, B3, FINRA, BCB); paper trading com execução hipotética."
LA_DLOCAL,DLO,SHORT,70015,1036216.2309827316,-0.010362162309827316,0.03559950084279819,35.25951043759332,0.17799750421399096,USD,"Dados reais (Yahoo Finance, B3, FINRA, BCB); paper trading com execução hipotética."
LA_FORTUNA,FSM,BUY,67461,748142.6015804203,0.007481426015804203,0.013205248572875982,26.594832052354175,0.0660262428643799,USD,"Dados reais (Yahoo Finance, B3, FINRA, BCB); paper trading com execução hipotética."
LA_LILA,LILAK,SHORT,231014,1989028.5234438942,-0.01989028523443894,0.17728781786541603,68.08184844044807,0.8864390893270802,USD,"Dados reais (Yahoo Finance, B3, FINRA, BCB); paper trading com execução hipotética."
LA_PAAS,PAAS,BUY,11030,496222.02882919513,0.004962220288291951,0.002491454139354087,14.57881063666628,0.012457270696770434,USD,"Dados reais (Yahoo Finance, B3, FINRA, BCB); paper trading com execução hipotética."
MX_ENDEAVOUR,EXK,BUY,185016,1571712.7363448502,0.0157171273634485,0.02050136909552833,43.84298886016699,0.10250684547764165,USD,"Dados reais (Yahoo Finance, B3, FINRA, BCB); paper trading com execução hipotética."
MX_FEMSA,FMX,SHORT,9859,1139415.3321827773,-0.011394153321827773,0.02061487020872371,19.684265868217622,0.10307435104361852,USD,"Dados reais (Yahoo Finance, B3, FINRA, BCB); paper trading com execução hipotética."
MX_VISTA,VIST,BUY,27803,1815120.9438028375,0.018151209438028375,0.02491510779259167,30.564708639293922,0.12457553896295835,USD,"Dados reais (Yahoo Finance, B3, FINRA, BCB); paper trading com execução hipotética."
PE_SCCO,SCCO,SHORT,6075,1249999.374028192,-0.012499993740281918,0.005763408231101134,18.691839945841668,0.02881704115550567,USD,"Dados reais (Yahoo Finance, B3, FINRA, BCB); paper trading com execução hipotética."
