industria_damodaran,beta_u_global,beta_u_em,financeira,data_ref,url
Bank (Money Center),0.36,0.30,true,2026-01-07,https://pages.stern.nyu.edu/~adamodar/pc/datasets/betaGlobal.xls
Banks (Regional),0.30,0.14,true,2026-01-07,https://pages.stern.nyu.edu/~adamodar/pc/datasets/betaGlobal.xls
Financial Svcs. (Non-bank & Insurance),0.30,0.40,true,2026-01-07,https://pages.stern.nyu.edu/~adamodar/pc/datasets/betaGlobal.xls
Brokerage & Investment Banking,0.49,0.42,true,2026-01-07,https://pages.stern.nyu.edu/~adamodar/pc/datasets/betaGlobal.xls
Oil/Gas (Integrated),0.63,0.74,false,2026-01-07,https://pages.stern.nyu.edu/~adamodar/pc/datasets/betaGlobal.xls
Oil/Gas (Production and Exploration),0.75,0.81,false,2026-01-07,https://pages.stern.nyu.edu/~adamodar/pc/datasets/betaGlobal.xls
Metals & Mining,1.13,1.40,false,2026-01-07,https://pages.stern.nyu.edu/~adamodar/pc/datasets/betaGlobal.xls
Precious Metals,1.37,1.50,false,2026-01-07,https://pages.stern.nyu.edu/~adamodar/pc/datasets/betaGlobal.xls
Steel,0.93,0.93,false,2026-01-07,https://pages.stern.nyu.edu/~adamodar/pc/datasets/betaGlobal.xls
Paper/Forest Products,0.61,0.56,false,2026-01-07,https://pages.stern.nyu.edu/~adamodar/pc/datasets/betaGlobal.xls
Utility (General),0.33,0.57,false,2026-01-07,https://pages.stern.nyu.edu/~adamodar/pc/datasets/betaGlobal.xls
Power,0.46,0.46,false,2026-01-07,https://pages.stern.nyu.edu/~adamodar/pc/datasets/betaGlobal.xls
Telecom. Services,0.50,0.61,false,2026-01-07,https://pages.stern.nyu.edu/~adamodar/pc/datasets/betaGlobal.xls
Beverage (Alcoholic),0.73,0.95,false,2026-01-07,https://pages.stern.nyu.edu/~adamodar/pc/datasets/betaGlobal.xls
Beverage (Soft),0.54,0.58,false,2026-01-07,https://pages.stern.nyu.edu/~adamodar/pc/datasets/betaGlobal.xls
Food Processing,0.56,0.61,false,2026-01-07,https://pages.stern.nyu.edu/~adamodar/pc/datasets/betaGlobal.xls
Retail (General),0.94,0.89,false,2026-01-07,https://pages.stern.nyu.edu/~adamodar/pc/datasets/betaGlobal.xls
Retail (Grocery and Food),0.69,0.86,false,2026-01-07,https://pages.stern.nyu.edu/~adamodar/pc/datasets/betaGlobal.xls
Software (System & Application),1.33,1.64,false,2026-01-07,https://pages.stern.nyu.edu/~adamodar/pc/datasets/betaGlobal.xls
Transportation,0.75,0.79,false,2026-01-07,https://pages.stern.nyu.edu/~adamodar/pc/datasets/betaGlobal.xls
Air Transport,0.68,0.59,false,2026-01-07,https://pages.stern.nyu.edu/~adamodar/pc/datasets/betaGlobal.xls
Real Estate (Development),0.45,0.45,false,2026-01-07,https://pages.stern.nyu.edu/~adamodar/pc/datasets/betaGlobal.xls
Total Market,0.83,0.85,false,2026-01-07,https://pages.stern.nyu.edu/~adamodar/pc/datasets/betaGlobal.xls
